{
  "actions": [
    {
      "acted_at": "2015-05-15T10:36:16-04:00", 
      "action_code": "H32111", 
      "how": "roll", 
      "references": [
        {
          "reference": "CR H3232-3233", 
          "type": "consideration"
        }
      ], 
      "result": "fail", 
      "roll": 237, 
      "text": "On agreeing to the Nadler amendment (A016) Failed by recorded vote: 178 - 242 (Roll no. 237).", 
      "type": "vote", 
      "vote_type": "vote", 
      "where": "h"
    }, 
    {
      "acted_at": "2015-05-14T20:38:44-04:00", 
      "action_code": "H3A100", 
      "references": [
        {
          "reference": "CR H3192-3194", 
          "type": "consideration"
        }, 
        {
          "reference": "CR H3192", 
          "type": "text"
        }
      ], 
      "text": "Amendment (A016) offered by Mr. Nadler.", 
      "type": "action"
    }, 
    {
      "acted_at": "2015-05-14", 
      "action_code": "", 
      "references": [], 
      "text": "", 
      "type": "action"
    }, 
    {
      "acted_at": "2015-05-14", 
      "action_code": "71000", 
      "references": [], 
      "text": "House amendment offered", 
      "type": "action"
    }, 
    {
      "acted_at": "2015-05-14T20:38:44-04:00", 
      "action_code": "71500", 
      "references": [
        {
          "reference": "CR H3192-3194", 
          "type": "consideration"
        }, 
        {
          "reference": "CR H3192", 
          "type": "text"
        }
      ], 
      "text": "House amendment offered/reported by : Amendment (A016) offered by Mr. Nadler.", 
      "type": "action"
    }, 
    {
      "acted_at": "2015-05-15T10:36:16-04:00", 
      "action_code": "73000", 
      "references": [
        {
          "reference": "CR H3232-3233", 
          "type": "consideration"
        }
      ], 
      "text": "House amendment not agreed to: On agreeing to the Nadler amendment (A016) Failed by recorded vote: 178 - 242 (Roll no. 237).", 
      "type": "action"
    }, 
    {
      "acted_at": "2015-05-15T10:36:16-04:00", 
      "action_code": "75000", 
      "references": [], 
      "text": "Roll call votes on amendments in House", 
      "type": "action"
    }, 
    {
      "acted_at": "2015-05-15T10:36:16-04:00", 
      "action_code": "77000", 
      "references": [], 
      "text": "Amendment failed in Committee of the Whole", 
      "type": "action"
    }
  ], 
  "amendment_id": "hamdt231-114", 
  "amendment_type": "hamdt", 
  "amends_amendment": null, 
  "amends_bill": {
    "bill_id": "hr1735-114", 
    "bill_type": "hr", 
    "congress": 114, 
    "number": 1735
  }, 
  "amends_treaty": null, 
  "chamber": "h", 
  "congress": "114", 
  "description": "Amendment sought to strike sec. 3121 which places limits on funding for dismantlement of nuclear weapons.", 
  "introduced_at": "2015-05-14", 
  "number": 231, 
  "purpose": "An amendment No. 41 printed in House Report 114-112 to strike sec. 3121 which places limits on funding for dismantlement of nuclear weapons.", 
  "sponsor": {
    "bioguide_id": "N000002", 
    "district": "10", 
    "name": "Nadler, Jerrold", 
    "state": "NY", 
    "thomas_id": "00850", 
    "title": "Rep", 
    "type": "person"
  }, 
  "status": "fail", 
  "status_at": "2015-05-15T10:36:16-04:00", 
  "updated_at": "2016-06-15T13:41:50Z"
}