{
  "actions": [
    {
      "acted_at": "2015-04-16", 
      "action_code": "", 
      "references": [], 
      "text": "", 
      "type": "action"
    }, 
    {
      "acted_at": "2015-04-16", 
      "action_code": "71000", 
      "references": [], 
      "text": "House amendment offered", 
      "type": "action"
    }
  ], 
  "amendment_id": "hamdt88-114", 
  "amendment_type": "hamdt", 
  "amends_amendment": null, 
  "amends_bill": {
    "bill_id": "hr1105-114", 
    "bill_type": "hr", 
    "congress": 114, 
    "number": 1105
  }, 
  "amends_treaty": null, 
  "chamber": "h", 
  "congress": "114", 
  "description": null, 
  "introduced_at": "2015-04-16", 
  "number": 88, 
  "purpose": "Pursuant to H. Res. 200, the amendment in the nature of a substitute recommended by the Committee on Ways and Means, printed in the bill, modified by the amendment printed in Part B of House Rept. 114-74 is adopted.", 
  "sponsor": {
    "name": "House Rules", 
    "type": "committee"
  }, 
  "status": "offered", 
  "status_at": "2015-04-16", 
  "updated_at": "2016-08-03T15:26:30Z"
}