{
  "actions": [
    {
      "acted_at": "2015-05-01T00:16:12-04:00", 
      "action_code": "H32111", 
      "how": "by voice vote", 
      "references": [], 
      "result": "pass", 
      "text": "On agreeing to the Abraham amendment (A047) Agreed to by voice vote.", 
      "type": "vote", 
      "vote_type": "vote", 
      "where": "h"
    }, 
    {
      "acted_at": "2015-05-01T00:05:31-04:00", 
      "action_code": "H3A100", 
      "references": [
        {
          "reference": "CR 04/30/2015 H2752-2753", 
          "type": "consideration"
        }, 
        {
          "reference": "CR 4/30/2015 H2752", 
          "type": "text"
        }
      ], 
      "text": "Amendment (A047) offered by Mr. Abraham.", 
      "type": "action"
    }, 
    {
      "acted_at": "2015-05-01", 
      "action_code": "", 
      "references": [], 
      "text": "", 
      "type": "action"
    }, 
    {
      "acted_at": "2015-05-01", 
      "action_code": "71000", 
      "references": [], 
      "text": "House amendment offered", 
      "type": "action"
    }, 
    {
      "acted_at": "2015-05-01T00:05:31-04:00", 
      "action_code": "71500", 
      "references": [
        {
          "reference": "CR 04/30/2015 H2752-2753", 
          "type": "consideration"
        }, 
        {
          "reference": "CR 4/30/2015 H2752", 
          "type": "text"
        }
      ], 
      "text": "House amendment offered/reported by : Amendment (A047) offered by Mr. Abraham.", 
      "type": "action"
    }, 
    {
      "acted_at": "2015-05-01T00:16:12-04:00", 
      "action_code": "72000", 
      "references": [], 
      "text": "House amendment agreed to: On agreeing to the Abraham amendment (A047) Agreed to by voice vote.", 
      "type": "action"
    }, 
    {
      "acted_at": "2015-05-01T00:16:12-04:00", 
      "action_code": "76000", 
      "references": [], 
      "text": "Amendment agreed to Committee of the Whole", 
      "type": "action"
    }
  ], 
  "amendment_id": "hamdt197-114", 
  "amendment_type": "hamdt", 
  "amends_amendment": null, 
  "amends_bill": {
    "bill_id": "hr2028-114", 
    "bill_type": "hr", 
    "congress": 114, 
    "number": 2028
  }, 
  "amends_treaty": null, 
  "chamber": "h", 
  "congress": "114", 
  "description": "Amendment prohibits use of funds to enforce Executive Order No. 13690 which establishes a Federal Flood Risk Management Standard that expands the area defined as flood plain and imposes additional standards on any Federal activities in such expanded flood plain.", 
  "introduced_at": "2015-05-01", 
  "number": 197, 
  "purpose": "An amendment to prohibit use of funds to implement Executive Order 13690 and Federal Flood Risk Management Standard.", 
  "sponsor": {
    "bioguide_id": "A000374", 
    "district": "5", 
    "name": "Abraham, Ralph Lee", 
    "state": "LA", 
    "thomas_id": "02244", 
    "title": "Rep", 
    "type": "person"
  }, 
  "status": "pass", 
  "status_at": "2015-05-01T00:16:12-04:00", 
  "updated_at": "2016-08-01T13:27:19Z"
}