{
  "actions": [
    {
      "acted_at": "2015-06-09T21:17:12-04:00", 
      "action_code": "H32111", 
      "how": "by voice vote", 
      "references": [], 
      "result": "pass", 
      "text": "On agreeing to the Bass amendment (A071) Agreed to by voice vote.", 
      "type": "vote", 
      "vote_type": "vote", 
      "where": "h"
    }, 
    {
      "acted_at": "2015-06-09T21:12:00-04:00", 
      "action_code": "H3A100", 
      "references": [
        {
          "reference": "CR H3982", 
          "type": "consideration"
        }, 
        {
          "reference": "CR H3982", 
          "type": "text"
        }
      ], 
      "text": "Amendment (A071) offered by Ms. Bass.", 
      "type": "action"
    }, 
    {
      "acted_at": "2015-06-09", 
      "action_code": "", 
      "references": [], 
      "text": "", 
      "type": "action"
    }, 
    {
      "acted_at": "2015-06-09", 
      "action_code": "71000", 
      "references": [], 
      "text": "House amendment offered", 
      "type": "action"
    }, 
    {
      "acted_at": "2015-06-09T21:12:00-04:00", 
      "action_code": "71500", 
      "references": [
        {
          "reference": "CR H3982", 
          "type": "consideration"
        }, 
        {
          "reference": "CR H3982", 
          "type": "text"
        }
      ], 
      "text": "House amendment offered/reported by : Amendment (A071) offered by Ms. Bass.", 
      "type": "action"
    }, 
    {
      "acted_at": "2015-06-09T21:17:12-04:00", 
      "action_code": "72000", 
      "references": [], 
      "text": "House amendment agreed to: On agreeing to the Bass amendment (A071) Agreed to by voice vote.", 
      "type": "action"
    }, 
    {
      "acted_at": "2015-06-09T21:17:12-04:00", 
      "action_code": "76000", 
      "references": [], 
      "text": "Amendment agreed to Committee of the Whole", 
      "type": "action"
    }
  ], 
  "amendment_id": "hamdt431-114", 
  "amendment_type": "hamdt", 
  "amends_amendment": null, 
  "amends_bill": {
    "bill_id": "hr2577-114", 
    "bill_type": "hr", 
    "congress": 114, 
    "number": 2577
  }, 
  "amends_treaty": null, 
  "chamber": "h", 
  "congress": "114", 
  "description": "Amendment prohibits DOT from issuing regulations that prevent local hiring.", 
  "introduced_at": "2015-06-09", 
  "number": 431, 
  "purpose": "An amendment to prohibit the use of funds by the FTA to implement, administer, or enforce section 18.36(c)(2) of title 49, for construction hiring purposes.", 
  "sponsor": {
    "bioguide_id": "B001270", 
    "district": "37", 
    "name": "Bass, Karen", 
    "state": "CA", 
    "thomas_id": "01996", 
    "title": "Rep", 
    "type": "person"
  }, 
  "status": "pass", 
  "status_at": "2015-06-09T21:17:12-04:00", 
  "updated_at": "2016-08-26T08:52:19Z"
}