{
  "actions": [
    {
      "acted_at": "2015-06-04T12:30:02-04:00", 
      "action_code": "H32111", 
      "how": "roll", 
      "references": [
        {
          "reference": "CR H3902-3903", 
          "type": "consideration"
        }
      ], 
      "result": "pass", 
      "roll": 307, 
      "text": "On agreeing to the Stivers amendment (A038) Agreed to by recorded vote: 224 - 198 (Roll no. 307).", 
      "type": "vote", 
      "vote_type": "vote", 
      "where": "h"
    }, 
    {
      "acted_at": "2015-06-04T00:13:59-04:00", 
      "action_code": "H3A100", 
      "references": [
        {
          "reference": "CR 6/3/2015 H3875-3876", 
          "type": "consideration"
        }, 
        {
          "reference": "CR 6/3/2015 H3875", 
          "type": "text"
        }
      ], 
      "text": "Amendment (A038) offered by Mr. Stivers.", 
      "type": "action"
    }, 
    {
      "acted_at": "2015-06-04", 
      "action_code": "", 
      "references": [], 
      "text": "", 
      "type": "action"
    }, 
    {
      "acted_at": "2015-06-04", 
      "action_code": "71000", 
      "references": [], 
      "text": "House amendment offered", 
      "type": "action"
    }, 
    {
      "acted_at": "2015-06-04T00:13:59-04:00", 
      "action_code": "71500", 
      "references": [
        {
          "reference": "CR 6/3/2015 H3875-3876", 
          "type": "consideration"
        }, 
        {
          "reference": "CR 6/3/2015 H3875", 
          "type": "text"
        }
      ], 
      "text": "House amendment offered/reported by : Amendment (A038) offered by Mr. Stivers.", 
      "type": "action"
    }, 
    {
      "acted_at": "2015-06-04T12:30:02-04:00", 
      "action_code": "72000", 
      "references": [
        {
          "reference": "CR H3902-3903", 
          "type": "consideration"
        }
      ], 
      "text": "House amendment agreed to: On agreeing to the Stivers amendment (A038) Agreed to by recorded vote: 224 - 198 (Roll no. 307).", 
      "type": "action"
    }, 
    {
      "acted_at": "2015-06-04T12:30:02-04:00", 
      "action_code": "75000", 
      "references": [], 
      "text": "Roll call votes on amendments in House", 
      "type": "action"
    }, 
    {
      "acted_at": "2015-06-04T12:30:02-04:00", 
      "action_code": "76000", 
      "references": [], 
      "text": "Amendment agreed to Committee of the Whole", 
      "type": "action"
    }
  ], 
  "amendment_id": "hamdt393-114", 
  "amendment_type": "hamdt", 
  "amends_amendment": null, 
  "amends_bill": {
    "bill_id": "hr2577-114", 
    "bill_type": "hr", 
    "congress": 114, 
    "number": 2577
  }, 
  "amends_treaty": null, 
  "chamber": "h", 
  "congress": "114", 
  "description": "Amendment prohibits use of funds during FY 2016 for the Private Enforcement Initiative.", 
  "introduced_at": "2015-06-04", 
  "number": 393, 
  "purpose": "An amendment to prohibit the use of funds for the Private Enforcment Initiative of the Fair Housing Initiatives Program under section 561(b) of the Housing and Community Development Act of 1987.", 
  "sponsor": {
    "bioguide_id": "S001187", 
    "district": "15", 
    "name": "Stivers, Steve", 
    "state": "OH", 
    "thomas_id": "02047", 
    "title": "Rep", 
    "type": "person"
  }, 
  "status": "pass", 
  "status_at": "2015-06-04T12:30:02-04:00", 
  "updated_at": "2016-08-26T08:52:19Z"
}