{
  "actions": [
    {
      "acted_at": "2015-06-03T13:48:58-04:00", 
      "action_code": "H32111", 
      "how": "roll", 
      "references": [
        {
          "reference": "CR H3781-3782", 
          "type": "consideration"
        }
      ], 
      "result": "fail", 
      "roll": 275, 
      "text": "On agreeing to the Pittenger amendment (A026) Failed by recorded vote: 163 - 263 (Roll no. 275).", 
      "type": "vote", 
      "vote_type": "vote", 
      "where": "h"
    }, 
    {
      "acted_at": "2015-06-02T19:03:00-04:00", 
      "action_code": "H3A100", 
      "references": [
        {
          "reference": "CR H3701-3702", 
          "type": "consideration"
        }, 
        {
          "reference": "CR H3701", 
          "type": "text"
        }
      ], 
      "text": "Amendment (A026) offered by Mr. Pittenger.", 
      "type": "action"
    }, 
    {
      "acted_at": "2015-06-02", 
      "action_code": "", 
      "references": [], 
      "text": "", 
      "type": "action"
    }, 
    {
      "acted_at": "2015-06-02", 
      "action_code": "71000", 
      "references": [], 
      "text": "House amendment offered", 
      "type": "action"
    }, 
    {
      "acted_at": "2015-06-02T19:03:00-04:00", 
      "action_code": "71500", 
      "references": [
        {
          "reference": "CR H3701-3702", 
          "type": "consideration"
        }, 
        {
          "reference": "CR H3701", 
          "type": "text"
        }
      ], 
      "text": "House amendment offered/reported by : Amendment (A026) offered by Mr. Pittenger.", 
      "type": "action"
    }, 
    {
      "acted_at": "2015-06-03T13:48:58-04:00", 
      "action_code": "73000", 
      "references": [
        {
          "reference": "CR H3781-3782", 
          "type": "consideration"
        }
      ], 
      "text": "House amendment not agreed to: On agreeing to the Pittenger amendment (A026) Failed by recorded vote: 163 - 263 (Roll no. 275).", 
      "type": "action"
    }, 
    {
      "acted_at": "2015-06-03T13:48:58-04:00", 
      "action_code": "75000", 
      "references": [], 
      "text": "Roll call votes on amendments in House", 
      "type": "action"
    }, 
    {
      "acted_at": "2015-06-03T13:48:58-04:00", 
      "action_code": "77000", 
      "references": [], 
      "text": "Amendment failed in Committee of the Whole", 
      "type": "action"
    }
  ], 
  "amendment_id": "hamdt294-114", 
  "amendment_type": "hamdt", 
  "amends_amendment": null, 
  "amends_bill": {
    "bill_id": "hr2578-114", 
    "bill_type": "hr", 
    "congress": 114, 
    "number": 2578
  }, 
  "amends_treaty": null, 
  "chamber": "h", 
  "congress": "114", 
  "description": "Amendment sought to increase funding for the FBI by $25 million and reduce funding for administrative provisions of the Legal Services Corporation by a similar amount.", 
  "introduced_at": "2015-06-02", 
  "number": 294, 
  "purpose": "An amendment to increase funding for the FBI by $25 million and to reduce funding for administrative provisions of the Legal Services Corporation by a similar amount.", 
  "sponsor": {
    "bioguide_id": "P000606", 
    "district": "9", 
    "name": "Pittenger, Robert", 
    "state": "NC", 
    "thomas_id": "02141", 
    "title": "Rep", 
    "type": "person"
  }, 
  "status": "fail", 
  "status_at": "2015-06-03T13:48:58-04:00", 
  "updated_at": "2016-08-01T13:27:41Z"
}