{
  "actions": [
    {
      "acted_at": "2015-02-05T11:18:05-05:00", 
      "action_code": "H32111", 
      "how": "roll", 
      "references": [], 
      "result": "fail", 
      "roll": 66, 
      "text": "On agreeing to the Jackson Lee amendment (A005) Failed by recorded vote: 172 - 248 (Roll no. 66).", 
      "type": "vote", 
      "vote_type": "vote", 
      "where": "h"
    }, 
    {
      "acted_at": "2015-02-05T10:31:26-05:00", 
      "action_code": "H3A100", 
      "references": [
        {
          "reference": "CR H828-830, H831", 
          "type": "consideration"
        }, 
        {
          "reference": "CR H828", 
          "type": "text"
        }
      ], 
      "text": "Amendment (A005) offered by Ms. Jackson Lee.", 
      "type": "action"
    }, 
    {
      "acted_at": "2015-02-05", 
      "action_code": "", 
      "references": [], 
      "text": "", 
      "type": "action"
    }, 
    {
      "acted_at": "2015-02-05", 
      "action_code": "71000", 
      "references": [], 
      "text": "House amendment offered", 
      "type": "action"
    }, 
    {
      "acted_at": "2015-02-05T10:31:26-05:00", 
      "action_code": "71500", 
      "references": [
        {
          "reference": "CR H828-830, H831", 
          "type": "consideration"
        }, 
        {
          "reference": "CR H828", 
          "type": "text"
        }
      ], 
      "text": "House amendment offered/reported by : Amendment (A005) offered by Ms. Jackson Lee.", 
      "type": "action"
    }, 
    {
      "acted_at": "2015-02-05T11:18:05-05:00", 
      "action_code": "73000", 
      "references": [], 
      "text": "House amendment not agreed to: On agreeing to the Jackson Lee amendment (A005) Failed by recorded vote: 172 - 248 (Roll no. 66).", 
      "type": "action"
    }, 
    {
      "acted_at": "2015-02-05T11:18:05-05:00", 
      "action_code": "75000", 
      "references": [], 
      "text": "Roll call votes on amendments in House", 
      "type": "action"
    }, 
    {
      "acted_at": "2015-02-05T11:18:05-05:00", 
      "action_code": "77000", 
      "references": [], 
      "text": "Amendment failed in Committee of the Whole", 
      "type": "action"
    }
  ], 
  "amendment_id": "hamdt20-114", 
  "amendment_type": "hamdt", 
  "amends_amendment": null, 
  "amends_bill": {
    "bill_id": "hr527-114", 
    "bill_type": "hr", 
    "congress": 114, 
    "number": 527
  }, 
  "amends_treaty": null, 
  "chamber": "h", 
  "congress": "114", 
  "description": "Amendment sought to exempt from the bill all regulations issued by the Food and Drug Administration relating to consumer safety, including those issued pursuant to the FDA Food Safety Modernization Act.", 
  "introduced_at": "2015-02-05", 
  "number": 20, 
  "purpose": null, 
  "sponsor": {
    "bioguide_id": "J000032", 
    "district": "18", 
    "name": "Jackson Lee, Sheila", 
    "state": "TX", 
    "thomas_id": "00588", 
    "title": "Rep", 
    "type": "person"
  }, 
  "status": "fail", 
  "status_at": "2015-02-05T11:18:05-05:00", 
  "updated_at": "2016-08-01T13:26:21Z"
}