{
  "actions": [
    {
      "acted_at": "2015-07-08T18:05:52-04:00", 
      "action_code": "H32111", 
      "how": "roll", 
      "references": [
        {
          "reference": "CR H4929", 
          "type": "consideration"
        }
      ], 
      "result": "fail", 
      "roll": 417, 
      "text": "On agreeing to the Polis amendment (A041) Failed by recorded vote: 205 - 224 (Roll no. 417).", 
      "type": "vote", 
      "vote_type": "vote", 
      "where": "h"
    }, 
    {
      "acted_at": "2015-02-26T22:26:26-05:00", 
      "action_code": "H3A100", 
      "references": [
        {
          "reference": "CR H1297-1299", 
          "type": "consideration"
        }, 
        {
          "reference": "CR H1297-1298", 
          "type": "text"
        }
      ], 
      "text": "Amendment (A041) offered by Mr. Polis.", 
      "type": "action"
    }, 
    {
      "acted_at": "2015-02-26", 
      "action_code": "", 
      "references": [], 
      "text": "", 
      "type": "action"
    }, 
    {
      "acted_at": "2015-02-26", 
      "action_code": "71000", 
      "references": [], 
      "text": "House amendment offered", 
      "type": "action"
    }, 
    {
      "acted_at": "2015-02-26T22:26:26-05:00", 
      "action_code": "71500", 
      "references": [
        {
          "reference": "CR H1297-1299", 
          "type": "consideration"
        }, 
        {
          "reference": "CR H1297-1298", 
          "type": "text"
        }
      ], 
      "text": "House amendment offered/reported by : Amendment (A041) offered by Mr. Polis.", 
      "type": "action"
    }, 
    {
      "acted_at": "2015-07-08T18:05:52-04:00", 
      "action_code": "73000", 
      "references": [
        {
          "reference": "CR H4929", 
          "type": "consideration"
        }
      ], 
      "text": "House amendment not agreed to: On agreeing to the Polis amendment (A041) Failed by recorded vote: 205 - 224 (Roll no. 417).", 
      "type": "action"
    }, 
    {
      "acted_at": "2015-07-08T18:05:52-04:00", 
      "action_code": "75000", 
      "references": [], 
      "text": "Roll call votes on amendments in House", 
      "type": "action"
    }, 
    {
      "acted_at": "2015-07-08T18:05:52-04:00", 
      "action_code": "77000", 
      "references": [], 
      "text": "Amendment failed in Committee of the Whole", 
      "type": "action"
    }
  ], 
  "amendment_id": "hamdt64-114", 
  "amendment_type": "hamdt", 
  "amends_amendment": null, 
  "amends_bill": {
    "bill_id": "hr5-114", 
    "bill_type": "hr", 
    "congress": 114, 
    "number": 5
  }, 
  "amends_treaty": null, 
  "chamber": "h", 
  "congress": "114", 
  "description": "Amendment sought to insert language authorizing funds for the Secretary of Education to provide grants for early-childhood education scholarships, professional development and licensing credentials, or increased compensation for educators who have attained specific qualifications. Amendment also sought to require each state that desires a grant to include a description of its comprehensive early childhood professional development system in its application, and grant recipients must maintain their fiscal effort for the activities supported by the grant funds for a fiscal year at levels equal to or greater than their fiscal effort for such activities during the preceding fiscal year.", 
  "introduced_at": "2015-02-26", 
  "number": 64, 
  "purpose": "An amendment No. 41 printed in part B of House Report 114-29 to authorize funds for the Secretary of Education to provide grants for early-childhood education scholarships, professional development and licensing credentials, or increased compensation for educators who have attained specific qualifications. Amendment also requires each state that desires a grant to include a description of its comprehensive early childhood professional development system in its application, and grant recipients must maintain their fiscal effort for the activities supported by the grant funds for a fiscal year at levels equal to or greater than their fiscal effort for such activities during the preceding fiscal year.", 
  "sponsor": {
    "bioguide_id": "P000598", 
    "district": "2", 
    "name": "Polis, Jared", 
    "state": "CO", 
    "thomas_id": "01910", 
    "title": "Rep", 
    "type": "person"
  }, 
  "status": "fail", 
  "status_at": "2015-07-08T18:05:52-04:00", 
  "updated_at": "2016-08-01T13:26:00Z"
}