{
  "actions": [
    {
      "acted_at": "2015-06-02T15:45:25-04:00", 
      "action_code": "H32140", 
      "references": [
        {
          "reference": "CR H3678", 
          "type": "consideration"
        }
      ], 
      "text": "By unanimous consent, the Poliquin amendment was withdrawn.", 
      "type": "action"
    }, 
    {
      "acted_at": "2015-06-02T15:38:39-04:00", 
      "action_code": "H3A100", 
      "references": [
        {
          "reference": "CR H3677-3678", 
          "type": "consideration"
        }, 
        {
          "reference": "CR H3677", 
          "type": "text"
        }
      ], 
      "text": "Amendment (A004) offered by Mr. Poliquin.", 
      "type": "action"
    }, 
    {
      "acted_at": "2015-06-02", 
      "action_code": "", 
      "references": [], 
      "text": "", 
      "type": "action"
    }, 
    {
      "acted_at": "2015-06-02", 
      "action_code": "71000", 
      "references": [], 
      "text": "House amendment offered", 
      "type": "action"
    }, 
    {
      "acted_at": "2015-06-02T15:38:39-04:00", 
      "action_code": "71500", 
      "references": [
        {
          "reference": "CR H3677-3678", 
          "type": "consideration"
        }, 
        {
          "reference": "CR H3677", 
          "type": "text"
        }
      ], 
      "text": "House amendment offered/reported by : Amendment (A004) offered by Mr. Poliquin.", 
      "type": "action"
    }
  ], 
  "amendment_id": "hamdt272-114", 
  "amendment_type": "hamdt", 
  "amends_amendment": null, 
  "amends_bill": {
    "bill_id": "hr2578-114", 
    "bill_type": "hr", 
    "congress": 114, 
    "number": 2578
  }, 
  "amends_treaty": null, 
  "chamber": "h", 
  "congress": "114", 
  "description": null, 
  "introduced_at": "2015-06-02", 
  "number": 272, 
  "purpose": "An amendment to increase funding for the Department of Commerce International Trade Administration Account by $44 million and reduce funding for the Bureau of the Census Current Surveys and Programs by $8 million and the Periodic Censuses and Progams by $36 million.", 
  "sponsor": {
    "bioguide_id": "P000611", 
    "district": "2", 
    "name": "Poliquin, Bruce", 
    "state": "ME", 
    "thomas_id": "02247", 
    "title": "Rep", 
    "type": "person"
  }, 
  "status": "offered", 
  "status_at": "2015-06-02", 
  "updated_at": "2016-08-01T13:27:41Z"
}