{
  "actions": [
    {
      "acted_at": "2015-06-03T14:08:46-04:00", 
      "action_code": "H32111", 
      "how": "roll", 
      "references": [
        {
          "reference": "CR H3784-3785", 
          "type": "consideration"
        }
      ], 
      "result": "pass", 
      "roll": 280, 
      "text": "On agreeing to the Bonamici amendment (A053) Agreed to by recorded vote: 282 - 146 (Roll no. 280).", 
      "type": "vote", 
      "vote_type": "vote", 
      "where": "h"
    }, 
    {
      "acted_at": "2015-06-02T23:16:46-04:00", 
      "action_code": "H3A100", 
      "references": [
        {
          "reference": "CR H3736-3737", 
          "type": "consideration"
        }, 
        {
          "reference": "CR H3736", 
          "type": "text"
        }
      ], 
      "text": "Amendment (A053) offered by Ms. Bonamici.", 
      "type": "action"
    }, 
    {
      "acted_at": "2015-06-02", 
      "action_code": "", 
      "references": [], 
      "text": "", 
      "type": "action"
    }, 
    {
      "acted_at": "2015-06-02", 
      "action_code": "71000", 
      "references": [], 
      "text": "House amendment offered", 
      "type": "action"
    }, 
    {
      "acted_at": "2015-06-02T23:16:46-04:00", 
      "action_code": "71500", 
      "references": [
        {
          "reference": "CR H3736-3737", 
          "type": "consideration"
        }, 
        {
          "reference": "CR H3736", 
          "type": "text"
        }
      ], 
      "text": "House amendment offered/reported by : Amendment (A053) offered by Ms. Bonamici.", 
      "type": "action"
    }, 
    {
      "acted_at": "2015-06-03T14:08:46-04:00", 
      "action_code": "72000", 
      "references": [
        {
          "reference": "CR H3784-3785", 
          "type": "consideration"
        }
      ], 
      "text": "House amendment agreed to: On agreeing to the Bonamici amendment (A053) Agreed to by recorded vote: 282 - 146 (Roll no. 280).", 
      "type": "action"
    }, 
    {
      "acted_at": "2015-06-03T14:08:46-04:00", 
      "action_code": "75000", 
      "references": [], 
      "text": "Roll call votes on amendments in House", 
      "type": "action"
    }, 
    {
      "acted_at": "2015-06-03T14:08:46-04:00", 
      "action_code": "76000", 
      "references": [], 
      "text": "Amendment agreed to Committee of the Whole", 
      "type": "action"
    }
  ], 
  "amendment_id": "hamdt321-114", 
  "amendment_type": "hamdt", 
  "amends_amendment": null, 
  "amends_bill": {
    "bill_id": "hr2578-114", 
    "bill_type": "hr", 
    "congress": 114, 
    "number": 2578
  }, 
  "amends_treaty": null, 
  "chamber": "h", 
  "congress": "114", 
  "description": "At the end of the bill (before the short title), insert the following:    SEC.___. None of the funds made available in this Act to the Department of Justice may be used to prevent a State from implementing its own State laws that authorize the use, distribution, possession, or cultivation of industrial hemp, as defined in section 7606 of the Agricultural Act of 2014 (Public Law 113-79).", 
  "introduced_at": "2015-06-02", 
  "number": 321, 
  "purpose": "An amendment numbered 9 printed in the Congressional Record to prohibit the use of funds to prevent a State from implementing its own State laws that authorize the use, distribution, possession, or cultivation of industrial hemp.", 
  "sponsor": {
    "bioguide_id": "B001278", 
    "district": "1", 
    "name": "Bonamici, Suzanne", 
    "state": "OR", 
    "thomas_id": "02092", 
    "title": "Rep", 
    "type": "person"
  }, 
  "status": "pass", 
  "status_at": "2015-06-03T14:08:46-04:00", 
  "updated_at": "2016-08-01T13:27:41Z"
}