{
  "actions": [
    {
      "acted_at": "2015-05-20T16:46:01-04:00", 
      "action_code": "H32111", 
      "how": "by voice vote", 
      "references": [], 
      "result": "pass", 
      "text": "On agreeing to the Crowley amendment (A005) Agreed to by voice vote.", 
      "type": "vote", 
      "vote_type": "vote", 
      "where": "h"
    }, 
    {
      "acted_at": "2015-05-20T16:38:49-04:00", 
      "action_code": "H3A100", 
      "references": [
        {
          "reference": "CR H3450-3451", 
          "type": "consideration"
        }, 
        {
          "reference": "CR H3450", 
          "type": "text"
        }
      ], 
      "text": "Amendment (A005) offered by Mr. Crowley.", 
      "type": "action"
    }, 
    {
      "acted_at": "2015-05-20", 
      "action_code": "", 
      "references": [], 
      "text": "", 
      "type": "action"
    }, 
    {
      "acted_at": "2015-05-20", 
      "action_code": "71000", 
      "references": [], 
      "text": "House amendment offered", 
      "type": "action"
    }, 
    {
      "acted_at": "2015-05-20T16:38:49-04:00", 
      "action_code": "71500", 
      "references": [
        {
          "reference": "CR H3450-3451", 
          "type": "consideration"
        }, 
        {
          "reference": "CR H3450", 
          "type": "text"
        }
      ], 
      "text": "House amendment offered/reported by : Amendment (A005) offered by Mr. Crowley.", 
      "type": "action"
    }, 
    {
      "acted_at": "2015-05-20T16:46:01-04:00", 
      "action_code": "72000", 
      "references": [], 
      "text": "House amendment agreed to: On agreeing to the Crowley amendment (A005) Agreed to by voice vote.", 
      "type": "action"
    }, 
    {
      "acted_at": "2015-05-20T16:46:01-04:00", 
      "action_code": "76000", 
      "references": [], 
      "text": "Amendment agreed to Committee of the Whole", 
      "type": "action"
    }
  ], 
  "amendment_id": "hamdt247-114", 
  "amendment_type": "hamdt", 
  "amends_amendment": null, 
  "amends_bill": {
    "bill_id": "hr1806-114", 
    "bill_type": "hr", 
    "congress": 114, 
    "number": 1806
  }, 
  "amends_treaty": null, 
  "chamber": "h", 
  "congress": "114", 
  "description": "Amendment requires the NSF to establish a STEM grant program for Hispanic-serving institutions as authorized in the America COMPETES Act of 2007.", 
  "introduced_at": "2015-05-20", 
  "number": 247, 
  "purpose": "An amendment No. 5 printed in part A of House Report 114-120 to require the National Science Foundation to establish a STEM grant program for Hispanic-serving institutions as authorized in the America COMPETES Act of 2007.", 
  "sponsor": {
    "bioguide_id": "C001038", 
    "district": "14", 
    "name": "Crowley, Joseph", 
    "state": "NY", 
    "thomas_id": "01604", 
    "title": "Rep", 
    "type": "person"
  }, 
  "status": "pass", 
  "status_at": "2015-05-20T16:46:01-04:00", 
  "updated_at": "2016-08-01T13:27:11Z"
}