{
  "actions": [
    {
      "acted_at": "2015-06-03T22:21:44-04:00", 
      "action_code": "H32130", 
      "references": [], 
      "text": "Mr. Diaz-Balart raised a point of order against the Brown (FL) amendment (A021). Mr. Diaz-Balart stated that the amendment seeks to cause a net increase in budget authority in violation of the provisions of H. Res. 5. The Chair sustained the point of order.", 
      "type": "action"
    }, 
    {
      "acted_at": "2015-06-03T22:17:17-04:00", 
      "action_code": "H3A100", 
      "references": [
        {
          "reference": "CR H3850-3851", 
          "type": "consideration"
        }, 
        {
          "reference": "CR H3850", 
          "type": "text"
        }
      ], 
      "text": "Amendment (A021) offered by Ms. Brown (FL).", 
      "type": "action"
    }, 
    {
      "acted_at": "2015-06-03", 
      "action_code": "", 
      "references": [], 
      "text": "", 
      "type": "action"
    }, 
    {
      "acted_at": "2015-06-03", 
      "action_code": "71000", 
      "references": [], 
      "text": "House amendment offered", 
      "type": "action"
    }, 
    {
      "acted_at": "2015-06-03T22:17:17-04:00", 
      "action_code": "71500", 
      "references": [
        {
          "reference": "CR H3850-3851", 
          "type": "consideration"
        }, 
        {
          "reference": "CR H3850", 
          "type": "text"
        }
      ], 
      "text": "House amendment offered/reported by : Amendment (A021) offered by Ms. Brown (FL).", 
      "type": "action"
    }
  ], 
  "amendment_id": "hamdt376-114", 
  "amendment_type": "hamdt", 
  "amends_amendment": null, 
  "amends_bill": {
    "bill_id": "hr2577-114", 
    "bill_type": "hr", 
    "congress": 114, 
    "number": 2577
  }, 
  "amends_treaty": null, 
  "chamber": "h", 
  "congress": "114", 
  "description": null, 
  "introduced_at": "2015-06-03", 
  "number": 376, 
  "purpose": "An amendment to increase funding for Capital and Debt Service Grants to the National Railroad Passenger Corporation by $861,500,000.", 
  "sponsor": {
    "bioguide_id": "B000911", 
    "district": "5", 
    "name": "Brown, Corrine", 
    "state": "FL", 
    "thomas_id": "00132", 
    "title": "Rep", 
    "type": "person"
  }, 
  "status": "offered", 
  "status_at": "2015-06-03", 
  "updated_at": "2016-08-26T08:52:19Z"
}