{
  "actions": [
    {
      "acted_at": "2015-05-01T10:16:13-04:00", 
      "action_code": "H32111", 
      "how": "roll", 
      "references": [
        {
          "reference": "CR H2779-2780", 
          "type": "consideration"
        }
      ], 
      "result": "pass", 
      "roll": 212, 
      "text": "On agreeing to the LaMalfa amendment (A059) Agreed to by recorded vote: 239 - 174 (Roll no. 212).", 
      "type": "vote", 
      "vote_type": "vote", 
      "where": "h"
    }, 
    {
      "acted_at": "2015-05-01T01:28:36-04:00", 
      "action_code": "H3A100", 
      "references": [
        {
          "reference": "CR 04/30/2015 H2762-2763", 
          "type": "consideration"
        }, 
        {
          "reference": "CR 04/30/2015 H2762", 
          "type": "text"
        }
      ], 
      "text": "Amendment (A059) offered by Mr. LaMalfa.", 
      "type": "action"
    }, 
    {
      "acted_at": "2015-05-01", 
      "action_code": "", 
      "references": [], 
      "text": "", 
      "type": "action"
    }, 
    {
      "acted_at": "2015-05-01", 
      "action_code": "71000", 
      "references": [], 
      "text": "House amendment offered", 
      "type": "action"
    }, 
    {
      "acted_at": "2015-05-01T01:28:36-04:00", 
      "action_code": "71500", 
      "references": [
        {
          "reference": "CR 04/30/2015 H2762-2763", 
          "type": "consideration"
        }, 
        {
          "reference": "CR 04/30/2015 H2762", 
          "type": "text"
        }
      ], 
      "text": "House amendment offered/reported by : Amendment (A059) offered by Mr. LaMalfa.", 
      "type": "action"
    }, 
    {
      "acted_at": "2015-05-01T10:16:13-04:00", 
      "action_code": "72000", 
      "references": [
        {
          "reference": "CR H2779-2780", 
          "type": "consideration"
        }
      ], 
      "text": "House amendment agreed to: On agreeing to the LaMalfa amendment (A059) Agreed to by recorded vote: 239 - 174 (Roll no. 212).", 
      "type": "action"
    }, 
    {
      "acted_at": "2015-05-01T10:16:13-04:00", 
      "action_code": "75000", 
      "references": [], 
      "text": "Roll call votes on amendments in House", 
      "type": "action"
    }, 
    {
      "acted_at": "2015-05-01T10:16:13-04:00", 
      "action_code": "76000", 
      "references": [], 
      "text": "Amendment agreed to Committee of the Whole", 
      "type": "action"
    }
  ], 
  "amendment_id": "hamdt209-114", 
  "amendment_type": "hamdt", 
  "amends_amendment": null, 
  "amends_bill": {
    "bill_id": "hr2028-114", 
    "bill_type": "hr", 
    "congress": 114, 
    "number": 2028
  }, 
  "amends_treaty": null, 
  "chamber": "h", 
  "congress": "114", 
  "description": "Amendment requires the Army Corps of Engineers to apply the provisions of the Clean Water Act as passed by the Congress.", 
  "introduced_at": "2015-05-01", 
  "number": 209, 
  "purpose": "An amendment to prohibit use of funds to implement, administer, or enforce the requirement in the Code of Federal Regulations, that activities identified in the Federal Water Pollution Control Act must be established or ongoing in order to receive an exemption under the Act.", 
  "sponsor": {
    "bioguide_id": "L000578", 
    "district": "1", 
    "name": "LaMalfa, Doug", 
    "state": "CA", 
    "thomas_id": "02100", 
    "title": "Rep", 
    "type": "person"
  }, 
  "status": "pass", 
  "status_at": "2015-05-01T10:16:13-04:00", 
  "updated_at": "2016-08-01T13:27:19Z"
}