{
  "actions": [
    {
      "acted_at": "2015-06-10T22:12:32-04:00", 
      "action_code": "H32111", 
      "how": "roll", 
      "references": [], 
      "result": "fail", 
      "roll": 334, 
      "text": "On agreeing to the Lowenthal amendment (A002) Failed by recorded vote: 195 - 237 (Roll no. 334).", 
      "type": "vote", 
      "vote_type": "vote", 
      "where": "h"
    }, 
    {
      "acted_at": "2015-06-10T16:56:22-04:00", 
      "action_code": "H3A100", 
      "references": [
        {
          "reference": "CR H4059, H4106", 
          "type": "consideration"
        }, 
        {
          "reference": "CR H4059", 
          "type": "text"
        }
      ], 
      "text": "Amendment (A002) offered by Mr. Lowenthal.", 
      "type": "action"
    }, 
    {
      "acted_at": "2015-06-10", 
      "action_code": "", 
      "references": [], 
      "text": "", 
      "type": "action"
    }, 
    {
      "acted_at": "2015-06-10", 
      "action_code": "71000", 
      "references": [], 
      "text": "House amendment offered", 
      "type": "action"
    }, 
    {
      "acted_at": "2015-06-10T16:56:22-04:00", 
      "action_code": "71500", 
      "references": [
        {
          "reference": "CR H4059, H4106", 
          "type": "consideration"
        }, 
        {
          "reference": "CR H4059", 
          "type": "text"
        }
      ], 
      "text": "House amendment offered/reported by : Amendment (A002) offered by Mr. Lowenthal.", 
      "type": "action"
    }, 
    {
      "acted_at": "2015-06-10T22:12:32-04:00", 
      "action_code": "73000", 
      "references": [], 
      "text": "House amendment not agreed to: On agreeing to the Lowenthal amendment (A002) Failed by recorded vote: 195 - 237 (Roll no. 334).", 
      "type": "action"
    }, 
    {
      "acted_at": "2015-06-10T22:12:32-04:00", 
      "action_code": "75000", 
      "references": [], 
      "text": "Roll call votes on amendments in House", 
      "type": "action"
    }, 
    {
      "acted_at": "2015-06-10T22:12:32-04:00", 
      "action_code": "77000", 
      "references": [], 
      "text": "Amendment failed in Committee of the Whole", 
      "type": "action"
    }
  ], 
  "amendment_id": "hamdt442-114", 
  "amendment_type": "hamdt", 
  "amends_amendment": null, 
  "amends_bill": {
    "bill_id": "hr2685-114", 
    "bill_type": "hr", 
    "congress": 114, 
    "number": 2685
  }, 
  "amends_treaty": null, 
  "chamber": "h", 
  "congress": "114", 
  "description": "Amendment sought to increase funding to the STARBASE Youth Program by $5 million.", 
  "introduced_at": "2015-06-10", 
  "number": 442, 
  "purpose": "An amendment to reduce funds for Operation and Maintenance, Army by $3 million and to inrease by $5 million and then reduce by $3 million, the funding level for Operation and Maintenance,Defense-Wide.", 
  "sponsor": {
    "bioguide_id": "L000579", 
    "district": "47", 
    "name": "Lowenthal, Alan S.", 
    "state": "CA", 
    "thomas_id": "02111", 
    "title": "Rep", 
    "type": "person"
  }, 
  "status": "fail", 
  "status_at": "2015-06-10T22:12:32-04:00", 
  "updated_at": "2016-08-01T13:27:47Z"
}