{
  "actions": [
    {
      "acted_at": "2015-04-23T10:50:59-04:00", 
      "action_code": "H32111", 
      "how": "by voice vote", 
      "references": [], 
      "result": "pass", 
      "text": "On agreeing to the Hahn amendment (A009) Agreed to by voice vote.", 
      "type": "vote", 
      "vote_type": "vote", 
      "where": "h"
    }, 
    {
      "acted_at": "2015-04-23T10:46:25-04:00", 
      "action_code": "H3A100", 
      "references": [
        {
          "reference": "CR H2440-2441", 
          "type": "consideration"
        }, 
        {
          "reference": "CR H2440", 
          "type": "text"
        }
      ], 
      "text": "Amendment (A009) offered by Ms. Hahn.", 
      "type": "action"
    }, 
    {
      "acted_at": "2015-04-23", 
      "action_code": "", 
      "references": [], 
      "text": "", 
      "type": "action"
    }, 
    {
      "acted_at": "2015-04-23", 
      "action_code": "71000", 
      "references": [], 
      "text": "House amendment offered", 
      "type": "action"
    }, 
    {
      "acted_at": "2015-04-23T10:46:25-04:00", 
      "action_code": "71500", 
      "references": [
        {
          "reference": "CR H2440-2441", 
          "type": "consideration"
        }, 
        {
          "reference": "CR H2440", 
          "type": "text"
        }
      ], 
      "text": "House amendment offered/reported by : Amendment (A009) offered by Ms. Hahn.", 
      "type": "action"
    }, 
    {
      "acted_at": "2015-04-23T10:50:59-04:00", 
      "action_code": "72000", 
      "references": [], 
      "text": "House amendment agreed to: On agreeing to the Hahn amendment (A009) Agreed to by voice vote.", 
      "type": "action"
    }, 
    {
      "acted_at": "2015-04-23T10:50:59-04:00", 
      "action_code": "76000", 
      "references": [], 
      "text": "Amendment agreed to Committee of the Whole", 
      "type": "action"
    }
  ], 
  "amendment_id": "hamdt105-114", 
  "amendment_type": "hamdt", 
  "amends_amendment": null, 
  "amends_bill": {
    "bill_id": "hr1731-114", 
    "bill_type": "hr", 
    "congress": 114, 
    "number": 1731
  }, 
  "amends_treaty": null, 
  "chamber": "h", 
  "congress": "114", 
  "description": "Amendment directs the Secretary of Homeland Security to submit a report to Congress containing assessments of risks and shortfalls along with recommendations regarding cybersecurity at most at-risk ports.", 
  "introduced_at": "2015-04-23", 
  "number": 105, 
  "purpose": "An amendment numbered 9 printed in Part B of House Report 114-88 to direct the Secretary of Homeland Security to submit a report to Congress containing assessments of risks and shortfalls along with recommendations regarding cybersecurity at most at risk ports.", 
  "sponsor": {
    "bioguide_id": "H001063", 
    "district": "44", 
    "name": "Hahn, Janice", 
    "state": "CA", 
    "thomas_id": "02089", 
    "title": "Rep", 
    "type": "person"
  }, 
  "status": "pass", 
  "status_at": "2015-04-23T10:50:59-04:00", 
  "updated_at": "2016-08-01T13:27:05Z"
}