{
  "actions": [
    {
      "acted_at": "2015-06-03T17:20:17-04:00", 
      "action_code": "H32111", 
      "how": "by voice vote", 
      "references": [], 
      "result": "pass", 
      "text": "On agreeing to the Luetkemeyer amendment (A085) Agreed to by voice vote.", 
      "type": "vote", 
      "vote_type": "vote", 
      "where": "h"
    }, 
    {
      "acted_at": "2015-06-03T17:11:47-04:00", 
      "action_code": "H3A100", 
      "references": [
        {
          "reference": "CR H3805-3807", 
          "type": "consideration"
        }, 
        {
          "reference": "CR H3805", 
          "type": "text"
        }
      ], 
      "text": "Amendment (A085) offered by Mr. Luetkemeyer.", 
      "type": "action"
    }, 
    {
      "acted_at": "2015-06-03", 
      "action_code": "", 
      "references": [], 
      "text": "", 
      "type": "action"
    }, 
    {
      "acted_at": "2015-06-03", 
      "action_code": "71000", 
      "references": [], 
      "text": "House amendment offered", 
      "type": "action"
    }, 
    {
      "acted_at": "2015-06-03T17:11:47-04:00", 
      "action_code": "71500", 
      "references": [
        {
          "reference": "CR H3805-3807", 
          "type": "consideration"
        }, 
        {
          "reference": "CR H3805", 
          "type": "text"
        }
      ], 
      "text": "House amendment offered/reported by : Amendment (A085) offered by Mr. Luetkemeyer.", 
      "type": "action"
    }, 
    {
      "acted_at": "2015-06-03T17:20:17-04:00", 
      "action_code": "72000", 
      "references": [], 
      "text": "House amendment agreed to: On agreeing to the Luetkemeyer amendment (A085) Agreed to by voice vote.", 
      "type": "action"
    }, 
    {
      "acted_at": "2015-06-03T17:20:17-04:00", 
      "action_code": "76000", 
      "references": [], 
      "text": "Amendment agreed to Committee of the Whole", 
      "type": "action"
    }
  ], 
  "amendment_id": "hamdt353-114", 
  "amendment_type": "hamdt", 
  "amends_amendment": null, 
  "amends_bill": {
    "bill_id": "hr2578-114", 
    "bill_type": "hr", 
    "congress": 114, 
    "number": 2578
  }, 
  "amends_treaty": null, 
  "chamber": "h", 
  "congress": "114", 
  "description": "At the end of the bill (before the short title), insert the following:    SEC.___. None of the funds made available in this Act may be used to carry out the program known as \"Operation Choke Point\".", 
  "introduced_at": "2015-06-03", 
  "number": 353, 
  "purpose": "An amendment to prohibit use of funds for Operation Chokepoint.", 
  "sponsor": {
    "bioguide_id": "L000569", 
    "district": "3", 
    "name": "Luetkemeyer, Blaine", 
    "state": "MO", 
    "thomas_id": "01931", 
    "title": "Rep", 
    "type": "person"
  }, 
  "status": "pass", 
  "status_at": "2015-06-03T17:20:17-04:00", 
  "updated_at": "2016-08-01T13:27:41Z"
}