{
  "actions": [
    {
      "acted_at": "2015-06-10T22:34:53-04:00", 
      "action_code": "H32111", 
      "how": "roll", 
      "references": [], 
      "result": "fail", 
      "roll": 340, 
      "text": "On agreeing to the Poe (TX) amendment (A033) Failed by recorded vote: 117 - 315 (Roll no. 340).", 
      "type": "vote", 
      "vote_type": "vote", 
      "where": "h"
    }, 
    {
      "acted_at": "2015-06-10T20:40:35-04:00", 
      "action_code": "H3A100", 
      "references": [
        {
          "reference": "CR H4095-4096, H4110", 
          "type": "consideration"
        }, 
        {
          "reference": "CR H4095", 
          "type": "text"
        }
      ], 
      "text": "Amendment (A033) offered by Mr. Poe (TX).", 
      "type": "action"
    }, 
    {
      "acted_at": "2015-06-10", 
      "action_code": "", 
      "references": [], 
      "text": "", 
      "type": "action"
    }, 
    {
      "acted_at": "2015-06-10", 
      "action_code": "71000", 
      "references": [], 
      "text": "House amendment offered", 
      "type": "action"
    }, 
    {
      "acted_at": "2015-06-10T20:40:35-04:00", 
      "action_code": "71500", 
      "references": [
        {
          "reference": "CR H4095-4096, H4110", 
          "type": "consideration"
        }, 
        {
          "reference": "CR H4095", 
          "type": "text"
        }
      ], 
      "text": "House amendment offered/reported by : Amendment (A033) offered by Mr. Poe (TX).", 
      "type": "action"
    }, 
    {
      "acted_at": "2015-06-10T22:34:53-04:00", 
      "action_code": "73000", 
      "references": [], 
      "text": "House amendment not agreed to: On agreeing to the Poe (TX) amendment (A033) Failed by recorded vote: 117 - 315 (Roll no. 340).", 
      "type": "action"
    }, 
    {
      "acted_at": "2015-06-10T22:34:53-04:00", 
      "action_code": "75000", 
      "references": [], 
      "text": "Roll call votes on amendments in House", 
      "type": "action"
    }, 
    {
      "acted_at": "2015-06-10T22:34:53-04:00", 
      "action_code": "77000", 
      "references": [], 
      "text": "Amendment failed in Committee of the Whole", 
      "type": "action"
    }
  ], 
  "amendment_id": "hamdt473-114", 
  "amendment_type": "hamdt", 
  "amends_amendment": null, 
  "amends_bill": {
    "bill_id": "hr2685-114", 
    "bill_type": "hr", 
    "congress": 114, 
    "number": 2685
  }, 
  "amends_treaty": null, 
  "chamber": "h", 
  "congress": "114", 
  "description": "Amendment sought to reduce funding for aid to Pakistan by $430 million.", 
  "introduced_at": "2015-06-10", 
  "number": 473, 
  "purpose": "An amendment to cut aid to Pakistan.", 
  "sponsor": {
    "bioguide_id": "P000592", 
    "district": "2", 
    "name": "Poe, Ted", 
    "state": "TX", 
    "thomas_id": "01802", 
    "title": "Rep", 
    "type": "person"
  }, 
  "status": "fail", 
  "status_at": "2015-06-10T22:34:53-04:00", 
  "updated_at": "2016-08-01T13:27:47Z"
}