{
  "actions": [
    {
      "acted_at": "2015-04-30T21:19:19-04:00", 
      "action_code": "H32111", 
      "how": "by voice vote", 
      "references": [], 
      "result": "pass", 
      "text": "On agreeing to the Napolitano amendment (A044) Agreed to by voice vote.", 
      "type": "vote", 
      "vote_type": "vote", 
      "where": "h"
    }, 
    {
      "acted_at": "2015-04-30T21:15:40-04:00", 
      "action_code": "H3A100", 
      "references": [
        {
          "reference": "CR H2727", 
          "type": "consideration"
        }, 
        {
          "reference": "CR H2727", 
          "type": "text"
        }
      ], 
      "text": "Amendment (A044) offered by Mrs. Napolitano.", 
      "type": "action"
    }, 
    {
      "acted_at": "2015-04-30", 
      "action_code": "", 
      "references": [], 
      "text": "", 
      "type": "action"
    }, 
    {
      "acted_at": "2015-04-30", 
      "action_code": "71000", 
      "references": [], 
      "text": "House amendment offered", 
      "type": "action"
    }, 
    {
      "acted_at": "2015-04-30T21:15:40-04:00", 
      "action_code": "71500", 
      "references": [
        {
          "reference": "CR H2727", 
          "type": "consideration"
        }, 
        {
          "reference": "CR H2727", 
          "type": "text"
        }
      ], 
      "text": "House amendment offered/reported by : Amendment (A044) offered by Mrs. Napolitano.", 
      "type": "action"
    }, 
    {
      "acted_at": "2015-04-30T21:19:19-04:00", 
      "action_code": "72000", 
      "references": [], 
      "text": "House amendment agreed to: On agreeing to the Napolitano amendment (A044) Agreed to by voice vote.", 
      "type": "action"
    }, 
    {
      "acted_at": "2015-04-30T21:19:19-04:00", 
      "action_code": "76000", 
      "references": [], 
      "text": "Amendment agreed to Committee of the Whole", 
      "type": "action"
    }
  ], 
  "amendment_id": "hamdt194-114", 
  "amendment_type": "hamdt", 
  "amends_amendment": null, 
  "amends_bill": {
    "bill_id": "hr2028-114", 
    "bill_type": "hr", 
    "congress": 114, 
    "number": 2028
  }, 
  "amends_treaty": null, 
  "chamber": "h", 
  "congress": "114", 
  "description": "Amendment provides for implementation of the harbor mainentance allocations required under WRRDA 2014.", 
  "introduced_at": "2015-04-30", 
  "number": 194, 
  "purpose": "An amendment to prohibit the use of funds in contravention of section 2101 of the Water Resources Reform and Development Act of 2014 (33 U.S.C. 2238b) or section 210 of the Water Resources Development ACt of 1986.", 
  "sponsor": {
    "bioguide_id": "N000179", 
    "district": "32", 
    "name": "Napolitano, Grace F.", 
    "state": "CA", 
    "thomas_id": "01602", 
    "title": "Rep", 
    "type": "person"
  }, 
  "status": "pass", 
  "status_at": "2015-04-30T21:19:19-04:00", 
  "updated_at": "2016-08-01T13:27:19Z"
}