{
  "actions": [
    {
      "acted_at": "2015-04-29T19:36:33-04:00", 
      "action_code": "H32111", 
      "how": "by voice vote", 
      "references": [], 
      "result": "pass", 
      "text": "On agreeing to the Byrne amendment (A037) Agreed to by voice vote.", 
      "type": "vote", 
      "vote_type": "vote", 
      "where": "h"
    }, 
    {
      "acted_at": "2015-04-29T19:32:58-04:00", 
      "action_code": "H3A100", 
      "references": [
        {
          "reference": "CR H2618", 
          "type": "consideration"
        }, 
        {
          "reference": "CR H2618", 
          "type": "text"
        }
      ], 
      "text": "Amendment (A037) offered by Mr. Byrne.", 
      "type": "action"
    }, 
    {
      "acted_at": "2015-04-29", 
      "action_code": "", 
      "references": [], 
      "text": "", 
      "type": "action"
    }, 
    {
      "acted_at": "2015-04-29", 
      "action_code": "71000", 
      "references": [], 
      "text": "House amendment offered", 
      "type": "action"
    }, 
    {
      "acted_at": "2015-04-29T19:32:58-04:00", 
      "action_code": "71500", 
      "references": [
        {
          "reference": "CR H2618", 
          "type": "consideration"
        }, 
        {
          "reference": "CR H2618", 
          "type": "text"
        }
      ], 
      "text": "House amendment offered/reported by : Amendment (A037) offered by Mr. Byrne.", 
      "type": "action"
    }, 
    {
      "acted_at": "2015-04-29T19:36:33-04:00", 
      "action_code": "72000", 
      "references": [], 
      "text": "House amendment agreed to: On agreeing to the Byrne amendment (A037) Agreed to by voice vote.", 
      "type": "action"
    }, 
    {
      "acted_at": "2015-04-29T19:36:33-04:00", 
      "action_code": "76000", 
      "references": [], 
      "text": "Amendment agreed to Committee of the Whole", 
      "type": "action"
    }
  ], 
  "amendment_id": "hamdt144-114", 
  "amendment_type": "hamdt", 
  "amends_amendment": null, 
  "amends_bill": {
    "bill_id": "hr2029-114", 
    "bill_type": "hr", 
    "congress": 114, 
    "number": 2029
  }, 
  "amends_treaty": null, 
  "chamber": "h", 
  "congress": "114", 
  "description": "Amendment clarifies that the VA cannot move funds out of the Choice Program account for use elsewhere.", 
  "introduced_at": "2015-04-29", 
  "number": 144, 
  "purpose": "An amendment to prohibit use of funds to transfer any funds from the Veterans Choice Fund.", 
  "sponsor": {
    "bioguide_id": "B001289", 
    "district": "1", 
    "name": "Byrne, Bradley", 
    "state": "AL", 
    "thomas_id": "02197", 
    "title": "Rep", 
    "type": "person"
  }, 
  "status": "pass", 
  "status_at": "2015-04-29T19:36:33-04:00", 
  "updated_at": "2016-08-01T13:27:20Z"
}