{
  "actions": [
    {
      "acted_at": "2015-06-10T22:38:16-04:00", 
      "action_code": "H32111", 
      "how": "roll", 
      "references": [], 
      "result": "pass", 
      "roll": 341, 
      "text": "On agreeing to the Walberg amendment (A034) Agreed to by recorded vote: 233 - 199 (Roll no. 341).", 
      "type": "vote", 
      "vote_type": "vote", 
      "where": "h"
    }, 
    {
      "acted_at": "2015-06-10T20:51:22-04:00", 
      "action_code": "H3A100", 
      "references": [
        {
          "reference": "CR H4097-4098, H4110-4111", 
          "type": "consideration"
        }, 
        {
          "reference": "CR H4097", 
          "type": "text"
        }
      ], 
      "text": "Amendment (A034) offered by Mr. Walberg.", 
      "type": "action"
    }, 
    {
      "acted_at": "2015-06-10", 
      "action_code": "", 
      "references": [], 
      "text": "", 
      "type": "action"
    }, 
    {
      "acted_at": "2015-06-10", 
      "action_code": "71000", 
      "references": [], 
      "text": "House amendment offered", 
      "type": "action"
    }, 
    {
      "acted_at": "2015-06-10T20:51:22-04:00", 
      "action_code": "71500", 
      "references": [
        {
          "reference": "CR H4097-4098, H4110-4111", 
          "type": "consideration"
        }, 
        {
          "reference": "CR H4097", 
          "type": "text"
        }
      ], 
      "text": "House amendment offered/reported by : Amendment (A034) offered by Mr. Walberg.", 
      "type": "action"
    }, 
    {
      "acted_at": "2015-06-10T22:38:16-04:00", 
      "action_code": "72000", 
      "references": [], 
      "text": "House amendment agreed to: On agreeing to the Walberg amendment (A034) Agreed to by recorded vote: 233 - 199 (Roll no. 341).", 
      "type": "action"
    }, 
    {
      "acted_at": "2015-06-10T22:38:16-04:00", 
      "action_code": "75000", 
      "references": [], 
      "text": "Roll call votes on amendments in House", 
      "type": "action"
    }, 
    {
      "acted_at": "2015-06-10T22:38:16-04:00", 
      "action_code": "76000", 
      "references": [], 
      "text": "Amendment agreed to Committee of the Whole", 
      "type": "action"
    }
  ], 
  "amendment_id": "hamdt474-114", 
  "amendment_type": "hamdt", 
  "amends_amendment": null, 
  "amends_bill": {
    "bill_id": "hr2685-114", 
    "bill_type": "hr", 
    "congress": 114, 
    "number": 2685
  }, 
  "amends_treaty": null, 
  "chamber": "h", 
  "congress": "114", 
  "description": "Amendment strikes the proviso allowing $50 million for the Afghanistan security forces fund to be redirected to the Afghanistan infrastructure fund.", 
  "introduced_at": "2015-06-10", 
  "number": 474, 
  "purpose": "An amendment to strike the proviso extending funds for certain Afghanistan Infrastructure Fund projects.", 
  "sponsor": {
    "bioguide_id": "W000798", 
    "district": "7", 
    "name": "Walberg, Tim", 
    "state": "MI", 
    "thomas_id": "01855", 
    "title": "Rep", 
    "type": "person"
  }, 
  "status": "pass", 
  "status_at": "2015-06-10T22:38:16-04:00", 
  "updated_at": "2016-08-01T13:27:47Z"
}