{
  "actions": [
    {
      "acted_at": "2015-02-26T16:51:18-05:00", 
      "action_code": "H32111", 
      "how": "by voice vote", 
      "references": [], 
      "result": "pass", 
      "text": "On agreeing to the Davis, Rodney amendment (A012) Agreed to by voice vote.", 
      "type": "vote", 
      "vote_type": "vote", 
      "where": "h"
    }, 
    {
      "acted_at": "2015-02-26T16:43:00-05:00", 
      "action_code": "H3A100", 
      "references": [
        {
          "reference": "CR H1263-1264", 
          "type": "consideration"
        }, 
        {
          "reference": "CR H1263-1264", 
          "type": "text"
        }
      ], 
      "text": "Amendment (A012) offered by Mr. Davis, Rodney.", 
      "type": "action"
    }, 
    {
      "acted_at": "2015-02-26", 
      "action_code": "", 
      "references": [], 
      "text": "", 
      "type": "action"
    }, 
    {
      "acted_at": "2015-02-26", 
      "action_code": "71000", 
      "references": [], 
      "text": "House amendment offered", 
      "type": "action"
    }, 
    {
      "acted_at": "2015-02-26T16:43:00-05:00", 
      "action_code": "71500", 
      "references": [
        {
          "reference": "CR H1263-1264", 
          "type": "consideration"
        }, 
        {
          "reference": "CR H1263-1264", 
          "type": "text"
        }
      ], 
      "text": "House amendment offered/reported by : Amendment (A012) offered by Mr. Davis, Rodney.", 
      "type": "action"
    }, 
    {
      "acted_at": "2015-02-26T16:51:18-05:00", 
      "action_code": "72000", 
      "references": [], 
      "text": "House amendment agreed to: On agreeing to the Davis, Rodney amendment (A012) Agreed to by voice vote.", 
      "type": "action"
    }, 
    {
      "acted_at": "2015-02-26T16:51:18-05:00", 
      "action_code": "76000", 
      "references": [], 
      "text": "Amendment agreed to Committee of the Whole", 
      "type": "action"
    }
  ], 
  "amendment_id": "hamdt35-114", 
  "amendment_type": "hamdt", 
  "amends_amendment": null, 
  "amends_bill": {
    "bill_id": "hr5-114", 
    "bill_type": "hr", 
    "congress": 114, 
    "number": 5
  }, 
  "amends_treaty": null, 
  "chamber": "h", 
  "congress": "114", 
  "description": "Amendment protects the savings clause of title I of the Elementary and Secondary Education Act to ensure that nothing in Federal law can be construed to terminate or overturn a State or local collective bargaining law, memorandum or other agreement.", 
  "introduced_at": "2015-02-26", 
  "number": 35, 
  "purpose": "An amendment numbered 12 printed in Part B of House Report 114-29 to provide that nothing in this title shall be construed to alter or otherwise affect the rights, remedies, and procedures afforded to school or local educational agency employees under Federal, State, or local laws (including applicable regulations or court orders) or under the terms of collective bargaining agreements, memoranda of understanding, or other agreements between such employers and their employees.", 
  "sponsor": {
    "bioguide_id": "D000619", 
    "district": "13", 
    "name": "Davis, Rodney", 
    "state": "IL", 
    "thomas_id": "02126", 
    "title": "Rep", 
    "type": "person"
  }, 
  "status": "pass", 
  "status_at": "2015-02-26T16:51:18-05:00", 
  "updated_at": "2016-08-01T13:26:00Z"
}