{
  "actions": [
    {
      "acted_at": "2015-07-08T18:09:08-04:00", 
      "action_code": "H32111", 
      "how": "roll", 
      "references": [
        {
          "reference": "CR H4930", 
          "type": "consideration"
        }
      ], 
      "result": "fail", 
      "roll": 418, 
      "text": "On agreeing to the Thompson (MS) amendment (A042) Failed by recorded vote: 189 - 241 (Roll no. 418).", 
      "type": "vote", 
      "vote_type": "vote", 
      "where": "h"
    }, 
    {
      "acted_at": "2015-02-27T12:09:26-05:00", 
      "action_code": "H3A100", 
      "references": [
        {
          "reference": "CR H1393-1394", 
          "type": "consideration"
        }, 
        {
          "reference": "CR H1393", 
          "type": "text"
        }
      ], 
      "text": "Amendment (A042) offered by Mr. Thompson (MS).", 
      "type": "action"
    }, 
    {
      "acted_at": "2015-02-27", 
      "action_code": "", 
      "references": [], 
      "text": "", 
      "type": "action"
    }, 
    {
      "acted_at": "2015-02-27", 
      "action_code": "71000", 
      "references": [], 
      "text": "House amendment offered", 
      "type": "action"
    }, 
    {
      "acted_at": "2015-02-27T12:09:26-05:00", 
      "action_code": "71500", 
      "references": [
        {
          "reference": "CR H1393-1394", 
          "type": "consideration"
        }, 
        {
          "reference": "CR H1393", 
          "type": "text"
        }
      ], 
      "text": "House amendment offered/reported by : Amendment (A042) offered by Mr. Thompson (MS).", 
      "type": "action"
    }, 
    {
      "acted_at": "2015-07-08T18:09:08-04:00", 
      "action_code": "73000", 
      "references": [
        {
          "reference": "CR H4930", 
          "type": "consideration"
        }
      ], 
      "text": "House amendment not agreed to: On agreeing to the Thompson (MS) amendment (A042) Failed by recorded vote: 189 - 241 (Roll no. 418).", 
      "type": "action"
    }, 
    {
      "acted_at": "2015-07-08T18:09:08-04:00", 
      "action_code": "75000", 
      "references": [], 
      "text": "Roll call votes on amendments in House", 
      "type": "action"
    }, 
    {
      "acted_at": "2015-07-08T18:09:08-04:00", 
      "action_code": "77000", 
      "references": [], 
      "text": "Amendment failed in Committee of the Whole", 
      "type": "action"
    }
  ], 
  "amendment_id": "hamdt65-114", 
  "amendment_type": "hamdt", 
  "amends_amendment": null, 
  "amends_bill": {
    "bill_id": "hr5-114", 
    "bill_type": "hr", 
    "congress": 114, 
    "number": 5
  }, 
  "amends_treaty": null, 
  "chamber": "h", 
  "congress": "114", 
  "description": "Amendment sought to require that the Student Success Act shall not go into effect until the Secretary of Education determines that its enactment will not reduce the college and career readiness of racial or ethnic minority students, students with disabilities, English learners, and low-income students and provides written notification to Congress on such determination.", 
  "introduced_at": "2015-02-27", 
  "number": 65, 
  "purpose": "An amendment numbered 43 printed in Part B of House Report 114-29 to require that the Student Success Act shall not go into effect until the Secretary of Education determines that its enactment will not reduce the college and career readiness of racial or ethnic minority students, students with disabilities, English learners, and low-income students and provides written notification to Congress on such determination.", 
  "sponsor": {
    "bioguide_id": "T000193", 
    "district": "2", 
    "name": "Thompson, Bennie G.", 
    "state": "MS", 
    "thomas_id": "01151", 
    "title": "Rep", 
    "type": "person"
  }, 
  "status": "fail", 
  "status_at": "2015-07-08T18:09:08-04:00", 
  "updated_at": "2016-08-01T13:26:00Z"
}