{
  "actions": [
    {
      "acted_at": "2015-06-03T16:05:28-04:00", 
      "action_code": "H32111", 
      "how": "by voice vote", 
      "references": [], 
      "result": "pass", 
      "text": "On agreeing to the Duncan (SC) amendment (A079) Agreed to by voice vote.", 
      "type": "vote", 
      "vote_type": "vote", 
      "where": "h"
    }, 
    {
      "acted_at": "2015-06-03T15:57:18-04:00", 
      "action_code": "H3A100", 
      "references": [
        {
          "reference": "CR H3797-3798", 
          "type": "consideration"
        }, 
        {
          "reference": "CR H3797", 
          "type": "text"
        }
      ], 
      "text": "Amendment (A079) offered by Mr. Duncan (SC).", 
      "type": "action"
    }, 
    {
      "acted_at": "2015-06-03", 
      "action_code": "", 
      "references": [], 
      "text": "", 
      "type": "action"
    }, 
    {
      "acted_at": "2015-06-03", 
      "action_code": "71000", 
      "references": [], 
      "text": "House amendment offered", 
      "type": "action"
    }, 
    {
      "acted_at": "2015-06-03T15:57:18-04:00", 
      "action_code": "71500", 
      "references": [
        {
          "reference": "CR H3797-3798", 
          "type": "consideration"
        }, 
        {
          "reference": "CR H3797", 
          "type": "text"
        }
      ], 
      "text": "House amendment offered/reported by : Amendment (A079) offered by Mr. Duncan (SC).", 
      "type": "action"
    }, 
    {
      "acted_at": "2015-06-03T16:05:28-04:00", 
      "action_code": "72000", 
      "references": [], 
      "text": "House amendment agreed to: On agreeing to the Duncan (SC) amendment (A079) Agreed to by voice vote.", 
      "type": "action"
    }, 
    {
      "acted_at": "2015-06-03T16:05:28-04:00", 
      "action_code": "76000", 
      "references": [], 
      "text": "Amendment agreed to Committee of the Whole", 
      "type": "action"
    }
  ], 
  "amendment_id": "hamdt347-114", 
  "amendment_type": "hamdt", 
  "amends_amendment": null, 
  "amends_bill": {
    "bill_id": "hr2578-114", 
    "bill_type": "hr", 
    "congress": 114, 
    "number": 2578
  }, 
  "amends_treaty": null, 
  "chamber": "h", 
  "congress": "114", 
  "description": "Amendment prohibits use of funds for prosecution for incidental avian death under the Migratory Bird Treaty Act.", 
  "introduced_at": "2015-06-03", 
  "number": 347, 
  "purpose": "An amendment to prohibit the use of funds to prosecute or hold liable any person or corporation for a violation of section 2(a) of the Migratory Bird Treaty Act.", 
  "sponsor": {
    "bioguide_id": "D000615", 
    "district": "3", 
    "name": "Duncan, Jeff", 
    "state": "SC", 
    "thomas_id": "02057", 
    "title": "Rep", 
    "type": "person"
  }, 
  "status": "pass", 
  "status_at": "2015-06-03T16:05:28-04:00", 
  "updated_at": "2016-08-01T13:27:41Z"
}