{
  "actions": [
    {
      "acted_at": "2015-04-30T18:28:20-04:00", 
      "action_code": "H32111", 
      "how": "roll", 
      "references": [
        {
          "reference": "CR H2703-2704", 
          "type": "consideration"
        }
      ], 
      "result": "fail", 
      "roll": 185, 
      "text": "On agreeing to the Mulvaney amendment (A017) Failed by recorded vote: 192 - 229, 1 Present (Roll no. 185).", 
      "type": "vote", 
      "vote_type": "vote", 
      "where": "h"
    }, 
    {
      "acted_at": "2015-04-29T17:33:50-04:00", 
      "action_code": "H3A100", 
      "references": [
        {
          "reference": "CR H2603", 
          "type": "consideration"
        }, 
        {
          "reference": "CR H2603", 
          "type": "text"
        }
      ], 
      "text": "Amendment (A017) offered by Mr. Mulvaney.", 
      "type": "action"
    }, 
    {
      "acted_at": "2015-04-29", 
      "action_code": "", 
      "references": [], 
      "text": "", 
      "type": "action"
    }, 
    {
      "acted_at": "2015-04-29", 
      "action_code": "71000", 
      "references": [], 
      "text": "House amendment offered", 
      "type": "action"
    }, 
    {
      "acted_at": "2015-04-29T17:33:50-04:00", 
      "action_code": "71500", 
      "references": [
        {
          "reference": "CR H2603", 
          "type": "consideration"
        }, 
        {
          "reference": "CR H2603", 
          "type": "text"
        }
      ], 
      "text": "House amendment offered/reported by : Amendment (A017) offered by Mr. Mulvaney.", 
      "type": "action"
    }, 
    {
      "acted_at": "2015-04-30T18:28:20-04:00", 
      "action_code": "73000", 
      "references": [
        {
          "reference": "CR H2703-2704", 
          "type": "consideration"
        }
      ], 
      "text": "House amendment not agreed to: On agreeing to the Mulvaney amendment (A017) Failed by recorded vote: 192 - 229, 1 Present (Roll no. 185).", 
      "type": "action"
    }, 
    {
      "acted_at": "2015-04-30T18:28:20-04:00", 
      "action_code": "75000", 
      "references": [], 
      "text": "Roll call votes on amendments in House", 
      "type": "action"
    }, 
    {
      "acted_at": "2015-04-30T18:28:20-04:00", 
      "action_code": "77000", 
      "references": [], 
      "text": "Amendment failed in Committee of the Whole", 
      "type": "action"
    }
  ], 
  "amendment_id": "hamdt124-114", 
  "amendment_type": "hamdt", 
  "amends_amendment": null, 
  "amends_bill": {
    "bill_id": "hr2029-114", 
    "bill_type": "hr", 
    "congress": 114, 
    "number": 2029
  }, 
  "amends_treaty": null, 
  "chamber": "h", 
  "congress": "114", 
  "description": "Amendment sought to strike the second paragraph of title IV. In its entirety, title IV provides funds for Overseas Contingency Operations for the Department of Defense.", 
  "introduced_at": "2015-04-29", 
  "number": 124, 
  "purpose": "An amendment to strike the pending paragraph pertaining to the Military Construction, Air Force.", 
  "sponsor": {
    "bioguide_id": "M001182", 
    "district": "5", 
    "name": "Mulvaney, Mick", 
    "state": "SC", 
    "thomas_id": "02059", 
    "title": "Rep", 
    "type": "person"
  }, 
  "status": "fail", 
  "status_at": "2015-04-30T18:28:20-04:00", 
  "updated_at": "2016-08-01T13:27:21Z"
}