{
  "actions": [
    {
      "acted_at": "2015-06-10T17:11:36-04:00", 
      "action_code": "H32111", 
      "how": "by voice vote", 
      "references": [], 
      "result": "pass", 
      "text": "On agreeing to the Pascrell amendment (A004) Agreed to by voice vote.", 
      "type": "vote", 
      "vote_type": "vote", 
      "where": "h"
    }, 
    {
      "acted_at": "2015-06-10T17:08:00-04:00", 
      "action_code": "H3A100", 
      "references": [
        {
          "reference": "CR H4060-4061", 
          "type": "consideration"
        }, 
        {
          "reference": "CR H4060", 
          "type": "text"
        }
      ], 
      "text": "Amendment (A004) offered by Mr. Pascrell.", 
      "type": "action"
    }, 
    {
      "acted_at": "2015-06-10", 
      "action_code": "", 
      "references": [], 
      "text": "", 
      "type": "action"
    }, 
    {
      "acted_at": "2015-06-10", 
      "action_code": "71000", 
      "references": [], 
      "text": "House amendment offered", 
      "type": "action"
    }, 
    {
      "acted_at": "2015-06-10T17:08:00-04:00", 
      "action_code": "71500", 
      "references": [
        {
          "reference": "CR H4060-4061", 
          "type": "consideration"
        }, 
        {
          "reference": "CR H4060", 
          "type": "text"
        }
      ], 
      "text": "House amendment offered/reported by : Amendment (A004) offered by Mr. Pascrell.", 
      "type": "action"
    }, 
    {
      "acted_at": "2015-06-10T17:11:36-04:00", 
      "action_code": "72000", 
      "references": [], 
      "text": "House amendment agreed to: On agreeing to the Pascrell amendment (A004) Agreed to by voice vote.", 
      "type": "action"
    }, 
    {
      "acted_at": "2015-06-10T17:11:36-04:00", 
      "action_code": "76000", 
      "references": [], 
      "text": "Amendment agreed to Committee of the Whole", 
      "type": "action"
    }
  ], 
  "amendment_id": "hamdt444-114", 
  "amendment_type": "hamdt", 
  "amends_amendment": null, 
  "amends_bill": {
    "bill_id": "hr2685-114", 
    "bill_type": "hr", 
    "congress": 114, 
    "number": 2685
  }, 
  "amends_treaty": null, 
  "chamber": "h", 
  "congress": "114", 
  "description": "Amendment reduces and then increases funding for Operation and Maintenance, Defense-Wide, by $5.5 million in order to direct funds to the Vets4Warriors program.", 
  "introduced_at": "2015-06-10", 
  "number": 444, 
  "purpose": "An amendment to first reduce, then increase funding for Operation and Maintenance, Defense-Wide, by $5.5 million.", 
  "sponsor": {
    "bioguide_id": "P000096", 
    "district": "9", 
    "name": "Pascrell, Bill, Jr.", 
    "state": "NJ", 
    "thomas_id": "01510", 
    "title": "Rep", 
    "type": "person"
  }, 
  "status": "pass", 
  "status_at": "2015-06-10T17:11:36-04:00", 
  "updated_at": "2016-08-01T13:27:47Z"
}