{
  "actions": [
    {
      "acted_at": "2015-04-22T15:25:06-04:00", 
      "action_code": "H32111", 
      "how": "by voice vote", 
      "references": [], 
      "result": "pass", 
      "text": "On agreeing to the Cardenas amendment (A002) Agreed to by voice vote.", 
      "type": "vote", 
      "vote_type": "vote", 
      "where": "h"
    }, 
    {
      "acted_at": "2015-04-22T15:20:30-04:00", 
      "action_code": "H3A100", 
      "references": [
        {
          "reference": "CR H2391-2392", 
          "type": "consideration"
        }, 
        {
          "reference": "CR H2391", 
          "type": "text"
        }
      ], 
      "text": "Amendment (A002) offered by Mr. Cardenas.", 
      "type": "action"
    }, 
    {
      "acted_at": "2015-04-22", 
      "action_code": "", 
      "references": [], 
      "text": "", 
      "type": "action"
    }, 
    {
      "acted_at": "2015-04-22", 
      "action_code": "71000", 
      "references": [], 
      "text": "House amendment offered", 
      "type": "action"
    }, 
    {
      "acted_at": "2015-04-22T15:20:30-04:00", 
      "action_code": "71500", 
      "references": [
        {
          "reference": "CR H2391-2392", 
          "type": "consideration"
        }, 
        {
          "reference": "CR H2391", 
          "type": "text"
        }
      ], 
      "text": "House amendment offered/reported by : Amendment (A002) offered by Mr. Cardenas.", 
      "type": "action"
    }, 
    {
      "acted_at": "2015-04-22T15:25:06-04:00", 
      "action_code": "72000", 
      "references": [], 
      "text": "House amendment agreed to: On agreeing to the Cardenas amendment (A002) Agreed to by voice vote.", 
      "type": "action"
    }, 
    {
      "acted_at": "2015-04-22T15:25:06-04:00", 
      "action_code": "76000", 
      "references": [], 
      "text": "Amendment agreed to Committee of the Whole", 
      "type": "action"
    }
  ], 
  "amendment_id": "hamdt93-114", 
  "amendment_type": "hamdt", 
  "amends_amendment": null, 
  "amends_bill": {
    "bill_id": "hr1560-114", 
    "bill_type": "hr", 
    "congress": 114, 
    "number": 1560
  }, 
  "amends_treaty": null, 
  "chamber": "h", 
  "congress": "114", 
  "description": "Amendment instructs the SBA to provide assistance to small businesses and small financial institutions to participate in programs under the bill and ensures that the Federal Government performs outreach to small businesses and to small financial institutions.", 
  "introduced_at": "2015-04-22", 
  "number": 93, 
  "purpose": "An amendment numbered 2 printed in Part A of House Report 114-88 to instruct the SBA to provide assistance to small businesses and s mall financial institutions to participate under this section, instruct the SBA to generate a report about such entities participation and instruct the federal government to engage in out reach to encourage small business and small financial institution participation.", 
  "sponsor": {
    "bioguide_id": "C001097", 
    "district": "29", 
    "name": "Cardenas, Tony", 
    "state": "CA", 
    "thomas_id": "02107", 
    "title": "Rep", 
    "type": "person"
  }, 
  "status": "pass", 
  "status_at": "2015-04-22T15:25:06-04:00", 
  "updated_at": "2016-08-01T13:27:00Z"
}