{
  "actions": [
    {
      "acted_at": "2015-06-03T00:04:46-04:00", 
      "action_code": "H32140", 
      "references": [
        {
          "reference": "CR H3741", 
          "type": "consideration"
        }
      ], 
      "text": "By unanimous consent, the Richmond amendment was withdrawn.", 
      "type": "action"
    }, 
    {
      "acted_at": "2015-06-02T23:56:34-04:00", 
      "action_code": "H3A100", 
      "references": [
        {
          "reference": "CR H3740-3741", 
          "type": "consideration"
        }, 
        {
          "reference": "CR H3740", 
          "type": "text"
        }
      ], 
      "text": "Amendment (A058) offered by Mr. Richmond.", 
      "type": "action"
    }, 
    {
      "acted_at": "2015-06-02", 
      "action_code": "", 
      "references": [], 
      "text": "", 
      "type": "action"
    }, 
    {
      "acted_at": "2015-06-02", 
      "action_code": "71000", 
      "references": [], 
      "text": "House amendment offered", 
      "type": "action"
    }, 
    {
      "acted_at": "2015-06-02T23:56:34-04:00", 
      "action_code": "71500", 
      "references": [
        {
          "reference": "CR H3740-3741", 
          "type": "consideration"
        }, 
        {
          "reference": "CR H3740", 
          "type": "text"
        }
      ], 
      "text": "House amendment offered/reported by : Amendment (A058) offered by Mr. Richmond.", 
      "type": "action"
    }
  ], 
  "amendment_id": "hamdt326-114", 
  "amendment_type": "hamdt", 
  "amends_amendment": null, 
  "amends_bill": {
    "bill_id": "hr2578-114", 
    "bill_type": "hr", 
    "congress": 114, 
    "number": 2578
  }, 
  "amends_treaty": null, 
  "chamber": "h", 
  "congress": "114", 
  "description": null, 
  "introduced_at": "2015-06-02", 
  "number": 326, 
  "purpose": "An amendment to reduce the aggregate amount made available for Federal Prison System- Salaries and Expenses, and by increasing the amount made available for the Office of Justice Programs- Juvenile Justice Programs for youth mentoring grants, by $155,900,000.", 
  "sponsor": {
    "bioguide_id": "R000588", 
    "district": "2", 
    "name": "Richmond, Cedric L.", 
    "state": "LA", 
    "thomas_id": "02023", 
    "title": "Rep", 
    "type": "person"
  }, 
  "status": "offered", 
  "status_at": "2015-06-02", 
  "updated_at": "2016-08-01T13:27:41Z"
}