{
  "actions": [
    {
      "acted_at": "2015-06-10T17:42:07-04:00", 
      "action_code": "H32111", 
      "how": "by voice vote", 
      "references": [], 
      "result": "pass", 
      "text": "On agreeing to the Grayson amendment (A011) Agreed to by voice vote.", 
      "type": "vote", 
      "vote_type": "vote", 
      "where": "h"
    }, 
    {
      "acted_at": "2015-06-10T17:39:31-04:00", 
      "action_code": "H3A100", 
      "references": [
        {
          "reference": "CR H4064", 
          "type": "consideration"
        }, 
        {
          "reference": "text", 
          "type": null
        }, 
        {
          "reference": "CR H4064", 
          "type": null
        }
      ], 
      "text": "Amendment (A011) offered by Mr. Grayson.", 
      "type": "action"
    }, 
    {
      "acted_at": "2015-06-10", 
      "action_code": "", 
      "references": [], 
      "text": "", 
      "type": "action"
    }, 
    {
      "acted_at": "2015-06-10", 
      "action_code": "71000", 
      "references": [], 
      "text": "House amendment offered", 
      "type": "action"
    }, 
    {
      "acted_at": "2015-06-10T17:39:31-04:00", 
      "action_code": "71500", 
      "references": [
        {
          "reference": "CR H4064", 
          "type": "consideration"
        }, 
        {
          "reference": "text", 
          "type": null
        }, 
        {
          "reference": "CR H4064", 
          "type": null
        }
      ], 
      "text": "House amendment offered/reported by : Amendment (A011) offered by Mr. Grayson.", 
      "type": "action"
    }, 
    {
      "acted_at": "2015-06-10T17:42:07-04:00", 
      "action_code": "72000", 
      "references": [], 
      "text": "House amendment agreed to: On agreeing to the Grayson amendment (A011) Agreed to by voice vote.", 
      "type": "action"
    }, 
    {
      "acted_at": "2015-06-10T17:42:07-04:00", 
      "action_code": "76000", 
      "references": [], 
      "text": "Amendment agreed to Committee of the Whole", 
      "type": "action"
    }
  ], 
  "amendment_id": "hamdt451-114", 
  "amendment_type": "hamdt", 
  "amends_amendment": null, 
  "amends_bill": {
    "bill_id": "hr2685-114", 
    "bill_type": "hr", 
    "congress": 114, 
    "number": 2685
  }, 
  "amends_treaty": null, 
  "chamber": "h", 
  "congress": "114", 
  "description": "Amendment reduces funding for Operation and Maintenance, Defense-Wide by $10 million and increases funding for Defense Health Programs by a similar amount in order to address Gulf War Illness.", 
  "introduced_at": "2015-06-10", 
  "number": 451, 
  "purpose": "An amendment to reduce Operation and Maintenance, Defense-Wide by 10 million and increase funding for Defense Health Program by a similar amount.", 
  "sponsor": {
    "bioguide_id": "G000556", 
    "district": "9", 
    "name": "Grayson, Alan", 
    "state": "FL", 
    "thomas_id": "01914", 
    "title": "Rep", 
    "type": "person"
  }, 
  "status": "pass", 
  "status_at": "2015-06-10T17:42:07-04:00", 
  "updated_at": "2016-08-01T13:27:47Z"
}