{
  "actions": [
    {
      "acted_at": "2015-06-04T09:59:31-04:00", 
      "action_code": "H32140", 
      "references": [
        {
          "reference": "CR H3887", 
          "type": "consideration"
        }
      ], 
      "text": "By unanimous consent, the Polis amendment was withdrawn.", 
      "type": "action"
    }, 
    {
      "acted_at": "2015-06-04T09:53:21-04:00", 
      "action_code": "H3A100", 
      "references": [
        {
          "reference": "CR H3887-3888", 
          "type": "consideration"
        }, 
        {
          "reference": "CR H3887", 
          "type": "text"
        }
      ], 
      "text": "Amendment (A047) offered by Mr. Polis.", 
      "type": "action"
    }, 
    {
      "acted_at": "2015-06-04", 
      "action_code": "", 
      "references": [], 
      "text": "", 
      "type": "action"
    }, 
    {
      "acted_at": "2015-06-04", 
      "action_code": "71000", 
      "references": [], 
      "text": "House amendment offered", 
      "type": "action"
    }, 
    {
      "acted_at": "2015-06-04T09:53:21-04:00", 
      "action_code": "71500", 
      "references": [
        {
          "reference": "CR H3887-3888", 
          "type": "consideration"
        }, 
        {
          "reference": "CR H3887", 
          "type": "text"
        }
      ], 
      "text": "House amendment offered/reported by : Amendment (A047) offered by Mr. Polis.", 
      "type": "action"
    }
  ], 
  "amendment_id": "hamdt402-114", 
  "amendment_type": "hamdt", 
  "amends_amendment": null, 
  "amends_bill": {
    "bill_id": "hr2577-114", 
    "bill_type": "hr", 
    "congress": 114, 
    "number": 2577
  }, 
  "amends_treaty": null, 
  "chamber": "h", 
  "congress": "114", 
  "description": null, 
  "introduced_at": "2015-06-04", 
  "number": 402, 
  "purpose": "An amendment to evaluate ridership on transit by ridership demand.", 
  "sponsor": {
    "bioguide_id": "P000598", 
    "district": "2", 
    "name": "Polis, Jared", 
    "state": "CO", 
    "thomas_id": "01910", 
    "title": "Rep", 
    "type": "person"
  }, 
  "status": "offered", 
  "status_at": "2015-06-04", 
  "updated_at": "2016-08-26T08:52:18Z"
}