{
  "actions": [
    {
      "acted_at": "2015-06-03T13:52:46-04:00", 
      "action_code": "H32111", 
      "how": "roll", 
      "references": [
        {
          "reference": "CR H3782", 
          "type": "consideration"
        }
      ], 
      "result": "fail", 
      "roll": 276, 
      "text": "On agreeing to the Nadler amendment (A037) Failed by recorded vote: 170 - 256 (Roll no. 276).", 
      "type": "vote", 
      "vote_type": "vote", 
      "where": "h"
    }, 
    {
      "acted_at": "2015-06-02T20:36:45-04:00", 
      "action_code": "H3A100", 
      "references": [
        {
          "reference": "CR H3716-3718", 
          "type": "consideration"
        }, 
        {
          "reference": "CR H3716", 
          "type": "text"
        }
      ], 
      "text": "Amendment (A037) offered by Mr. Nadler.", 
      "type": "action"
    }, 
    {
      "acted_at": "2015-06-02", 
      "action_code": "", 
      "references": [], 
      "text": "", 
      "type": "action"
    }, 
    {
      "acted_at": "2015-06-02", 
      "action_code": "71000", 
      "references": [], 
      "text": "House amendment offered", 
      "type": "action"
    }, 
    {
      "acted_at": "2015-06-02T20:36:45-04:00", 
      "action_code": "71500", 
      "references": [
        {
          "reference": "CR H3716-3718", 
          "type": "consideration"
        }, 
        {
          "reference": "CR H3716", 
          "type": "text"
        }
      ], 
      "text": "House amendment offered/reported by : Amendment (A037) offered by Mr. Nadler.", 
      "type": "action"
    }, 
    {
      "acted_at": "2015-06-03T13:52:46-04:00", 
      "action_code": "73000", 
      "references": [
        {
          "reference": "CR H3782", 
          "type": "consideration"
        }
      ], 
      "text": "House amendment not agreed to: On agreeing to the Nadler amendment (A037) Failed by recorded vote: 170 - 256 (Roll no. 276).", 
      "type": "action"
    }, 
    {
      "acted_at": "2015-06-03T13:52:46-04:00", 
      "action_code": "75000", 
      "references": [], 
      "text": "Roll call votes on amendments in House", 
      "type": "action"
    }, 
    {
      "acted_at": "2015-06-03T13:52:46-04:00", 
      "action_code": "77000", 
      "references": [], 
      "text": "Amendment failed in Committee of the Whole", 
      "type": "action"
    }
  ], 
  "amendment_id": "hamdt305-114", 
  "amendment_type": "hamdt", 
  "amends_amendment": null, 
  "amends_bill": {
    "bill_id": "hr2578-114", 
    "bill_type": "hr", 
    "congress": 114, 
    "number": 2578
  }, 
  "amends_treaty": null, 
  "chamber": "h", 
  "congress": "114", 
  "description": "Amendment sought to strike section 527 from the bill which prohibits use of funds to transfer, release, or assist in the transfer or release to or within the U.S., its territories, or possessions Khalid Sheikh Mohammed or any other detainee who is not a U.S. citizen or a member of the Armed Forces of the U.S. and is or was held on or after June 24, 2009, at the U.S. Naval Station, Guantanamo Bay, Cuba, by the Department of Defense.", 
  "introduced_at": "2015-06-02", 
  "number": 305, 
  "purpose": "An amendment to strike section 527 from the bill which prohibits use of funds to transfer, release, or assist in the transfer or release to or within the U.S., its territories, or possessions Khalid Sheikh Mohammed or any other detainee who is not a U.S. citizen or a member of the Armed Forces of the U.S. and is or was held on or after June 24, 2009, at the U.S. Naval Station, Guantanamo Bay, Cuba, by the Department of Defense.", 
  "sponsor": {
    "bioguide_id": "N000002", 
    "district": "10", 
    "name": "Nadler, Jerrold", 
    "state": "NY", 
    "thomas_id": "00850", 
    "title": "Rep", 
    "type": "person"
  }, 
  "status": "fail", 
  "status_at": "2015-06-03T13:52:46-04:00", 
  "updated_at": "2016-08-01T13:27:41Z"
}