{
  "actions": [
    {
      "acted_at": "2015-07-08T18:20:31-04:00", 
      "action_code": "H32111", 
      "how": "roll", 
      "references": [
        {
          "reference": "CR H4932", 
          "type": "consideration"
        }
      ], 
      "result": "fail", 
      "roll": 421, 
      "text": "On agreeing to the Scott (VA) amendment (A043) Failed by recorded vote: 187 - 244 (Roll no. 421).", 
      "type": "vote", 
      "vote_type": "vote", 
      "where": "h"
    }, 
    {
      "acted_at": "2015-02-27T12:17:43-05:00", 
      "action_code": "H3A100", 
      "references": [
        {
          "reference": "CR H1394-1397", 
          "type": "consideration"
        }, 
        {
          "reference": "CR H1394-1479", 
          "type": "text"
        }
      ], 
      "text": "Amendment (A043) in the nature of a substitute offered by Mr. Scott (VA).", 
      "type": "action"
    }, 
    {
      "acted_at": "2015-02-27", 
      "action_code": "", 
      "references": [], 
      "text": "", 
      "type": "action"
    }, 
    {
      "acted_at": "2015-02-27", 
      "action_code": "71000", 
      "references": [], 
      "text": "House amendment offered", 
      "type": "action"
    }, 
    {
      "acted_at": "2015-02-27T12:17:43-05:00", 
      "action_code": "71500", 
      "references": [
        {
          "reference": "CR H1394-1397", 
          "type": "consideration"
        }, 
        {
          "reference": "CR H1394-1479", 
          "type": "text"
        }
      ], 
      "text": "House amendment offered/reported by : Amendment (A043) in the nature of a substitute offered by Mr. Scott (VA).", 
      "type": "action"
    }, 
    {
      "acted_at": "2015-07-08T18:20:31-04:00", 
      "action_code": "73000", 
      "references": [
        {
          "reference": "CR H4932", 
          "type": "consideration"
        }
      ], 
      "text": "House amendment not agreed to: On agreeing to the Scott (VA) amendment (A043) Failed by recorded vote: 187 - 244 (Roll no. 421).", 
      "type": "action"
    }, 
    {
      "acted_at": "2015-07-08T18:20:31-04:00", 
      "action_code": "75000", 
      "references": [], 
      "text": "Roll call votes on amendments in House", 
      "type": "action"
    }, 
    {
      "acted_at": "2015-07-08T18:20:31-04:00", 
      "action_code": "77000", 
      "references": [], 
      "text": "Amendment failed in Committee of the Whole", 
      "type": "action"
    }
  ], 
  "amendment_id": "hamdt66-114", 
  "amendment_type": "hamdt", 
  "amends_amendment": null, 
  "amends_bill": {
    "bill_id": "hr5-114", 
    "bill_type": "hr", 
    "congress": 114, 
    "number": 5
  }, 
  "amends_treaty": null, 
  "chamber": "h", 
  "congress": "114", 
  "description": "Amendment in the nature of a substitute sought to insert a complete new text providing new funding levels, replacing the mandates of No Child Left Behind, and maintaining civil rights and equity protections that ensure all students graduate from high school college- and career-ready.", 
  "introduced_at": "2015-02-27", 
  "number": 66, 
  "purpose": "An amendment numbered 44 printed in Part B of House Report 114-29 to repeal H.R. 5 and replace the bill text with a substitute amendment that provides robust funding levels, replaces the outdated, rigid mandates of No Child Left Behind, and maintains civil rights and equity protections that ensure all students graduate from high school college- and career-ready.", 
  "sponsor": {
    "bioguide_id": "S000185", 
    "district": "3", 
    "name": "Scott, Robert C. \"Bobby\"", 
    "state": "VA", 
    "thomas_id": "01037", 
    "title": "Rep", 
    "type": "person"
  }, 
  "status": "fail", 
  "status_at": "2015-07-08T18:20:31-04:00", 
  "updated_at": "2016-08-01T13:26:00Z"
}