{
  "actions": [
    {
      "acted_at": "2015-04-29T19:21:54-04:00", 
      "action_code": "H32111", 
      "how": "by voice vote", 
      "references": [], 
      "result": "pass", 
      "text": "On agreeing to the Hurd (TX) amendment (A034) Agreed to by voice vote.", 
      "type": "vote", 
      "vote_type": "vote", 
      "where": "h"
    }, 
    {
      "acted_at": "2015-04-29T19:20:45-04:00", 
      "action_code": "H3A100", 
      "references": [
        {
          "reference": "CR H2616-2617", 
          "type": "consideration"
        }, 
        {
          "reference": "CR H2616", 
          "type": "text"
        }
      ], 
      "text": "Amendment (A034) offered by Mr. Hurd (TX).", 
      "type": "action"
    }, 
    {
      "acted_at": "2015-04-29", 
      "action_code": "", 
      "references": [], 
      "text": "", 
      "type": "action"
    }, 
    {
      "acted_at": "2015-04-29", 
      "action_code": "71000", 
      "references": [], 
      "text": "House amendment offered", 
      "type": "action"
    }, 
    {
      "acted_at": "2015-04-29T19:20:45-04:00", 
      "action_code": "71500", 
      "references": [
        {
          "reference": "CR H2616-2617", 
          "type": "consideration"
        }, 
        {
          "reference": "CR H2616", 
          "type": "text"
        }
      ], 
      "text": "House amendment offered/reported by : Amendment (A034) offered by Mr. Hurd (TX).", 
      "type": "action"
    }, 
    {
      "acted_at": "2015-04-29T19:21:54-04:00", 
      "action_code": "72000", 
      "references": [], 
      "text": "House amendment agreed to: On agreeing to the Hurd (TX) amendment (A034) Agreed to by voice vote.", 
      "type": "action"
    }, 
    {
      "acted_at": "2015-04-29T19:21:54-04:00", 
      "action_code": "76000", 
      "references": [], 
      "text": "Amendment agreed to Committee of the Whole", 
      "type": "action"
    }
  ], 
  "amendment_id": "hamdt141-114", 
  "amendment_type": "hamdt", 
  "amends_amendment": null, 
  "amends_bill": {
    "bill_id": "hr2029-114", 
    "bill_type": "hr", 
    "congress": 114, 
    "number": 2029
  }, 
  "amends_treaty": null, 
  "chamber": "h", 
  "congress": "114", 
  "description": "Amendment ensures that the VA will use its resources to provide veterans with necessary health care services by investing in information technology so that veterans health care records can be available digitally to their health care providers.", 
  "introduced_at": "2015-04-29", 
  "number": 141, 
  "purpose": "An amendment to prohibit the use of funds in contravention of subtitle D of title VIII of the Carl Levin and Howard P. \"Buck\" McKeon National Defense Authorization Act for Fiscal Year 2015.", 
  "sponsor": {
    "bioguide_id": "H001073", 
    "district": "23", 
    "name": "Hurd, Will", 
    "state": "TX", 
    "thomas_id": "02269", 
    "title": "Rep", 
    "type": "person"
  }, 
  "status": "pass", 
  "status_at": "2015-04-29T19:21:54-04:00", 
  "updated_at": "2016-08-01T13:27:20Z"
}