{
  "actions": [
    {
      "acted_at": "2015-06-04T11:16:14-04:00", 
      "action_code": "H32140", 
      "references": [
        {
          "reference": "CR H3896", 
          "type": "consideration"
        }
      ], 
      "text": "By unanimous consent, the Blumenauer amendment was withdrawn.", 
      "type": "action"
    }, 
    {
      "acted_at": "2015-06-04T11:11:31-04:00", 
      "action_code": "H3A100", 
      "references": [
        {
          "reference": "CR H3895-3896", 
          "type": "consideration"
        }, 
        {
          "reference": "CR H3895", 
          "type": "text"
        }
      ], 
      "text": "Amendment (A057) offered by Mr. Blumenauer.", 
      "type": "action"
    }, 
    {
      "acted_at": "2015-06-04", 
      "action_code": "", 
      "references": [], 
      "text": "", 
      "type": "action"
    }, 
    {
      "acted_at": "2015-06-04", 
      "action_code": "71000", 
      "references": [], 
      "text": "House amendment offered", 
      "type": "action"
    }, 
    {
      "acted_at": "2015-06-04T11:11:31-04:00", 
      "action_code": "71500", 
      "references": [
        {
          "reference": "CR H3895-3896", 
          "type": "consideration"
        }, 
        {
          "reference": "CR H3895", 
          "type": "text"
        }
      ], 
      "text": "House amendment offered/reported by : Amendment (A057) offered by Mr. Blumenauer.", 
      "type": "action"
    }
  ], 
  "amendment_id": "hamdt412-114", 
  "amendment_type": "hamdt", 
  "amends_amendment": null, 
  "amends_bill": {
    "bill_id": "hr2577-114", 
    "bill_type": "hr", 
    "congress": 114, 
    "number": 2577
  }, 
  "amends_treaty": null, 
  "chamber": "h", 
  "congress": "114", 
  "description": null, 
  "introduced_at": "2015-06-04", 
  "number": 412, 
  "purpose": "An amendment to insert a section for necessary expenses for the \"Department of Transportation, Office of the Secretary, Salaries and Expenses\" is reduced by $1.", 
  "sponsor": {
    "bioguide_id": "B000574", 
    "district": "3", 
    "name": "Blumenauer, Earl", 
    "state": "OR", 
    "thomas_id": "00099", 
    "title": "Rep", 
    "type": "person"
  }, 
  "status": "offered", 
  "status_at": "2015-06-04", 
  "updated_at": "2016-08-26T08:52:19Z"
}