{
  "actions": [
    {
      "acted_at": "2015-06-03T20:36:19-04:00", 
      "action_code": "H32111", 
      "how": "by voice vote", 
      "references": [], 
      "result": "fail", 
      "text": "On agreeing to the Dold amendment (A007) Failed by voice vote.", 
      "type": "vote", 
      "vote_type": "vote", 
      "where": "h"
    }, 
    {
      "acted_at": "2015-06-03T20:29:12-04:00", 
      "action_code": "H3A100", 
      "references": [
        {
          "reference": "CR H3835-3836", 
          "type": "consideration"
        }, 
        {
          "reference": "CR H3835", 
          "type": "text"
        }
      ], 
      "text": "Amendment (A007) offered by Mr. Dold.", 
      "type": "action"
    }, 
    {
      "acted_at": "2015-06-03", 
      "action_code": "", 
      "references": [], 
      "text": "", 
      "type": "action"
    }, 
    {
      "acted_at": "2015-06-03", 
      "action_code": "71000", 
      "references": [], 
      "text": "House amendment offered", 
      "type": "action"
    }, 
    {
      "acted_at": "2015-06-03T20:29:12-04:00", 
      "action_code": "71500", 
      "references": [
        {
          "reference": "CR H3835-3836", 
          "type": "consideration"
        }, 
        {
          "reference": "CR H3835", 
          "type": "text"
        }
      ], 
      "text": "House amendment offered/reported by : Amendment (A007) offered by Mr. Dold.", 
      "type": "action"
    }, 
    {
      "acted_at": "2015-06-03T20:36:19-04:00", 
      "action_code": "73000", 
      "references": [], 
      "text": "House amendment not agreed to: On agreeing to the Dold amendment (A007) Failed by voice vote.", 
      "type": "action"
    }, 
    {
      "acted_at": "2015-06-03T20:36:19-04:00", 
      "action_code": "77000", 
      "references": [], 
      "text": "Amendment failed in Committee of the Whole", 
      "type": "action"
    }
  ], 
  "amendment_id": "hamdt362-114", 
  "amendment_type": "hamdt", 
  "amends_amendment": null, 
  "amends_bill": {
    "bill_id": "hr2577-114", 
    "bill_type": "hr", 
    "congress": 114, 
    "number": 2577
  }, 
  "amends_treaty": null, 
  "chamber": "h", 
  "congress": "114", 
  "description": "Amendment sought to remove language in the bill which allows the Secretary to increase the Federal share of costs above 80 percent for projects in rural areas so as to put all transportation projects on an even playing field and allow all qualified projects to fairly compete for TIGER grants, regardless of whether they take place in an urban area or a rural area.", 
  "introduced_at": "2015-06-03", 
  "number": 362, 
  "purpose": "An amendment to remove language in the bill which allows the Secretary to increase the Federal share of costs above 80 percent for projects in rural areas.", 
  "sponsor": {
    "bioguide_id": "D000613", 
    "district": "10", 
    "name": "Dold, Robert J.", 
    "state": "IL", 
    "thomas_id": "02013", 
    "title": "Rep", 
    "type": "person"
  }, 
  "status": "fail", 
  "status_at": "2015-06-03T20:36:19-04:00", 
  "updated_at": "2016-08-26T08:52:18Z"
}