{
  "actions": [
    {
      "acted_at": "2015-02-26T20:48:23-05:00", 
      "action_code": "H32111", 
      "how": "by voice vote", 
      "references": [], 
      "result": "pass", 
      "text": "On agreeing to the Jackson Lee amendment (A025) Agreed to by voice vote.", 
      "type": "vote", 
      "vote_type": "vote", 
      "where": "h"
    }, 
    {
      "acted_at": "2015-02-26T20:46:32-05:00", 
      "action_code": "H3A100", 
      "references": [
        {
          "reference": "CR H1279-1280", 
          "type": "consideration"
        }, 
        {
          "reference": "CR H1279", 
          "type": "text"
        }
      ], 
      "text": "Amendment (A025) offered by Ms. Jackson Lee.", 
      "type": "action"
    }, 
    {
      "acted_at": "2015-02-26", 
      "action_code": "", 
      "references": [], 
      "text": "", 
      "type": "action"
    }, 
    {
      "acted_at": "2015-02-26", 
      "action_code": "71000", 
      "references": [], 
      "text": "House amendment offered", 
      "type": "action"
    }, 
    {
      "acted_at": "2015-02-26T20:46:32-05:00", 
      "action_code": "71500", 
      "references": [
        {
          "reference": "CR H1279-1280", 
          "type": "consideration"
        }, 
        {
          "reference": "CR H1279", 
          "type": "text"
        }
      ], 
      "text": "House amendment offered/reported by : Amendment (A025) offered by Ms. Jackson Lee.", 
      "type": "action"
    }, 
    {
      "acted_at": "2015-02-26T20:48:23-05:00", 
      "action_code": "72000", 
      "references": [], 
      "text": "House amendment agreed to: On agreeing to the Jackson Lee amendment (A025) Agreed to by voice vote.", 
      "type": "action"
    }, 
    {
      "acted_at": "2015-02-26T20:48:23-05:00", 
      "action_code": "76000", 
      "references": [], 
      "text": "Amendment agreed to Committee of the Whole", 
      "type": "action"
    }
  ], 
  "amendment_id": "hamdt48-114", 
  "amendment_type": "hamdt", 
  "amends_amendment": null, 
  "amends_bill": {
    "bill_id": "hr5-114", 
    "bill_type": "hr", 
    "congress": 114, 
    "number": 5
  }, 
  "amends_treaty": null, 
  "chamber": "h", 
  "congress": "114", 
  "description": "Amendment supports accountability-based programs and activities that are designed to enhance school safety, which may include research-based bullying prevention, cyberbullying prevention, disruption of recruitment activity by groups or individuals involved in violent extremism, and gang prevention programs as well as intervention programs regarding bullying.", 
  "introduced_at": "2015-02-26", 
  "number": 48, 
  "purpose": "An amendment printed in part B of House Report 114-29 to support accountability-based programs and activities that are designed to enhance school safety, which may include research-based bullying prevention, cyberbullying prevention, disruption of recruitment activity by groups or individuals involved in violent extremism, and gang prevention programs as well as intervention programs regarding bullying.", 
  "sponsor": {
    "bioguide_id": "J000032", 
    "district": "18", 
    "name": "Jackson Lee, Sheila", 
    "state": "TX", 
    "thomas_id": "00588", 
    "title": "Rep", 
    "type": "person"
  }, 
  "status": "pass", 
  "status_at": "2015-02-26T20:48:23-05:00", 
  "updated_at": "2016-08-01T13:26:00Z"
}