{
  "actions": [
    {
      "acted_at": "2015-06-09T19:56:52-04:00", 
      "action_code": "H32140", 
      "references": [
        {
          "reference": "CR H3972", 
          "type": "consideration"
        }
      ], 
      "text": "By unanimous consent, the Waters, Maxine amendment was withdrawn.", 
      "type": "action"
    }, 
    {
      "acted_at": "2015-06-09T19:52:23-04:00", 
      "action_code": "H3A100", 
      "references": [
        {
          "reference": "CR H3972", 
          "type": "consideration"
        }, 
        {
          "reference": "H3972", 
          "type": "text"
        }
      ], 
      "text": "Amendment (A059) offered by Ms. Waters, Maxine.", 
      "type": "action"
    }, 
    {
      "acted_at": "2015-06-09", 
      "action_code": "", 
      "references": [], 
      "text": "", 
      "type": "action"
    }, 
    {
      "acted_at": "2015-06-09", 
      "action_code": "71000", 
      "references": [], 
      "text": "House amendment offered", 
      "type": "action"
    }, 
    {
      "acted_at": "2015-06-09T19:52:23-04:00", 
      "action_code": "71500", 
      "references": [
        {
          "reference": "CR H3972", 
          "type": "consideration"
        }, 
        {
          "reference": "H3972", 
          "type": "text"
        }
      ], 
      "text": "House amendment offered/reported by : Amendment (A059) offered by Ms. Waters, Maxine.", 
      "type": "action"
    }
  ], 
  "amendment_id": "hamdt419-114", 
  "amendment_type": "hamdt", 
  "amends_amendment": null, 
  "amends_bill": {
    "bill_id": "hr2577-114", 
    "bill_type": "hr", 
    "congress": 114, 
    "number": 2577
  }, 
  "amends_treaty": null, 
  "chamber": "h", 
  "congress": "114", 
  "description": null, 
  "introduced_at": "2015-06-09", 
  "number": 419, 
  "purpose": "An amendment to prohibit the use of funds to establish any asset management position of the Office of Multifamily Housing of the Department of Housing and Urban Development, or newly hire an employee for any asset management position, that is located at a Core office before filling each such asset management position that is located at a Non-Core office.", 
  "sponsor": {
    "bioguide_id": "W000187", 
    "district": "43", 
    "name": "Waters, Maxine", 
    "state": "CA", 
    "thomas_id": "01205", 
    "title": "Rep", 
    "type": "person"
  }, 
  "status": "offered", 
  "status_at": "2015-06-09", 
  "updated_at": "2016-08-26T08:52:18Z"
}