{
  "actions": [
    {
      "acted_at": "2015-03-04T13:37:49-05:00", 
      "action_code": "H32111", 
      "how": "by voice vote", 
      "references": [], 
      "result": "pass", 
      "text": "On agreeing to the Mica amendment (A003) Agreed to by voice vote.", 
      "type": "vote", 
      "vote_type": "vote", 
      "where": "h"
    }, 
    {
      "acted_at": "2015-03-04T13:31:08-05:00", 
      "action_code": "H3A100", 
      "references": [
        {
          "reference": "CR H1594-1595", 
          "type": "consideration"
        }, 
        {
          "reference": "CR H1594", 
          "type": "text"
        }
      ], 
      "text": "Amendment (A003) offered by Mr. Mica.", 
      "type": "action"
    }, 
    {
      "acted_at": "2015-03-04", 
      "action_code": "", 
      "references": [], 
      "text": "", 
      "type": "action"
    }, 
    {
      "acted_at": "2015-03-04", 
      "action_code": "71000", 
      "references": [], 
      "text": "House amendment offered", 
      "type": "action"
    }, 
    {
      "acted_at": "2015-03-04T13:31:08-05:00", 
      "action_code": "71500", 
      "references": [
        {
          "reference": "CR H1594-1595", 
          "type": "consideration"
        }, 
        {
          "reference": "CR H1594", 
          "type": "text"
        }
      ], 
      "text": "House amendment offered/reported by : Amendment (A003) offered by Mr. Mica.", 
      "type": "action"
    }, 
    {
      "acted_at": "2015-03-04T13:37:49-05:00", 
      "action_code": "72000", 
      "references": [], 
      "text": "House amendment agreed to: On agreeing to the Mica amendment (A003) Agreed to by voice vote.", 
      "type": "action"
    }, 
    {
      "acted_at": "2015-03-04T13:37:49-05:00", 
      "action_code": "76000", 
      "references": [], 
      "text": "Amendment agreed to Committee of the Whole", 
      "type": "action"
    }
  ], 
  "amendment_id": "hamdt69-114", 
  "amendment_type": "hamdt", 
  "amends_amendment": null, 
  "amends_bill": {
    "bill_id": "hr749-114", 
    "bill_type": "hr", 
    "congress": 114, 
    "number": 749
  }, 
  "amends_treaty": null, 
  "chamber": "h", 
  "congress": "114", 
  "description": "Amendment requires a report to Congress on a proposal for Northeast Corridor Express Service.", 
  "introduced_at": "2015-03-04", 
  "number": 69, 
  "purpose": null, 
  "sponsor": {
    "bioguide_id": "M000689", 
    "district": "7", 
    "name": "Mica, John L.", 
    "state": "FL", 
    "thomas_id": "00800", 
    "title": "Rep", 
    "type": "person"
  }, 
  "status": "pass", 
  "status_at": "2015-03-04T13:37:49-05:00", 
  "updated_at": "2016-08-01T13:26:31Z"
}