{
  "actions": [
    {
      "acted_at": "2015-04-29T19:56:46-04:00", 
      "action_code": "H32111", 
      "how": "by voice vote", 
      "references": [], 
      "result": "pass", 
      "text": "On agreeing to the LaMalfa amendment (A041) Agreed to by voice vote.", 
      "type": "vote", 
      "vote_type": "vote", 
      "where": "h"
    }, 
    {
      "acted_at": "2015-04-29T19:54:47-04:00", 
      "action_code": "H3A100", 
      "references": [
        {
          "reference": "CR H2620-2621", 
          "type": "consideration"
        }, 
        {
          "reference": "CR H2620", 
          "type": "text"
        }
      ], 
      "text": "Amendment (A041) offered by Mr. LaMalfa.", 
      "type": "action"
    }, 
    {
      "acted_at": "2015-04-29", 
      "action_code": "", 
      "references": [], 
      "text": "", 
      "type": "action"
    }, 
    {
      "acted_at": "2015-04-29", 
      "action_code": "71000", 
      "references": [], 
      "text": "House amendment offered", 
      "type": "action"
    }, 
    {
      "acted_at": "2015-04-29T19:54:47-04:00", 
      "action_code": "71500", 
      "references": [
        {
          "reference": "CR H2620-2621", 
          "type": "consideration"
        }, 
        {
          "reference": "CR H2620", 
          "type": "text"
        }
      ], 
      "text": "House amendment offered/reported by : Amendment (A041) offered by Mr. LaMalfa.", 
      "type": "action"
    }, 
    {
      "acted_at": "2015-04-29T19:56:46-04:00", 
      "action_code": "72000", 
      "references": [], 
      "text": "House amendment agreed to: On agreeing to the LaMalfa amendment (A041) Agreed to by voice vote.", 
      "type": "action"
    }, 
    {
      "acted_at": "2015-04-29T19:56:46-04:00", 
      "action_code": "76000", 
      "references": [], 
      "text": "Amendment agreed to Committee of the Whole", 
      "type": "action"
    }
  ], 
  "amendment_id": "hamdt148-114", 
  "amendment_type": "hamdt", 
  "amends_amendment": null, 
  "amends_bill": {
    "bill_id": "hr2029-114", 
    "bill_type": "hr", 
    "congress": 114, 
    "number": 2029
  }, 
  "amends_treaty": null, 
  "chamber": "h", 
  "congress": "114", 
  "description": "Amendment reduces the amount budgeted for the general administration of Veterans Affairs by $5 million and directs it toward the Veterans Benefits Administration account in order to address backlogs in veterans claims.", 
  "introduced_at": "2015-04-29", 
  "number": 148, 
  "purpose": "An amendment to provide that for an additional amount for Department of Veterans Affairs-Departmental Administration-General Operating Expenses, Veterans Administration, there is hereby appropriated, and the amount otherwise provided by this Act is hereby reduced by $5 million.", 
  "sponsor": {
    "bioguide_id": "L000578", 
    "district": "1", 
    "name": "LaMalfa, Doug", 
    "state": "CA", 
    "thomas_id": "02100", 
    "title": "Rep", 
    "type": "person"
  }, 
  "status": "pass", 
  "status_at": "2015-04-29T19:56:46-04:00", 
  "updated_at": "2016-08-01T13:27:20Z"
}