{
  "actions": [
    {
      "acted_at": "2015-04-29T21:26:48-04:00", 
      "action_code": "H32140", 
      "references": [
        {
          "reference": "CR H2635", 
          "type": "consideration"
        }
      ], 
      "text": "By unanimous consent, the Crawford amendment was withdrawn.", 
      "type": "action"
    }, 
    {
      "acted_at": "2015-04-29T21:23:53-04:00", 
      "action_code": "H3A100", 
      "references": [
        {
          "reference": "CR H2635", 
          "type": "consideration"
        }, 
        {
          "reference": "CR H2635", 
          "type": "text"
        }
      ], 
      "text": "Amendment (A005) offered by Mr. Crawford.", 
      "type": "action"
    }, 
    {
      "acted_at": "2015-04-29", 
      "action_code": "", 
      "references": [], 
      "text": "", 
      "type": "action"
    }, 
    {
      "acted_at": "2015-04-29", 
      "action_code": "71000", 
      "references": [], 
      "text": "House amendment offered", 
      "type": "action"
    }, 
    {
      "acted_at": "2015-04-29T21:23:53-04:00", 
      "action_code": "71500", 
      "references": [
        {
          "reference": "CR H2635", 
          "type": "consideration"
        }, 
        {
          "reference": "CR H2635", 
          "type": "text"
        }
      ], 
      "text": "House amendment offered/reported by : Amendment (A005) offered by Mr. Crawford.", 
      "type": "action"
    }
  ], 
  "amendment_id": "hamdt155-114", 
  "amendment_type": "hamdt", 
  "amends_amendment": null, 
  "amends_bill": {
    "bill_id": "hr2028-114", 
    "bill_type": "hr", 
    "congress": 114, 
    "number": 2028
  }, 
  "amends_treaty": null, 
  "chamber": "h", 
  "congress": "114", 
  "description": null, 
  "introduced_at": "2015-04-29", 
  "number": 155, 
  "purpose": "An amendment to increase funding for Mississippi River and Tributaries by $27 million and reduce EERE by $96 million.", 
  "sponsor": {
    "bioguide_id": "C001087", 
    "district": "1", 
    "name": "Crawford, Eric A. \"Rick\"", 
    "state": "AR", 
    "thomas_id": "01989", 
    "title": "Rep", 
    "type": "person"
  }, 
  "status": "offered", 
  "status_at": "2015-04-29", 
  "updated_at": "2016-08-01T13:27:19Z"
}