{
  "actions": [
    {
      "acted_at": "2015-06-02T17:32:05-04:00", 
      "action_code": "H32140", 
      "references": [
        {
          "reference": "CR H3692", 
          "type": "consideration"
        }
      ], 
      "text": "By unanimous consent, the Bonamici amendment was withdrawn.", 
      "type": "action"
    }, 
    {
      "acted_at": "2015-06-02T17:28:39-04:00", 
      "action_code": "H3A100", 
      "references": [
        {
          "reference": "CR H3691-3692", 
          "type": "consideration"
        }, 
        {
          "reference": "CR H3691", 
          "type": "text"
        }
      ], 
      "text": "Amendment (A019) offered by Ms. Bonamici.", 
      "type": "action"
    }, 
    {
      "acted_at": "2015-06-02", 
      "action_code": "", 
      "references": [], 
      "text": "", 
      "type": "action"
    }, 
    {
      "acted_at": "2015-06-02", 
      "action_code": "71000", 
      "references": [], 
      "text": "House amendment offered", 
      "type": "action"
    }, 
    {
      "acted_at": "2015-06-02T17:28:39-04:00", 
      "action_code": "71500", 
      "references": [
        {
          "reference": "CR H3691-3692", 
          "type": "consideration"
        }, 
        {
          "reference": "CR H3691", 
          "type": "text"
        }
      ], 
      "text": "House amendment offered/reported by : Amendment (A019) offered by Ms. Bonamici.", 
      "type": "action"
    }
  ], 
  "amendment_id": "hamdt287-114", 
  "amendment_type": "hamdt", 
  "amends_amendment": null, 
  "amends_bill": {
    "bill_id": "hr2578-114", 
    "bill_type": "hr", 
    "congress": 114, 
    "number": 2578
  }, 
  "amends_treaty": null, 
  "chamber": "h", 
  "congress": "114", 
  "description": null, 
  "introduced_at": "2015-06-02", 
  "number": 287, 
  "purpose": "An amendment No. 5 printed in the Congressional Record to increase funding for NOAA procurement, acquisition and construction by $380 million.", 
  "sponsor": {
    "bioguide_id": "B001278", 
    "district": "1", 
    "name": "Bonamici, Suzanne", 
    "state": "OR", 
    "thomas_id": "02092", 
    "title": "Rep", 
    "type": "person"
  }, 
  "status": "offered", 
  "status_at": "2015-06-02", 
  "updated_at": "2016-08-01T13:27:41Z"
}