{
  "actions": [
    {
      "acted_at": "2015-02-26T20:44:20-05:00", 
      "action_code": "H32111", 
      "how": "by voice vote", 
      "references": [], 
      "result": "pass", 
      "text": "On agreeing to the Polis amendment (A024) Agreed to by voice vote.", 
      "type": "vote", 
      "vote_type": "vote", 
      "where": "h"
    }, 
    {
      "acted_at": "2015-02-26T20:39:29-05:00", 
      "action_code": "H3A100", 
      "references": [
        {
          "reference": "CR H1278-1279", 
          "type": "consideration"
        }, 
        {
          "reference": "CR H1278", 
          "type": "text"
        }
      ], 
      "text": "Amendment (A024) offered by Mr. Polis.", 
      "type": "action"
    }, 
    {
      "acted_at": "2015-02-26", 
      "action_code": "", 
      "references": [], 
      "text": "", 
      "type": "action"
    }, 
    {
      "acted_at": "2015-02-26", 
      "action_code": "71000", 
      "references": [], 
      "text": "House amendment offered", 
      "type": "action"
    }, 
    {
      "acted_at": "2015-02-26T20:39:29-05:00", 
      "action_code": "71500", 
      "references": [
        {
          "reference": "CR H1278-1279", 
          "type": "consideration"
        }, 
        {
          "reference": "CR H1278", 
          "type": "text"
        }
      ], 
      "text": "House amendment offered/reported by : Amendment (A024) offered by Mr. Polis.", 
      "type": "action"
    }, 
    {
      "acted_at": "2015-02-26T20:44:20-05:00", 
      "action_code": "72000", 
      "references": [], 
      "text": "House amendment agreed to: On agreeing to the Polis amendment (A024) Agreed to by voice vote.", 
      "type": "action"
    }, 
    {
      "acted_at": "2015-02-26T20:44:20-05:00", 
      "action_code": "76000", 
      "references": [], 
      "text": "Amendment agreed to Committee of the Whole", 
      "type": "action"
    }
  ], 
  "amendment_id": "hamdt47-114", 
  "amendment_type": "hamdt", 
  "amends_amendment": null, 
  "amends_bill": {
    "bill_id": "hr5-114", 
    "bill_type": "hr", 
    "congress": 114, 
    "number": 5
  }, 
  "amends_treaty": null, 
  "chamber": "h", 
  "congress": "114", 
  "description": "Amendment allows grants to be used for the creation and distribution of open access textbooks and open educational resources.", 
  "introduced_at": "2015-02-26", 
  "number": 47, 
  "purpose": "An amendment No. 24 printed in part B of House Report 114-29 to allows grants to be used for the creation and distribution of open access textbooks and open educational resources.", 
  "sponsor": {
    "bioguide_id": "P000598", 
    "district": "2", 
    "name": "Polis, Jared", 
    "state": "CO", 
    "thomas_id": "01910", 
    "title": "Rep", 
    "type": "person"
  }, 
  "status": "pass", 
  "status_at": "2015-02-26T20:44:20-05:00", 
  "updated_at": "2016-08-01T13:26:00Z"
}