{
  "actions": [
    {
      "acted_at": "2015-04-30T20:00:31-04:00", 
      "action_code": "H32111", 
      "how": "by voice vote", 
      "references": [], 
      "result": "pass", 
      "text": "On agreeing to the Langevin amendment Agreed to by voice vote.", 
      "type": "vote", 
      "vote_type": "vote", 
      "where": "h"
    }, 
    {
      "acted_at": "2015-04-30T19:57:27-04:00", 
      "action_code": "H3A100", 
      "references": [
        {
          "reference": "CR H2715-2716", 
          "type": "consideration"
        }, 
        {
          "reference": "CR H2715", 
          "type": "text"
        }
      ], 
      "text": "Amendment (A034) offered by Mr. Langevin.", 
      "type": "action"
    }, 
    {
      "acted_at": "2015-04-30", 
      "action_code": "", 
      "references": [], 
      "text": "", 
      "type": "action"
    }, 
    {
      "acted_at": "2015-04-30", 
      "action_code": "71000", 
      "references": [], 
      "text": "House amendment offered", 
      "type": "action"
    }, 
    {
      "acted_at": "2015-04-30T19:57:27-04:00", 
      "action_code": "71500", 
      "references": [
        {
          "reference": "CR H2715-2716", 
          "type": "consideration"
        }, 
        {
          "reference": "CR H2715", 
          "type": "text"
        }
      ], 
      "text": "House amendment offered/reported by : Amendment (A034) offered by Mr. Langevin.", 
      "type": "action"
    }, 
    {
      "acted_at": "2015-04-30T20:00:31-04:00", 
      "action_code": "72000", 
      "references": [], 
      "text": "House amendment agreed to: On agreeing to the Langevin amendment Agreed to by voice vote.", 
      "type": "action"
    }, 
    {
      "acted_at": "2015-04-30T20:00:31-04:00", 
      "action_code": "76000", 
      "references": [], 
      "text": "Amendment agreed to Committee of the Whole", 
      "type": "action"
    }
  ], 
  "amendment_id": "hamdt184-114", 
  "amendment_type": "hamdt", 
  "amends_amendment": null, 
  "amends_bill": {
    "bill_id": "hr2028-114", 
    "bill_type": "hr", 
    "congress": 114, 
    "number": 2028
  }, 
  "amends_treaty": null, 
  "chamber": "h", 
  "congress": "114", 
  "description": "Amendment increases funding for the Naval Reactor account by $2.426 million and reduces funding for Federal Salaries and Expenses by $2.5 million.", 
  "introduced_at": "2015-04-30", 
  "number": 184, 
  "purpose": "An amendment to increase the funding for the Naval Reactor account by $2,426,000 and reduce funding for the Federal Salaries and Expenses by $2,500,000 account.", 
  "sponsor": {
    "bioguide_id": "L000559", 
    "district": "2", 
    "name": "Langevin, James R.", 
    "state": "RI", 
    "thomas_id": "01668", 
    "title": "Rep", 
    "type": "person"
  }, 
  "status": "pass", 
  "status_at": "2015-04-30T20:00:31-04:00", 
  "updated_at": "2016-08-01T13:27:19Z"
}