{
  "actions": [
    {
      "acted_at": "2015-06-04T12:08:13-04:00", 
      "action_code": "H32111", 
      "how": "roll", 
      "references": [
        {
          "reference": "CR H3899", 
          "type": "consideration"
        }
      ], 
      "result": "fail", 
      "roll": 302, 
      "text": "On agreeing to the Garrett amendment (A018) Failed by recorded vote: 160 - 266 (Roll no. 302).", 
      "type": "vote", 
      "vote_type": "vote", 
      "where": "h"
    }, 
    {
      "acted_at": "2015-06-03T21:50:09-04:00", 
      "action_code": "H3A100", 
      "references": [
        {
          "reference": "CR H3847", 
          "type": "consideration"
        }, 
        {
          "reference": "CR H3847", 
          "type": "text"
        }
      ], 
      "text": "Amendment (A018) offered by Mr. Garrett.", 
      "type": "action"
    }, 
    {
      "acted_at": "2015-06-03", 
      "action_code": "", 
      "references": [], 
      "text": "", 
      "type": "action"
    }, 
    {
      "acted_at": "2015-06-03", 
      "action_code": "71000", 
      "references": [], 
      "text": "House amendment offered", 
      "type": "action"
    }, 
    {
      "acted_at": "2015-06-03T21:50:09-04:00", 
      "action_code": "71500", 
      "references": [
        {
          "reference": "CR H3847", 
          "type": "consideration"
        }, 
        {
          "reference": "CR H3847", 
          "type": "text"
        }
      ], 
      "text": "House amendment offered/reported by : Amendment (A018) offered by Mr. Garrett.", 
      "type": "action"
    }, 
    {
      "acted_at": "2015-06-04T12:08:13-04:00", 
      "action_code": "73000", 
      "references": [
        {
          "reference": "CR H3899", 
          "type": "consideration"
        }
      ], 
      "text": "House amendment not agreed to: On agreeing to the Garrett amendment (A018) Failed by recorded vote: 160 - 266 (Roll no. 302).", 
      "type": "action"
    }, 
    {
      "acted_at": "2015-06-04T12:08:13-04:00", 
      "action_code": "75000", 
      "references": [], 
      "text": "Roll call votes on amendments in House", 
      "type": "action"
    }, 
    {
      "acted_at": "2015-06-04T12:08:13-04:00", 
      "action_code": "77000", 
      "references": [], 
      "text": "Amendment failed in Committee of the Whole", 
      "type": "action"
    }
  ], 
  "amendment_id": "hamdt373-114", 
  "amendment_type": "hamdt", 
  "amends_amendment": null, 
  "amends_bill": {
    "bill_id": "hr2577-114", 
    "bill_type": "hr", 
    "congress": 114, 
    "number": 2577
  }, 
  "amends_treaty": null, 
  "chamber": "h", 
  "congress": "114", 
  "description": "Amendment sought to increase funding for the Federal Railroad Administration's safety and operations account by $16,930,000 and reduce funding for FRA capital investment grants by $83 million.", 
  "introduced_at": "2015-06-03", 
  "number": 373, 
  "purpose": "An amendment to increase the Federal Railroad Administration by $16,930,000 and decrease the Capital Investment Grants by $83 million.", 
  "sponsor": {
    "bioguide_id": "G000548", 
    "district": "5", 
    "name": "Garrett, Scott", 
    "state": "NJ", 
    "thomas_id": "01737", 
    "title": "Rep", 
    "type": "person"
  }, 
  "status": "fail", 
  "status_at": "2015-06-04T12:08:13-04:00", 
  "updated_at": "2016-08-26T08:52:19Z"
}