{
  "actions": [
    {
      "acted_at": "2015-04-29T16:43:55-04:00", 
      "action_code": "H32111", 
      "how": "by voice vote", 
      "references": [], 
      "result": "pass", 
      "text": "On agreeing to the Ruiz amendment (A010) Agreed to by voice vote.", 
      "type": "vote", 
      "vote_type": "vote", 
      "where": "h"
    }, 
    {
      "acted_at": "2015-04-29T16:39:27-04:00", 
      "action_code": "H3A100", 
      "references": [
        {
          "reference": "CR H2594", 
          "type": "consideration"
        }, 
        {
          "reference": "CR H2594", 
          "type": "text"
        }
      ], 
      "text": "Amendment (A010) offered by Mr. Ruiz.", 
      "type": "action"
    }, 
    {
      "acted_at": "2015-04-29", 
      "action_code": "", 
      "references": [], 
      "text": "", 
      "type": "action"
    }, 
    {
      "acted_at": "2015-04-29", 
      "action_code": "71000", 
      "references": [], 
      "text": "House amendment offered", 
      "type": "action"
    }, 
    {
      "acted_at": "2015-04-29T16:39:27-04:00", 
      "action_code": "71500", 
      "references": [
        {
          "reference": "CR H2594", 
          "type": "consideration"
        }, 
        {
          "reference": "CR H2594", 
          "type": "text"
        }
      ], 
      "text": "House amendment offered/reported by : Amendment (A010) offered by Mr. Ruiz.", 
      "type": "action"
    }, 
    {
      "acted_at": "2015-04-29T16:43:55-04:00", 
      "action_code": "72000", 
      "references": [], 
      "text": "House amendment agreed to: On agreeing to the Ruiz amendment (A010) Agreed to by voice vote.", 
      "type": "action"
    }, 
    {
      "acted_at": "2015-04-29T16:43:55-04:00", 
      "action_code": "76000", 
      "references": [], 
      "text": "Amendment agreed to Committee of the Whole", 
      "type": "action"
    }
  ], 
  "amendment_id": "hamdt117-114", 
  "amendment_type": "hamdt", 
  "amends_amendment": null, 
  "amends_bill": {
    "bill_id": "hr2029-114", 
    "bill_type": "hr", 
    "congress": 114, 
    "number": 2029
  }, 
  "amends_treaty": null, 
  "chamber": "h", 
  "congress": "114", 
  "description": "Amendment redirects $5 million in funding within the General Operating Expenses, Veterans Benefits Administration account for the purpose of providing for digital scanning of health and benefits files of veterans.", 
  "introduced_at": "2015-04-29", 
  "number": 117, 
  "purpose": "An amendment to redirect $5 million in funding within the General Operating Expenses, Veterans Benefits Administration account.", 
  "sponsor": {
    "bioguide_id": "R000599", 
    "district": "36", 
    "name": "Ruiz, Raul", 
    "state": "CA", 
    "thomas_id": "02109", 
    "title": "Rep", 
    "type": "person"
  }, 
  "status": "pass", 
  "status_at": "2015-04-29T16:43:55-04:00", 
  "updated_at": "2016-08-01T13:27:21Z"
}