{
  "actions": [
    {
      "acted_at": "2015-06-04T12:12:24-04:00", 
      "action_code": "H32111", 
      "how": "roll", 
      "references": [
        {
          "reference": "CR H3899-3900", 
          "type": "consideration"
        }
      ], 
      "result": "fail", 
      "roll": 303, 
      "text": "On agreeing to the Brooks (AL) amendment (A020) Failed by recorded vote: 143 - 283 (Roll no. 303).", 
      "type": "vote", 
      "vote_type": "vote", 
      "where": "h"
    }, 
    {
      "acted_at": "2015-06-03T22:05:25-04:00", 
      "action_code": "H3A100", 
      "references": [
        {
          "reference": "CR H3848-3850", 
          "type": "consideration"
        }, 
        {
          "reference": "CR H3848", 
          "type": "text"
        }
      ], 
      "text": "Amendment (A020) offered by Mr. Brooks (AL).", 
      "type": "action"
    }, 
    {
      "acted_at": "2015-06-03", 
      "action_code": "", 
      "references": [], 
      "text": "", 
      "type": "action"
    }, 
    {
      "acted_at": "2015-06-03", 
      "action_code": "71000", 
      "references": [], 
      "text": "House amendment offered", 
      "type": "action"
    }, 
    {
      "acted_at": "2015-06-03T22:05:25-04:00", 
      "action_code": "71500", 
      "references": [
        {
          "reference": "CR H3848-3850", 
          "type": "consideration"
        }, 
        {
          "reference": "CR H3848", 
          "type": "text"
        }
      ], 
      "text": "House amendment offered/reported by : Amendment (A020) offered by Mr. Brooks (AL).", 
      "type": "action"
    }, 
    {
      "acted_at": "2015-06-04T12:12:24-04:00", 
      "action_code": "73000", 
      "references": [
        {
          "reference": "CR H3899-3900", 
          "type": "consideration"
        }
      ], 
      "text": "House amendment not agreed to: On agreeing to the Brooks (AL) amendment (A020) Failed by recorded vote: 143 - 283 (Roll no. 303).", 
      "type": "action"
    }, 
    {
      "acted_at": "2015-06-04T12:12:24-04:00", 
      "action_code": "75000", 
      "references": [], 
      "text": "Roll call votes on amendments in House", 
      "type": "action"
    }, 
    {
      "acted_at": "2015-06-04T12:12:24-04:00", 
      "action_code": "77000", 
      "references": [], 
      "text": "Amendment failed in Committee of the Whole", 
      "type": "action"
    }
  ], 
  "amendment_id": "hamdt375-114", 
  "amendment_type": "hamdt", 
  "amends_amendment": null, 
  "amends_bill": {
    "bill_id": "hr2577-114", 
    "bill_type": "hr", 
    "congress": 114, 
    "number": 2577
  }, 
  "amends_treaty": null, 
  "chamber": "h", 
  "congress": "114", 
  "description": "Amendment sought to eliminate Federal Government operating subsidies of Amtrak.", 
  "introduced_at": "2015-06-03", 
  "number": 375, 
  "purpose": "An amendment to strike the paragraph providing funding for Operating Grants to the National Railroad Passenger Corporation.", 
  "sponsor": {
    "bioguide_id": "B001274", 
    "district": "5", 
    "name": "Brooks, Mo", 
    "state": "AL", 
    "thomas_id": "01987", 
    "title": "Rep", 
    "type": "person"
  }, 
  "status": "fail", 
  "status_at": "2015-06-04T12:12:24-04:00", 
  "updated_at": "2016-08-26T08:52:19Z"
}