{
  "actions": [
    {
      "acted_at": "2015-06-03T23:19:38-04:00", 
      "action_code": "H32140", 
      "references": [
        {
          "reference": "CR H3860", 
          "type": "consideration"
        }
      ], 
      "text": "By unanimous consent, the Green, Al amendment was withdrawn.", 
      "type": "action"
    }, 
    {
      "acted_at": "2015-06-03T23:15:33-04:00", 
      "action_code": "H3A100", 
      "references": [
        {
          "reference": "CR H3860", 
          "type": "consideration"
        }, 
        {
          "reference": "CR H3860", 
          "type": "text"
        }
      ], 
      "text": "Amendment (A029) offered by Mr. Green, Al.", 
      "type": "action"
    }, 
    {
      "acted_at": "2015-06-03", 
      "action_code": "", 
      "references": [], 
      "text": "", 
      "type": "action"
    }, 
    {
      "acted_at": "2015-06-03", 
      "action_code": "71000", 
      "references": [], 
      "text": "House amendment offered", 
      "type": "action"
    }, 
    {
      "acted_at": "2015-06-03T23:15:33-04:00", 
      "action_code": "71500", 
      "references": [
        {
          "reference": "CR H3860", 
          "type": "consideration"
        }, 
        {
          "reference": "CR H3860", 
          "type": "text"
        }
      ], 
      "text": "House amendment offered/reported by : Amendment (A029) offered by Mr. Green, Al.", 
      "type": "action"
    }
  ], 
  "amendment_id": "hamdt384-114", 
  "amendment_type": "hamdt", 
  "amends_amendment": null, 
  "amends_bill": {
    "bill_id": "hr2577-114", 
    "bill_type": "hr", 
    "congress": 114, 
    "number": 2577
  }, 
  "amends_treaty": null, 
  "chamber": "h", 
  "congress": "114", 
  "description": null, 
  "introduced_at": "2015-06-03", 
  "number": 384, 
  "purpose": "An amendment to increase funding for Renewals of Expiring Section 8 tenant-based annual contributions contracts under Public and Indian Housing Programs by $75 million.", 
  "sponsor": {
    "bioguide_id": "G000553", 
    "district": "9", 
    "name": "Green, Al", 
    "state": "TX", 
    "thomas_id": "01803", 
    "title": "Rep", 
    "type": "person"
  }, 
  "status": "offered", 
  "status_at": "2015-06-03", 
  "updated_at": "2016-08-26T08:52:19Z"
}