{
  "actions": [
    {
      "acted_at": "2015-06-02T16:33:58-04:00", 
      "action_code": "H32140", 
      "references": [
        {
          "reference": "CR H3684", 
          "type": "consideration"
        }
      ], 
      "text": "By unanimous consent, the Scott, Austin amendment was withdrawn.", 
      "type": "action"
    }, 
    {
      "acted_at": "2015-06-02T16:30:55-04:00", 
      "action_code": "H3A100", 
      "references": [
        {
          "reference": "CR H3684", 
          "type": "consideration"
        }, 
        {
          "reference": "CR H3684", 
          "type": "text"
        }
      ], 
      "text": "Amendment (A010) offered by Mr. Scott, Austin.", 
      "type": "action"
    }, 
    {
      "acted_at": "2015-06-02", 
      "action_code": "", 
      "references": [], 
      "text": "", 
      "type": "action"
    }, 
    {
      "acted_at": "2015-06-02", 
      "action_code": "71000", 
      "references": [], 
      "text": "House amendment offered", 
      "type": "action"
    }, 
    {
      "acted_at": "2015-06-02T16:30:55-04:00", 
      "action_code": "71500", 
      "references": [
        {
          "reference": "CR H3684", 
          "type": "consideration"
        }, 
        {
          "reference": "CR H3684", 
          "type": "text"
        }
      ], 
      "text": "House amendment offered/reported by : Amendment (A010) offered by Mr. Scott, Austin.", 
      "type": "action"
    }
  ], 
  "amendment_id": "hamdt278-114", 
  "amendment_type": "hamdt", 
  "amends_amendment": null, 
  "amends_bill": {
    "bill_id": "hr2578-114", 
    "bill_type": "hr", 
    "congress": 114, 
    "number": 2578
  }, 
  "amends_treaty": null, 
  "chamber": "h", 
  "congress": "114", 
  "description": null, 
  "introduced_at": "2015-06-02", 
  "number": 278, 
  "purpose": "An amendment to reduce NOAA's relocation of facilities account by $3,200,000 and apply the savings to the spending reduction account.", 
  "sponsor": {
    "bioguide_id": "S001189", 
    "district": "8", 
    "name": "Scott, Austin", 
    "state": "GA", 
    "thomas_id": "02009", 
    "title": "Rep", 
    "type": "person"
  }, 
  "status": "offered", 
  "status_at": "2015-06-02", 
  "updated_at": "2016-08-01T13:27:41Z"
}