{
  "actions": [
    {
      "acted_at": "2015-06-09T19:45:53-04:00", 
      "action_code": "H32111", 
      "how": "roll", 
      "references": [
        {
          "reference": "CR H3970-3971", 
          "type": "consideration"
        }
      ], 
      "result": "fail", 
      "roll": 318, 
      "text": "On agreeing to the Posey amendment (A058) Failed by recorded vote: 134 - 287 (Roll no. 318).", 
      "type": "vote", 
      "vote_type": "vote", 
      "where": "h"
    }, 
    {
      "acted_at": "2015-06-04T11:16:17-04:00", 
      "action_code": "H3A100", 
      "references": [
        {
          "reference": "CR H3896", 
          "type": "consideration"
        }, 
        {
          "reference": "CR H3896", 
          "type": "text"
        }
      ], 
      "text": "Amendment (A058) offered by Mr. Posey.", 
      "type": "action"
    }, 
    {
      "acted_at": "2015-06-04", 
      "action_code": "", 
      "references": [], 
      "text": "", 
      "type": "action"
    }, 
    {
      "acted_at": "2015-06-04", 
      "action_code": "71000", 
      "references": [], 
      "text": "House amendment offered", 
      "type": "action"
    }, 
    {
      "acted_at": "2015-06-04T11:16:17-04:00", 
      "action_code": "71500", 
      "references": [
        {
          "reference": "CR H3896", 
          "type": "consideration"
        }, 
        {
          "reference": "CR H3896", 
          "type": "text"
        }
      ], 
      "text": "House amendment offered/reported by : Amendment (A058) offered by Mr. Posey.", 
      "type": "action"
    }, 
    {
      "acted_at": "2015-06-09T19:45:53-04:00", 
      "action_code": "73000", 
      "references": [
        {
          "reference": "CR H3970-3971", 
          "type": "consideration"
        }
      ], 
      "text": "House amendment not agreed to: On agreeing to the Posey amendment (A058) Failed by recorded vote: 134 - 287 (Roll no. 318).", 
      "type": "action"
    }, 
    {
      "acted_at": "2015-06-09T19:45:53-04:00", 
      "action_code": "75000", 
      "references": [], 
      "text": "Roll call votes on amendments in House", 
      "type": "action"
    }, 
    {
      "acted_at": "2015-06-09T19:45:53-04:00", 
      "action_code": "77000", 
      "references": [], 
      "text": "Amendment failed in Committee of the Whole", 
      "type": "action"
    }
  ], 
  "amendment_id": "hamdt413-114", 
  "amendment_type": "hamdt", 
  "amends_amendment": null, 
  "amends_bill": {
    "bill_id": "hr2577-114", 
    "bill_type": "hr", 
    "congress": 114, 
    "number": 2577
  }, 
  "amends_treaty": null, 
  "chamber": "h", 
  "congress": "114", 
  "description": "Amendment sought to prohibit the use of funds by the Department of Transportation to make a loan in an amount that exceeds $600 million under the Railroad Revitalization and Regulatory Reform Act.", 
  "introduced_at": "2015-06-04", 
  "number": 413, 
  "purpose": "An amendment to prohibit the use of funds by the Department of Transportation to make a loan in an amount that exceeds $600 million under the Railroad Revitalization and Regulatory Reform Act.", 
  "sponsor": {
    "bioguide_id": "P000599", 
    "district": "8", 
    "name": "Posey, Bill", 
    "state": "FL", 
    "thomas_id": "01915", 
    "title": "Rep", 
    "type": "person"
  }, 
  "status": "fail", 
  "status_at": "2015-06-09T19:45:53-04:00", 
  "updated_at": "2016-08-26T08:52:19Z"
}