{
  "actions": [
    {
      "acted_at": "2015-06-09T20:21:14-04:00", 
      "action_code": "H32111", 
      "how": "by voice vote", 
      "references": [], 
      "result": "pass", 
      "text": "On agreeing to the Engel amendment (A063) Agreed to by voice vote.", 
      "type": "vote", 
      "vote_type": "vote", 
      "where": "h"
    }, 
    {
      "acted_at": "2015-06-09T20:17:37-04:00", 
      "action_code": "H3A100", 
      "references": [
        {
          "reference": "CR H3976-3977", 
          "type": "consideration"
        }, 
        {
          "reference": "CR H3976", 
          "type": "text"
        }
      ], 
      "text": "Amendment (A063) offered by Mr. Engel.", 
      "type": "action"
    }, 
    {
      "acted_at": "2015-06-09", 
      "action_code": "", 
      "references": [], 
      "text": "", 
      "type": "action"
    }, 
    {
      "acted_at": "2015-06-09", 
      "action_code": "71000", 
      "references": [], 
      "text": "House amendment offered", 
      "type": "action"
    }, 
    {
      "acted_at": "2015-06-09T20:17:37-04:00", 
      "action_code": "71500", 
      "references": [
        {
          "reference": "CR H3976-3977", 
          "type": "consideration"
        }, 
        {
          "reference": "CR H3976", 
          "type": "text"
        }
      ], 
      "text": "House amendment offered/reported by : Amendment (A063) offered by Mr. Engel.", 
      "type": "action"
    }, 
    {
      "acted_at": "2015-06-09T20:21:14-04:00", 
      "action_code": "72000", 
      "references": [], 
      "text": "House amendment agreed to: On agreeing to the Engel amendment (A063) Agreed to by voice vote.", 
      "type": "action"
    }, 
    {
      "acted_at": "2015-06-09T20:21:14-04:00", 
      "action_code": "76000", 
      "references": [], 
      "text": "Amendment agreed to Committee of the Whole", 
      "type": "action"
    }
  ], 
  "amendment_id": "hamdt423-114", 
  "amendment_type": "hamdt", 
  "amends_amendment": null, 
  "amends_bill": {
    "bill_id": "hr2577-114", 
    "bill_type": "hr", 
    "congress": 114, 
    "number": 2577
  }, 
  "amends_treaty": null, 
  "chamber": "h", 
  "congress": "114", 
  "description": "Amendment to prohibit the use of funds to lease or purchase new light duty vehicles for any executive fleet, or for an agency's fleet inventory, except in accordance with Presidential Memorandum.", 
  "introduced_at": "2015-06-09", 
  "number": 423, 
  "purpose": "An amendment numbered 4 printed in the Congressional Record to prohibit the use of funds to lease or purchase new light duty vehicles for any executive fleet, or for an agency's fleet inventory, except in accordance with Presidential Memorandum.", 
  "sponsor": {
    "bioguide_id": "E000179", 
    "district": "16", 
    "name": "Engel, Eliot L.", 
    "state": "NY", 
    "thomas_id": "00344", 
    "title": "Rep", 
    "type": "person"
  }, 
  "status": "pass", 
  "status_at": "2015-06-09T20:21:14-04:00", 
  "updated_at": "2016-08-26T08:52:18Z"
}