{
  "actions": [
    {
      "acted_at": "2015-05-15T10:32:00-04:00", 
      "action_code": "H32111", 
      "how": "roll", 
      "references": [
        {
          "reference": "CR H3232", 
          "type": "consideration"
        }
      ], 
      "result": "pass", 
      "roll": 236, 
      "text": "On agreeing to the Lucas amendment (A015) Agreed to by recorded vote: 229 - 190 (Roll no. 236).", 
      "type": "vote", 
      "vote_type": "vote", 
      "where": "h"
    }, 
    {
      "acted_at": "2015-05-14T20:24:50-04:00", 
      "action_code": "H3A100", 
      "references": [
        {
          "reference": "CR H3191-3192", 
          "type": "consideration"
        }, 
        {
          "reference": "CR H3191", 
          "type": "text"
        }
      ], 
      "text": "Amendment (A015) offered by Mr. Lucas.", 
      "type": "action"
    }, 
    {
      "acted_at": "2015-05-14", 
      "action_code": "", 
      "references": [], 
      "text": "", 
      "type": "action"
    }, 
    {
      "acted_at": "2015-05-14", 
      "action_code": "71000", 
      "references": [], 
      "text": "House amendment offered", 
      "type": "action"
    }, 
    {
      "acted_at": "2015-05-14T20:24:50-04:00", 
      "action_code": "71500", 
      "references": [
        {
          "reference": "CR H3191-3192", 
          "type": "consideration"
        }, 
        {
          "reference": "CR H3191", 
          "type": "text"
        }
      ], 
      "text": "House amendment offered/reported by : Amendment (A015) offered by Mr. Lucas.", 
      "type": "action"
    }, 
    {
      "acted_at": "2015-05-15T10:32:00-04:00", 
      "action_code": "72000", 
      "references": [
        {
          "reference": "CR H3232", 
          "type": "consideration"
        }
      ], 
      "text": "House amendment agreed to: On agreeing to the Lucas amendment (A015) Agreed to by recorded vote: 229 - 190 (Roll no. 236).", 
      "type": "action"
    }, 
    {
      "acted_at": "2015-05-15T10:32:00-04:00", 
      "action_code": "75000", 
      "references": [], 
      "text": "Roll call votes on amendments in House", 
      "type": "action"
    }, 
    {
      "acted_at": "2015-05-15T10:32:00-04:00", 
      "action_code": "76000", 
      "references": [], 
      "text": "Amendment agreed to Committee of the Whole", 
      "type": "action"
    }
  ], 
  "amendment_id": "hamdt230-114", 
  "amendment_type": "hamdt", 
  "amends_amendment": null, 
  "amends_bill": {
    "bill_id": "hr1735-114", 
    "bill_type": "hr", 
    "congress": 114, 
    "number": 1735
  }, 
  "amends_treaty": null, 
  "chamber": "h", 
  "congress": "114", 
  "description": "Amendment reverses and prohibits the further listing of the Lesser Prairie Chicken as a threatened or endangered species until 2021, thereby allowing the states to implement their voluntary Range-Wide Conservation Plan for the Lesser Prairie Chicken's habitat. Amendment also de-lists the American Burying Beetle as a threatened or endangered species under the Endangered Species Act.", 
  "introduced_at": "2015-05-14", 
  "number": 230, 
  "purpose": "An amendment No. 38 printed in House Report 114-112 to reverse and prohibit the further listing of the Lesser Prairie Chicken as a threatened or endangered species until 2021, thereby allowing the states to implement their voluntary Range-Wide Conservation Plan for the Lesser Prairie Chicken's habitat. Amendment also de-lists the American Burying Beetle as a threatened or endangered species under the Endangered Species Act.", 
  "sponsor": {
    "bioguide_id": "L000491", 
    "district": "3", 
    "name": "Lucas, Frank D.", 
    "state": "OK", 
    "thomas_id": "00711", 
    "title": "Rep", 
    "type": "person"
  }, 
  "status": "pass", 
  "status_at": "2015-05-15T10:32:00-04:00", 
  "updated_at": "2016-06-15T13:41:50Z"
}