{
  "actions": [
    {
      "acted_at": "2015-06-04T12:21:00-04:00", 
      "action_code": "H32111", 
      "how": "roll", 
      "references": [
        {
          "reference": "CR H3901", 
          "type": "consideration"
        }
      ], 
      "result": "fail", 
      "roll": 305, 
      "text": "On agreeing to the Capps amendment (A028) Failed by recorded vote: 202 - 222 (Roll no. 305).", 
      "type": "vote", 
      "vote_type": "vote", 
      "where": "h"
    }, 
    {
      "acted_at": "2015-06-03T23:05:34-04:00", 
      "action_code": "H3A100", 
      "references": [
        {
          "reference": "CR H3856-3857", 
          "type": "consideration"
        }, 
        {
          "reference": "CR H3856-3857", 
          "type": "text"
        }
      ], 
      "text": "Amendment (A028) offered by Mrs. Capps.", 
      "type": "action"
    }, 
    {
      "acted_at": "2015-06-03", 
      "action_code": "", 
      "references": [], 
      "text": "", 
      "type": "action"
    }, 
    {
      "acted_at": "2015-06-03", 
      "action_code": "71000", 
      "references": [], 
      "text": "House amendment offered", 
      "type": "action"
    }, 
    {
      "acted_at": "2015-06-03T23:05:34-04:00", 
      "action_code": "71500", 
      "references": [
        {
          "reference": "CR H3856-3857", 
          "type": "consideration"
        }, 
        {
          "reference": "CR H3856-3857", 
          "type": "text"
        }
      ], 
      "text": "House amendment offered/reported by : Amendment (A028) offered by Mrs. Capps.", 
      "type": "action"
    }, 
    {
      "acted_at": "2015-06-04T12:21:00-04:00", 
      "action_code": "73000", 
      "references": [
        {
          "reference": "CR H3901", 
          "type": "consideration"
        }
      ], 
      "text": "House amendment not agreed to: On agreeing to the Capps amendment (A028) Failed by recorded vote: 202 - 222 (Roll no. 305).", 
      "type": "action"
    }, 
    {
      "acted_at": "2015-06-04T12:21:00-04:00", 
      "action_code": "75000", 
      "references": [], 
      "text": "Roll call votes on amendments in House", 
      "type": "action"
    }, 
    {
      "acted_at": "2015-06-04T12:21:00-04:00", 
      "action_code": "77000", 
      "references": [], 
      "text": "Amendment failed in Committee of the Whole", 
      "type": "action"
    }
  ], 
  "amendment_id": "hamdt383-114", 
  "amendment_type": "hamdt", 
  "amends_amendment": null, 
  "amends_bill": {
    "bill_id": "hr2577-114", 
    "bill_type": "hr", 
    "congress": 114, 
    "number": 2577
  }, 
  "amends_treaty": null, 
  "chamber": "h", 
  "congress": "114", 
  "description": "Amendment sought to increase funding for the Pipeline and Hazardous Materials Safety Administration's pipeline safety program by $27,604,000.", 
  "introduced_at": "2015-06-03", 
  "number": 383, 
  "purpose": "An amendment to increase funding in the Pipeline Safety Oil Spill Liability Trust Fund by $27,604,000.", 
  "sponsor": {
    "bioguide_id": "C001036", 
    "district": "24", 
    "name": "Capps, Lois", 
    "state": "CA", 
    "thomas_id": "01471", 
    "title": "Rep", 
    "type": "person"
  }, 
  "status": "fail", 
  "status_at": "2015-06-04T12:21:00-04:00", 
  "updated_at": "2016-08-26T08:52:19Z"
}