{
  "actions": [
    {
      "acted_at": "2015-06-03T20:07:54-04:00", 
      "action_code": "H32111", 
      "how": "by voice vote", 
      "references": [], 
      "result": "pass", 
      "text": "On agreeing to the Bustos amendment (A002) Agreed to by voice vote.", 
      "type": "vote", 
      "vote_type": "vote", 
      "where": "h"
    }, 
    {
      "acted_at": "2015-06-03T20:03:53-04:00", 
      "action_code": "H3A100", 
      "references": [
        {
          "reference": "CR H3832", 
          "type": "consideration"
        }, 
        {
          "reference": "CR H3832", 
          "type": "text"
        }
      ], 
      "text": "Amendment (A002) offered by Mrs. Bustos.", 
      "type": "action"
    }, 
    {
      "acted_at": "2015-06-03", 
      "action_code": "", 
      "references": [], 
      "text": "", 
      "type": "action"
    }, 
    {
      "acted_at": "2015-06-03", 
      "action_code": "71000", 
      "references": [], 
      "text": "House amendment offered", 
      "type": "action"
    }, 
    {
      "acted_at": "2015-06-03T20:03:53-04:00", 
      "action_code": "71500", 
      "references": [
        {
          "reference": "CR H3832", 
          "type": "consideration"
        }, 
        {
          "reference": "CR H3832", 
          "type": "text"
        }
      ], 
      "text": "House amendment offered/reported by : Amendment (A002) offered by Mrs. Bustos.", 
      "type": "action"
    }, 
    {
      "acted_at": "2015-06-03T20:07:54-04:00", 
      "action_code": "72000", 
      "references": [], 
      "text": "House amendment agreed to: On agreeing to the Bustos amendment (A002) Agreed to by voice vote.", 
      "type": "action"
    }, 
    {
      "acted_at": "2015-06-03T20:07:54-04:00", 
      "action_code": "76000", 
      "references": [], 
      "text": "Amendment agreed to Committee of the Whole", 
      "type": "action"
    }
  ], 
  "amendment_id": "hamdt357-114", 
  "amendment_type": "hamdt", 
  "amends_amendment": null, 
  "amends_bill": {
    "bill_id": "hr2577-114", 
    "bill_type": "hr", 
    "congress": 114, 
    "number": 2577
  }, 
  "amends_treaty": null, 
  "chamber": "h", 
  "congress": "114", 
  "description": "Amendment increases funding for Pipeline and Hazardous Materials Safety Administration by $500,000 for improvements to rail and pipeline safety.", 
  "introduced_at": "2015-06-03", 
  "number": 357, 
  "purpose": "An amendment to increase funding for Pipeline and Hazardous Materials Safety Administration by $500,000.", 
  "sponsor": {
    "bioguide_id": "B001286", 
    "district": "17", 
    "name": "Bustos, Cheri", 
    "state": "IL", 
    "thomas_id": "02127", 
    "title": "Rep", 
    "type": "person"
  }, 
  "status": "pass", 
  "status_at": "2015-06-03T20:07:54-04:00", 
  "updated_at": "2016-08-26T08:52:18Z"
}