{
  "actions": [
    {
      "acted_at": "2015-06-02T21:34:44-04:00", 
      "action_code": "H32140", 
      "references": [
        {
          "reference": "CR H3724", 
          "type": "consideration"
        }
      ], 
      "text": "By unanimous consent, the Schweikert amendment was withdrawn.", 
      "type": "action"
    }, 
    {
      "acted_at": "2015-06-02T21:31:43-04:00", 
      "action_code": "H3A100", 
      "references": [
        {
          "reference": "CR H3724", 
          "type": "consideration"
        }, 
        {
          "reference": "CR H3724", 
          "type": "text"
        }
      ], 
      "text": "Amendment (A041) offered by Mr. Schweikert.", 
      "type": "action"
    }, 
    {
      "acted_at": "2015-06-02", 
      "action_code": "", 
      "references": [], 
      "text": "", 
      "type": "action"
    }, 
    {
      "acted_at": "2015-06-02", 
      "action_code": "71000", 
      "references": [], 
      "text": "House amendment offered", 
      "type": "action"
    }, 
    {
      "acted_at": "2015-06-02T21:31:43-04:00", 
      "action_code": "71500", 
      "references": [
        {
          "reference": "CR H3724", 
          "type": "consideration"
        }, 
        {
          "reference": "CR H3724", 
          "type": "text"
        }
      ], 
      "text": "House amendment offered/reported by : Amendment (A041) offered by Mr. Schweikert.", 
      "type": "action"
    }
  ], 
  "amendment_id": "hamdt309-114", 
  "amendment_type": "hamdt", 
  "amends_amendment": null, 
  "amends_bill": {
    "bill_id": "hr2578-114", 
    "bill_type": "hr", 
    "congress": 114, 
    "number": 2578
  }, 
  "amends_treaty": null, 
  "chamber": "h", 
  "congress": "114", 
  "description": null, 
  "introduced_at": "2015-06-02", 
  "number": 309, 
  "purpose": "An amendment to prohibit use of funds to transfer cell site simulators, or IMSI Catcher, or similar cell phone tower mimicking technology to state and local law enforcement that haven't adopted procedures for the use of such technology that protects the constitutional rights of citizens.", 
  "sponsor": {
    "bioguide_id": "S001183", 
    "district": "6", 
    "name": "Schweikert, David", 
    "state": "AZ", 
    "thomas_id": "01994", 
    "title": "Rep", 
    "type": "person"
  }, 
  "status": "offered", 
  "status_at": "2015-06-02", 
  "updated_at": "2016-08-01T13:27:41Z"
}