{
  "actions": [
    {
      "acted_at": "2015-05-01T00:02:41-04:00", 
      "action_code": "H32111", 
      "how": "by voice vote", 
      "references": [], 
      "result": "pass", 
      "text": "On agreeing to the Barton amendment (A046) Agreed to by voice vote.", 
      "type": "vote", 
      "vote_type": "vote", 
      "where": "h"
    }, 
    {
      "acted_at": "2015-04-30T23:55:02-04:00", 
      "action_code": "H3A100", 
      "references": [
        {
          "reference": "CR H2751-2752", 
          "type": "consideration"
        }, 
        {
          "reference": "CR H2751", 
          "type": "text"
        }
      ], 
      "text": "Amendment (A046) offered by Mr. Barton.", 
      "type": "action"
    }, 
    {
      "acted_at": "2015-04-30", 
      "action_code": "", 
      "references": [], 
      "text": "", 
      "type": "action"
    }, 
    {
      "acted_at": "2015-04-30", 
      "action_code": "71000", 
      "references": [], 
      "text": "House amendment offered", 
      "type": "action"
    }, 
    {
      "acted_at": "2015-04-30T23:55:02-04:00", 
      "action_code": "71500", 
      "references": [
        {
          "reference": "CR H2751-2752", 
          "type": "consideration"
        }, 
        {
          "reference": "CR H2751", 
          "type": "text"
        }
      ], 
      "text": "House amendment offered/reported by : Amendment (A046) offered by Mr. Barton.", 
      "type": "action"
    }, 
    {
      "acted_at": "2015-05-01T00:02:41-04:00", 
      "action_code": "72000", 
      "references": [], 
      "text": "House amendment agreed to: On agreeing to the Barton amendment (A046) Agreed to by voice vote.", 
      "type": "action"
    }, 
    {
      "acted_at": "2015-05-01T00:02:41-04:00", 
      "action_code": "76000", 
      "references": [], 
      "text": "Amendment agreed to Committee of the Whole", 
      "type": "action"
    }
  ], 
  "amendment_id": "hamdt196-114", 
  "amendment_type": "hamdt", 
  "amends_amendment": null, 
  "amends_bill": {
    "bill_id": "hr2028-114", 
    "bill_type": "hr", 
    "congress": 114, 
    "number": 2028
  }, 
  "amends_treaty": null, 
  "chamber": "h", 
  "congress": "114", 
  "description": "Amendment increases and then decreases funding for the Assistant Secretary of the Army for Civil Works by $30 million in order to address payments made by Trinity River Authority of Texas to the Secretary for water supply storage space in Joe Pool Lake, Texas.", 
  "introduced_at": "2015-04-30", 
  "number": 196, 
  "purpose": "An amendment to first increase and then decrease funding for the Assistant Secretary of the Army for Civil Works by $30 million.", 
  "sponsor": {
    "bioguide_id": "B000213", 
    "district": "6", 
    "name": "Barton, Joe", 
    "state": "TX", 
    "thomas_id": "00062", 
    "title": "Rep", 
    "type": "person"
  }, 
  "status": "pass", 
  "status_at": "2015-05-01T00:02:41-04:00", 
  "updated_at": "2016-08-01T13:27:19Z"
}