{
  "actions": [
    {
      "acted_at": "2015-03-17T14:45:00-04:00", 
      "action_code": "H32111", 
      "how": "by voice vote", 
      "references": [], 
      "result": "pass", 
      "text": "On agreeing to the Grayson amendment (A001) Agreed to by voice vote.", 
      "type": "vote", 
      "vote_type": "vote", 
      "where": "h"
    }, 
    {
      "acted_at": "2015-03-17T14:41:21-04:00", 
      "action_code": "H3A100", 
      "references": [
        {
          "reference": "CR H1686-1687", 
          "type": "consideration"
        }, 
        {
          "reference": "CR H1686", 
          "type": "text"
        }
      ], 
      "text": "Amendment (A001) offered by Mr. Grayson.", 
      "type": "action"
    }, 
    {
      "acted_at": "2015-03-17", 
      "action_code": "", 
      "references": [], 
      "text": "", 
      "type": "action"
    }, 
    {
      "acted_at": "2015-03-17", 
      "action_code": "71000", 
      "references": [], 
      "text": "House amendment offered", 
      "type": "action"
    }, 
    {
      "acted_at": "2015-03-17T14:41:21-04:00", 
      "action_code": "71500", 
      "references": [
        {
          "reference": "CR H1686-1687", 
          "type": "consideration"
        }, 
        {
          "reference": "CR H1686", 
          "type": "text"
        }
      ], 
      "text": "House amendment offered/reported by : Amendment (A001) offered by Mr. Grayson.", 
      "type": "action"
    }, 
    {
      "acted_at": "2015-03-17T14:45:00-04:00", 
      "action_code": "72000", 
      "references": [], 
      "text": "House amendment agreed to: On agreeing to the Grayson amendment (A001) Agreed to by voice vote.", 
      "type": "action"
    }, 
    {
      "acted_at": "2015-03-17T14:45:00-04:00", 
      "action_code": "76000", 
      "references": [], 
      "text": "Amendment agreed to Committee of the Whole", 
      "type": "action"
    }
  ], 
  "amendment_id": "hamdt74-114", 
  "amendment_type": "hamdt", 
  "amends_amendment": null, 
  "amends_bill": {
    "bill_id": "hr1029-114", 
    "bill_type": "hr", 
    "congress": 114, 
    "number": 1029
  }, 
  "amends_treaty": null, 
  "chamber": "h", 
  "congress": "114", 
  "description": "Amendment prohibits an EPA Science Advisory Board member from participating in any advisory action for which there is evidence that the action may involve a specific party in which the member has an interest.", 
  "introduced_at": "2015-03-17", 
  "number": 74, 
  "purpose": "An amendment No. 1 printed in part A of House Report 114-37 to prohibit an EPA Science Advisory Board member from participating in any advisory action for which there is evidence that the action may involve a specific party in which the member has an interest.", 
  "sponsor": {
    "bioguide_id": "G000556", 
    "district": "9", 
    "name": "Grayson, Alan", 
    "state": "FL", 
    "thomas_id": "01914", 
    "title": "Rep", 
    "type": "person"
  }, 
  "status": "pass", 
  "status_at": "2015-03-17T14:45:00-04:00", 
  "updated_at": "2016-08-01T13:26:39Z"
}