{
  "actions": [
    {
      "acted_at": "2015-06-10T17:53:11-04:00", 
      "action_code": "H32111", 
      "how": "by voice vote", 
      "references": [], 
      "result": "pass", 
      "text": "On agreeing to the Takai amendment (A014) Agreed to by voice vote.", 
      "type": "vote", 
      "vote_type": "vote", 
      "where": "h"
    }, 
    {
      "acted_at": "2015-06-10T17:49:58-04:00", 
      "action_code": "H3A100", 
      "references": [
        {
          "reference": "CR H4065", 
          "type": "consideration"
        }, 
        {
          "reference": "CR H4065", 
          "type": "text"
        }
      ], 
      "text": "Amendment (A014) offered by Mr. Takai.", 
      "type": "action"
    }, 
    {
      "acted_at": "2015-06-10", 
      "action_code": "", 
      "references": [], 
      "text": "", 
      "type": "action"
    }, 
    {
      "acted_at": "2015-06-10", 
      "action_code": "71000", 
      "references": [], 
      "text": "House amendment offered", 
      "type": "action"
    }, 
    {
      "acted_at": "2015-06-10T17:49:58-04:00", 
      "action_code": "71500", 
      "references": [
        {
          "reference": "CR H4065", 
          "type": "consideration"
        }, 
        {
          "reference": "CR H4065", 
          "type": "text"
        }
      ], 
      "text": "House amendment offered/reported by : Amendment (A014) offered by Mr. Takai.", 
      "type": "action"
    }, 
    {
      "acted_at": "2015-06-10T17:53:11-04:00", 
      "action_code": "72000", 
      "references": [], 
      "text": "House amendment agreed to: On agreeing to the Takai amendment (A014) Agreed to by voice vote.", 
      "type": "action"
    }, 
    {
      "acted_at": "2015-06-10T17:53:11-04:00", 
      "action_code": "76000", 
      "references": [], 
      "text": "Amendment agreed to Committee of the Whole", 
      "type": "action"
    }
  ], 
  "amendment_id": "hamdt454-114", 
  "amendment_type": "hamdt", 
  "amends_amendment": null, 
  "amends_bill": {
    "bill_id": "hr2685-114", 
    "bill_type": "hr", 
    "congress": 114, 
    "number": 2685
  }, 
  "amends_treaty": null, 
  "chamber": "h", 
  "congress": "114", 
  "description": "Amendment reduces and then increases funding for Operation and Maintenance, Defense-Wide by $25 million in order to address funding for DOD's impact aid program.", 
  "introduced_at": "2015-06-10", 
  "number": 454, 
  "purpose": "An amendment to reduce and then increase Operation and Maintenance, Defense-Wide by 25 million.", 
  "sponsor": {
    "bioguide_id": "T000473", 
    "district": "1", 
    "name": "Takai, Mark", 
    "state": "HI", 
    "thomas_id": "02240", 
    "title": "Rep", 
    "type": "person"
  }, 
  "status": "pass", 
  "status_at": "2015-06-10T17:53:11-04:00", 
  "updated_at": "2016-08-01T13:27:47Z"
}