{
  "actions": [
    {
      "acted_at": "2015-06-03T17:43:01-04:00", 
      "action_code": "H32140", 
      "references": [
        {
          "reference": "CR H3809", 
          "type": "consideration"
        }
      ], 
      "text": "By unanimous consent, the Jeffries amendment was withdrawn.", 
      "type": "action"
    }, 
    {
      "acted_at": "2015-06-03T17:36:25-04:00", 
      "action_code": "H3A100", 
      "references": [
        {
          "reference": "CR H3808-3809", 
          "type": "consideration"
        }, 
        {
          "reference": "CR H3808", 
          "type": "text"
        }
      ], 
      "text": "Amendment (A087) offered by Mr. Jeffries.", 
      "type": "action"
    }, 
    {
      "acted_at": "2015-06-03", 
      "action_code": "", 
      "references": [], 
      "text": "", 
      "type": "action"
    }, 
    {
      "acted_at": "2015-06-03", 
      "action_code": "71000", 
      "references": [], 
      "text": "House amendment offered", 
      "type": "action"
    }, 
    {
      "acted_at": "2015-06-03T17:36:25-04:00", 
      "action_code": "71500", 
      "references": [
        {
          "reference": "CR H3808-3809", 
          "type": "consideration"
        }, 
        {
          "reference": "CR H3808", 
          "type": "text"
        }
      ], 
      "text": "House amendment offered/reported by : Amendment (A087) offered by Mr. Jeffries.", 
      "type": "action"
    }
  ], 
  "amendment_id": "hamdt355-114", 
  "amendment_type": "hamdt", 
  "amends_amendment": null, 
  "amends_bill": {
    "bill_id": "hr2578-114", 
    "bill_type": "hr", 
    "congress": 114, 
    "number": 2578
  }, 
  "amends_treaty": null, 
  "chamber": "h", 
  "congress": "114", 
  "description": null, 
  "introduced_at": "2015-06-03", 
  "number": 355, 
  "purpose": "An amendment to prohibit use of funds for the monitoring or review of electronic communications between and inmate and attorney or attorney's agents who are traditionally covered by attorney client privilege except in specified instances.", 
  "sponsor": {
    "bioguide_id": "J000294", 
    "district": "8", 
    "name": "Jeffries, Hakeem S.", 
    "state": "NY", 
    "thomas_id": "02149", 
    "title": "Rep", 
    "type": "person"
  }, 
  "status": "offered", 
  "status_at": "2015-06-03", 
  "updated_at": "2016-08-01T13:27:41Z"
}