{
  "actions": [
    {
      "acted_at": "2015-02-26T19:29:23-05:00", 
      "action_code": "H32111", 
      "how": "roll", 
      "references": [], 
      "result": "pass", 
      "roll": 98, 
      "text": "On agreeing to the Quigley amendment (A009) Agreed to by recorded vote: 218 - 201 (Roll no. 98).", 
      "type": "vote", 
      "vote_type": "vote", 
      "where": "h"
    }, 
    {
      "acted_at": "2015-02-26T16:25:08-05:00", 
      "action_code": "H3A100", 
      "references": [
        {
          "reference": "CR H1261-1262, H1268-1269", 
          "type": "consideration"
        }, 
        {
          "reference": "CR H1261", 
          "type": "text"
        }
      ], 
      "text": "Amendment (A009) offered by Mr. Quigley.", 
      "type": "action"
    }, 
    {
      "acted_at": "2015-02-26", 
      "action_code": "", 
      "references": [], 
      "text": "", 
      "type": "action"
    }, 
    {
      "acted_at": "2015-02-26", 
      "action_code": "71000", 
      "references": [], 
      "text": "House amendment offered", 
      "type": "action"
    }, 
    {
      "acted_at": "2015-02-26T16:25:08-05:00", 
      "action_code": "71500", 
      "references": [
        {
          "reference": "CR H1261-1262, H1268-1269", 
          "type": "consideration"
        }, 
        {
          "reference": "CR H1261", 
          "type": "text"
        }
      ], 
      "text": "House amendment offered/reported by : Amendment (A009) offered by Mr. Quigley.", 
      "type": "action"
    }, 
    {
      "acted_at": "2015-02-26T19:29:23-05:00", 
      "action_code": "72000", 
      "references": [], 
      "text": "House amendment agreed to: On agreeing to the Quigley amendment (A009) Agreed to by recorded vote: 218 - 201 (Roll no. 98).", 
      "type": "action"
    }, 
    {
      "acted_at": "2015-02-26T19:29:23-05:00", 
      "action_code": "75000", 
      "references": [], 
      "text": "Roll call votes on amendments in House", 
      "type": "action"
    }, 
    {
      "acted_at": "2015-02-26T19:29:23-05:00", 
      "action_code": "76000", 
      "references": [], 
      "text": "Amendment agreed to Committee of the Whole", 
      "type": "action"
    }
  ], 
  "amendment_id": "hamdt32-114", 
  "amendment_type": "hamdt", 
  "amends_amendment": null, 
  "amends_bill": {
    "bill_id": "hr5-114", 
    "bill_type": "hr", 
    "congress": 114, 
    "number": 5
  }, 
  "amends_treaty": null, 
  "chamber": "h", 
  "congress": "114", 
  "description": "Amendment restores to the bill the paraprofessional qualifications which are in place under current law.", 
  "introduced_at": "2015-02-26", 
  "number": 32, 
  "purpose": "An amendment numbered 9 printed in Part B of House Report 114-29 to restore the paraprofessional qualifications that are in place under current law, which helped stop school districts from hiring paraprofessionals with little experience in education and no professional training. Since all districts are in compliance, and have been since 2006, this amendment would present no new burden.", 
  "sponsor": {
    "bioguide_id": "Q000023", 
    "district": "5", 
    "name": "Quigley, Mike", 
    "state": "IL", 
    "thomas_id": "01967", 
    "title": "Rep", 
    "type": "person"
  }, 
  "status": "pass", 
  "status_at": "2015-02-26T19:29:23-05:00", 
  "updated_at": "2016-08-01T13:26:00Z"
}