{
  "actions": [
    {
      "acted_at": "2015-04-30T19:54:05-04:00", 
      "action_code": "H32111", 
      "how": "by voice vote", 
      "references": [], 
      "result": "fail", 
      "text": "On agreeing to the Garamendi amendment (A033) Failed by voice vote.", 
      "type": "vote", 
      "vote_type": "vote", 
      "where": "h"
    }, 
    {
      "acted_at": "2015-04-30T19:43:16-04:00", 
      "action_code": "H3A100", 
      "references": [
        {
          "reference": "CR H2714-2715", 
          "type": "consideration"
        }, 
        {
          "reference": "CR H2714", 
          "type": "text"
        }
      ], 
      "text": "Amendment (A033) offered by Mr. Garamendi.", 
      "type": "action"
    }, 
    {
      "acted_at": "2015-04-30", 
      "action_code": "", 
      "references": [], 
      "text": "", 
      "type": "action"
    }, 
    {
      "acted_at": "2015-04-30", 
      "action_code": "71000", 
      "references": [], 
      "text": "House amendment offered", 
      "type": "action"
    }, 
    {
      "acted_at": "2015-04-30T19:43:16-04:00", 
      "action_code": "71500", 
      "references": [
        {
          "reference": "CR H2714-2715", 
          "type": "consideration"
        }, 
        {
          "reference": "CR H2714", 
          "type": "text"
        }
      ], 
      "text": "House amendment offered/reported by : Amendment (A033) offered by Mr. Garamendi.", 
      "type": "action"
    }, 
    {
      "acted_at": "2015-04-30T19:54:05-04:00", 
      "action_code": "73000", 
      "references": [], 
      "text": "House amendment not agreed to: On agreeing to the Garamendi amendment (A033) Failed by voice vote.", 
      "type": "action"
    }, 
    {
      "acted_at": "2015-04-30T19:54:05-04:00", 
      "action_code": "77000", 
      "references": [], 
      "text": "Amendment failed in Committee of the Whole", 
      "type": "action"
    }
  ], 
  "amendment_id": "hamdt183-114", 
  "amendment_type": "hamdt", 
  "amends_amendment": null, 
  "amends_bill": {
    "bill_id": "hr2028-114", 
    "bill_type": "hr", 
    "congress": 114, 
    "number": 2028
  }, 
  "amends_treaty": null, 
  "chamber": "h", 
  "congress": "114", 
  "description": "Amendment sought to reduce funds for Defense Nuclear Non-Proliferation by $125 million and to increase funds for Defense Environmental clean up by a similar amount.", 
  "introduced_at": "2015-04-30", 
  "number": 183, 
  "purpose": "An amendment to reduce funds for Defense Nuclear Non-Proliferation by $125 million and increase funds for Environmental and other Defense activities, Defense Environmental clean up by the same amount.", 
  "sponsor": {
    "bioguide_id": "G000559", 
    "district": "3", 
    "name": "Garamendi, John", 
    "state": "CA", 
    "thomas_id": "01973", 
    "title": "Rep", 
    "type": "person"
  }, 
  "status": "fail", 
  "status_at": "2015-04-30T19:54:05-04:00", 
  "updated_at": "2016-08-01T13:27:19Z"
}