{
  "actions": [
    {
      "acted_at": "2015-05-14T19:08:55-04:00", 
      "action_code": "H32111", 
      "how": "roll", 
      "references": [], 
      "result": "pass", 
      "roll": 230, 
      "text": "On agreeing to the Walorski amendment (A005) Agreed to by recorded vote: 243 - 180 (Roll no. 230).", 
      "type": "vote", 
      "vote_type": "vote", 
      "where": "h"
    }, 
    {
      "acted_at": "2015-05-14T17:21:22-04:00", 
      "action_code": "H3A100", 
      "references": [
        {
          "reference": "CR H3164-3166, H3179", 
          "type": "consideration"
        }, 
        {
          "reference": "CR H3164-3165", 
          "type": "text"
        }
      ], 
      "text": "Amendment (A005) offered by Mrs. Walorski.", 
      "type": "action"
    }, 
    {
      "acted_at": "2015-05-14", 
      "action_code": "", 
      "references": [], 
      "text": "", 
      "type": "action"
    }, 
    {
      "acted_at": "2015-05-14", 
      "action_code": "71000", 
      "references": [], 
      "text": "House amendment offered", 
      "type": "action"
    }, 
    {
      "acted_at": "2015-05-14T17:21:22-04:00", 
      "action_code": "71500", 
      "references": [
        {
          "reference": "CR H3164-3166, H3179", 
          "type": "consideration"
        }, 
        {
          "reference": "CR H3164-3165", 
          "type": "text"
        }
      ], 
      "text": "House amendment offered/reported by : Amendment (A005) offered by Mrs. Walorski.", 
      "type": "action"
    }, 
    {
      "acted_at": "2015-05-14T19:08:55-04:00", 
      "action_code": "72000", 
      "references": [], 
      "text": "House amendment agreed to: On agreeing to the Walorski amendment (A005) Agreed to by recorded vote: 243 - 180 (Roll no. 230).", 
      "type": "action"
    }, 
    {
      "acted_at": "2015-05-14T19:08:55-04:00", 
      "action_code": "75000", 
      "references": [], 
      "text": "Roll call votes on amendments in House", 
      "type": "action"
    }, 
    {
      "acted_at": "2015-05-14T19:08:55-04:00", 
      "action_code": "76000", 
      "references": [], 
      "text": "Amendment agreed to Committee of the Whole", 
      "type": "action"
    }
  ], 
  "amendment_id": "hamdt220-114", 
  "amendment_type": "hamdt", 
  "amends_amendment": null, 
  "amends_bill": {
    "bill_id": "hr1735-114", 
    "bill_type": "hr", 
    "congress": 114, 
    "number": 1735
  }, 
  "amends_treaty": null, 
  "chamber": "h", 
  "congress": "114", 
  "description": "Amendment extends and strengthens provisions related to detainees at Guantanamo Bay.", 
  "introduced_at": "2015-05-14", 
  "number": 220, 
  "purpose": null, 
  "sponsor": {
    "bioguide_id": "W000813", 
    "district": "2", 
    "name": "Walorski, Jackie", 
    "state": "IN", 
    "thomas_id": "02128", 
    "title": "Rep", 
    "type": "person"
  }, 
  "status": "pass", 
  "status_at": "2015-05-14T19:08:55-04:00", 
  "updated_at": "2016-06-15T13:41:50Z"
}