{
  "actions": [
    {
      "acted_at": "2015-02-26T20:12:00-05:00", 
      "action_code": "H32111", 
      "how": "by voice vote", 
      "references": [], 
      "result": "pass", 
      "text": "On agreeing to the Wilson (FL) amendment (A019) Agreed to by voice vote.", 
      "type": "vote", 
      "vote_type": "vote", 
      "where": "h"
    }, 
    {
      "acted_at": "2015-02-26T20:08:38-05:00", 
      "action_code": "H3A100", 
      "references": [
        {
          "reference": "CR H1274", 
          "type": "consideration"
        }, 
        {
          "reference": "CR H1274", 
          "type": "text"
        }
      ], 
      "text": "Amendment (A019) offered by Ms. Wilson (FL).", 
      "type": "action"
    }, 
    {
      "acted_at": "2015-02-26", 
      "action_code": "", 
      "references": [], 
      "text": "", 
      "type": "action"
    }, 
    {
      "acted_at": "2015-02-26", 
      "action_code": "71000", 
      "references": [], 
      "text": "House amendment offered", 
      "type": "action"
    }, 
    {
      "acted_at": "2015-02-26T20:08:38-05:00", 
      "action_code": "71500", 
      "references": [
        {
          "reference": "CR H1274", 
          "type": "consideration"
        }, 
        {
          "reference": "CR H1274", 
          "type": "text"
        }
      ], 
      "text": "House amendment offered/reported by : Amendment (A019) offered by Ms. Wilson (FL).", 
      "type": "action"
    }, 
    {
      "acted_at": "2015-02-26T20:12:00-05:00", 
      "action_code": "72000", 
      "references": [], 
      "text": "House amendment agreed to: On agreeing to the Wilson (FL) amendment (A019) Agreed to by voice vote.", 
      "type": "action"
    }, 
    {
      "acted_at": "2015-02-26T20:12:00-05:00", 
      "action_code": "76000", 
      "references": [], 
      "text": "Amendment agreed to Committee of the Whole", 
      "type": "action"
    }
  ], 
  "amendment_id": "hamdt42-114", 
  "amendment_type": "hamdt", 
  "amends_amendment": null, 
  "amends_bill": {
    "bill_id": "hr5-114", 
    "bill_type": "hr", 
    "congress": 114, 
    "number": 5
  }, 
  "amends_treaty": null, 
  "chamber": "h", 
  "congress": "114", 
  "description": "Amendment requires school districts to be transparent in providing information to parents at the beginning of the school year on mandated assessments that the student will have to take during the school year and any school district policy on assessment participation.", 
  "introduced_at": "2015-02-26", 
  "number": 42, 
  "purpose": "An amendment No. 19 printed in part B of House Report 114-29 to require school districts to be transparent in providing information to parents at the beginning of the school year on mandated assessments the student will have to take during the school year and any school district policy on assessment participation.", 
  "sponsor": {
    "bioguide_id": "W000808", 
    "district": "24", 
    "name": "Wilson, Frederica S.", 
    "state": "FL", 
    "thomas_id": "02004", 
    "title": "Rep", 
    "type": "person"
  }, 
  "status": "pass", 
  "status_at": "2015-02-26T20:12:00-05:00", 
  "updated_at": "2016-08-01T13:26:00Z"
}