{
  "actions": [
    {
      "acted_at": "2015-06-02T17:28:01-04:00", 
      "action_code": "H32140", 
      "references": [
        {
          "reference": "CR H3691", 
          "type": "consideration"
        }
      ], 
      "text": "By unanimous consent, the Bridenstine amendment was withdrawn.", 
      "type": "action"
    }, 
    {
      "acted_at": "2015-06-02T17:24:37-04:00", 
      "action_code": "H3A100", 
      "references": [
        {
          "reference": "CR H3691", 
          "type": "consideration"
        }, 
        {
          "reference": "CR H3691", 
          "type": "text"
        }
      ], 
      "text": "Amendment (A018) offered by Mr. Bridenstine.", 
      "type": "action"
    }, 
    {
      "acted_at": "2015-06-02", 
      "action_code": "", 
      "references": [], 
      "text": "", 
      "type": "action"
    }, 
    {
      "acted_at": "2015-06-02", 
      "action_code": "71000", 
      "references": [], 
      "text": "House amendment offered", 
      "type": "action"
    }, 
    {
      "acted_at": "2015-06-02T17:24:37-04:00", 
      "action_code": "71500", 
      "references": [
        {
          "reference": "CR H3691", 
          "type": "consideration"
        }, 
        {
          "reference": "CR H3691", 
          "type": "text"
        }
      ], 
      "text": "House amendment offered/reported by : Amendment (A018) offered by Mr. Bridenstine.", 
      "type": "action"
    }
  ], 
  "amendment_id": "hamdt286-114", 
  "amendment_type": "hamdt", 
  "amends_amendment": null, 
  "amends_bill": {
    "bill_id": "hr2578-114", 
    "bill_type": "hr", 
    "congress": 114, 
    "number": 2578
  }, 
  "amends_treaty": null, 
  "chamber": "h", 
  "congress": "114", 
  "description": null, 
  "introduced_at": "2015-06-02", 
  "number": 286, 
  "purpose": "An amendment to reduce and then increase funding for NOAA Procurement, Acquisition and Construction by $9 million.", 
  "sponsor": {
    "bioguide_id": "B001283", 
    "district": "1", 
    "name": "Bridenstine, Jim", 
    "state": "OK", 
    "thomas_id": "02155", 
    "title": "Rep", 
    "type": "person"
  }, 
  "status": "offered", 
  "status_at": "2015-06-02", 
  "updated_at": "2016-08-01T13:27:41Z"
}