{
  "actions": [
    {
      "acted_at": "2015-06-10T17:15:05-04:00", 
      "action_code": "H32130", 
      "references": [], 
      "text": "Mr. Frelinghuysen raised a point of order against the Gosar amendment (A005). Mr. Frelinghuysen stated that the amendment seeks to amend portions of the bill not yet read for consideration. The Chair sustained the point of order.", 
      "type": "action"
    }, 
    {
      "acted_at": "2015-06-10T17:11:44-04:00", 
      "action_code": "H3A100", 
      "references": [
        {
          "reference": "CR H4061", 
          "type": "consideration"
        }, 
        {
          "reference": "CR H4061", 
          "type": "text"
        }
      ], 
      "text": "Amendment (A005) offered by Mr. Gosar.", 
      "type": "action"
    }, 
    {
      "acted_at": "2015-06-10", 
      "action_code": "", 
      "references": [], 
      "text": "", 
      "type": "action"
    }, 
    {
      "acted_at": "2015-06-10", 
      "action_code": "71000", 
      "references": [], 
      "text": "House amendment offered", 
      "type": "action"
    }, 
    {
      "acted_at": "2015-06-10T17:11:44-04:00", 
      "action_code": "71500", 
      "references": [
        {
          "reference": "CR H4061", 
          "type": "consideration"
        }, 
        {
          "reference": "CR H4061", 
          "type": "text"
        }
      ], 
      "text": "House amendment offered/reported by : Amendment (A005) offered by Mr. Gosar.", 
      "type": "action"
    }
  ], 
  "amendment_id": "hamdt445-114", 
  "amendment_type": "hamdt", 
  "amends_amendment": null, 
  "amends_bill": {
    "bill_id": "hr2685-114", 
    "bill_type": "hr", 
    "congress": 114, 
    "number": 2685
  }, 
  "amends_treaty": null, 
  "chamber": "h", 
  "congress": "114", 
  "description": null, 
  "introduced_at": "2015-06-10", 
  "number": 445, 
  "purpose": "An amendment to reduce funding for Operation and Maintenance, Defense-Wide by $1.5 million and increase funding for Defense Health Program, Operation and Maintenance by a similar amount.", 
  "sponsor": {
    "bioguide_id": "G000565", 
    "district": "4", 
    "name": "Gosar, Paul A.", 
    "state": "AZ", 
    "thomas_id": "01992", 
    "title": "Rep", 
    "type": "person"
  }, 
  "status": "offered", 
  "status_at": "2015-06-10", 
  "updated_at": "2016-08-01T13:27:47Z"
}