{
  "actions": [
    {
      "acted_at": "2015-04-29T19:32:35-04:00", 
      "action_code": "H32111", 
      "how": "by voice vote", 
      "references": [], 
      "result": "pass", 
      "text": "On agreeing to the Stivers amendment (A036) Agreed to by voice vote.", 
      "type": "vote", 
      "vote_type": "vote", 
      "where": "h"
    }, 
    {
      "acted_at": "2015-04-29T19:29:44-04:00", 
      "action_code": "H3A100", 
      "references": [
        {
          "reference": "CR H2617-2618", 
          "type": "consideration"
        }, 
        {
          "reference": "CR H2617", 
          "type": "text"
        }
      ], 
      "text": "Amendment (A036) offered by Mr. Stivers.", 
      "type": "action"
    }, 
    {
      "acted_at": "2015-04-29", 
      "action_code": "", 
      "references": [], 
      "text": "", 
      "type": "action"
    }, 
    {
      "acted_at": "2015-04-29", 
      "action_code": "71000", 
      "references": [], 
      "text": "House amendment offered", 
      "type": "action"
    }, 
    {
      "acted_at": "2015-04-29T19:29:44-04:00", 
      "action_code": "71500", 
      "references": [
        {
          "reference": "CR H2617-2618", 
          "type": "consideration"
        }, 
        {
          "reference": "CR H2617", 
          "type": "text"
        }
      ], 
      "text": "House amendment offered/reported by : Amendment (A036) offered by Mr. Stivers.", 
      "type": "action"
    }, 
    {
      "acted_at": "2015-04-29T19:32:35-04:00", 
      "action_code": "72000", 
      "references": [], 
      "text": "House amendment agreed to: On agreeing to the Stivers amendment (A036) Agreed to by voice vote.", 
      "type": "action"
    }, 
    {
      "acted_at": "2015-04-29T19:32:35-04:00", 
      "action_code": "76000", 
      "references": [], 
      "text": "Amendment agreed to Committee of the Whole", 
      "type": "action"
    }
  ], 
  "amendment_id": "hamdt143-114", 
  "amendment_type": "hamdt", 
  "amends_amendment": null, 
  "amends_bill": {
    "bill_id": "hr2029-114", 
    "bill_type": "hr", 
    "congress": 114, 
    "number": 2029
  }, 
  "amends_treaty": null, 
  "chamber": "h", 
  "congress": "114", 
  "description": "Amendment prohibits use of funds to be used as salaries of othotists and prosthetists who are not certified by a nationally accredited body.", 
  "introduced_at": "2015-04-29", 
  "number": 143, 
  "purpose": "An amendment to prohibit use of funds to be used as salaries of othotists and prosthetists who are not certified by a nationally accredited body.", 
  "sponsor": {
    "bioguide_id": "S001187", 
    "district": "15", 
    "name": "Stivers, Steve", 
    "state": "OH", 
    "thomas_id": "02047", 
    "title": "Rep", 
    "type": "person"
  }, 
  "status": "pass", 
  "status_at": "2015-04-29T19:32:35-04:00", 
  "updated_at": "2016-08-01T13:27:20Z"
}