{
  "actions": [
    {
      "acted_at": "2015-04-30T23:43:13-04:00", 
      "action_code": "H32111", 
      "how": "roll", 
      "references": [], 
      "result": "fail", 
      "roll": 204, 
      "text": "On agreeing to the Garamendi amendment (A031) Failed by recorded vote: 149 - 272 (Roll no. 204).", 
      "type": "vote", 
      "vote_type": "vote", 
      "where": "h"
    }, 
    {
      "acted_at": "2015-04-30T19:25:14-04:00", 
      "action_code": "H3A100", 
      "references": [
        {
          "reference": "CR H2711-2712, H2748-2749", 
          "type": "consideration"
        }, 
        {
          "reference": "CR H2711", 
          "type": "text"
        }
      ], 
      "text": "Amendment (A031) offered by Mr. Garamendi.", 
      "type": "action"
    }, 
    {
      "acted_at": "2015-04-30", 
      "action_code": "", 
      "references": [], 
      "text": "", 
      "type": "action"
    }, 
    {
      "acted_at": "2015-04-30", 
      "action_code": "71000", 
      "references": [], 
      "text": "House amendment offered", 
      "type": "action"
    }, 
    {
      "acted_at": "2015-04-30T19:25:14-04:00", 
      "action_code": "71500", 
      "references": [
        {
          "reference": "CR H2711-2712, H2748-2749", 
          "type": "consideration"
        }, 
        {
          "reference": "CR H2711", 
          "type": "text"
        }
      ], 
      "text": "House amendment offered/reported by : Amendment (A031) offered by Mr. Garamendi.", 
      "type": "action"
    }, 
    {
      "acted_at": "2015-04-30T23:43:13-04:00", 
      "action_code": "73000", 
      "references": [], 
      "text": "House amendment not agreed to: On agreeing to the Garamendi amendment (A031) Failed by recorded vote: 149 - 272 (Roll no. 204).", 
      "type": "action"
    }, 
    {
      "acted_at": "2015-04-30T23:43:13-04:00", 
      "action_code": "75000", 
      "references": [], 
      "text": "Roll call votes on amendments in House", 
      "type": "action"
    }, 
    {
      "acted_at": "2015-04-30T23:43:13-04:00", 
      "action_code": "77000", 
      "references": [], 
      "text": "Amendment failed in Committee of the Whole", 
      "type": "action"
    }
  ], 
  "amendment_id": "hamdt181-114", 
  "amendment_type": "hamdt", 
  "amends_amendment": null, 
  "amends_bill": {
    "bill_id": "hr2028-114", 
    "bill_type": "hr", 
    "congress": 114, 
    "number": 2028
  }, 
  "amends_treaty": null, 
  "chamber": "h", 
  "congress": "114", 
  "description": "Amendment sought to reduce the Atomic Energy Defense Activities National Nuclear Security Administration, Weapons Activities Account by $25 million and to apply the savings to the spending reduction account.", 
  "introduced_at": "2015-04-30", 
  "number": 181, 
  "purpose": "An amendment to reduce the Atomic Energy Defense Activities National Nuclear Security Administration, Weapons Activities Account by $25 million and to apply the savings to the spending reduction account.", 
  "sponsor": {
    "bioguide_id": "G000559", 
    "district": "3", 
    "name": "Garamendi, John", 
    "state": "CA", 
    "thomas_id": "01973", 
    "title": "Rep", 
    "type": "person"
  }, 
  "status": "fail", 
  "status_at": "2015-04-30T23:43:13-04:00", 
  "updated_at": "2016-08-01T13:27:19Z"
}