{
  "actions": [
    {
      "acted_at": "2015-06-11T14:01:32-04:00", 
      "action_code": "H32111", 
      "how": "roll", 
      "references": [
        {
          "reference": "CR H4218-4219", 
          "type": "consideration"
        }
      ], 
      "result": "fail", 
      "roll": 346, 
      "text": "On agreeing to the Schiff amendment (A039) Failed by recorded vote: 196 - 231 (Roll no. 346).", 
      "type": "vote", 
      "vote_type": "vote", 
      "where": "h"
    }, 
    {
      "acted_at": "2015-06-10T22:56:23-04:00", 
      "action_code": "H3A100", 
      "references": [
        {
          "reference": "CR H4113-4114", 
          "type": "consideration"
        }, 
        {
          "reference": "CR H4113", 
          "type": "text"
        }
      ], 
      "text": "Amendment (A039) offered by Mr. Schiff.", 
      "type": "action"
    }, 
    {
      "acted_at": "2015-06-10", 
      "action_code": "", 
      "references": [], 
      "text": "", 
      "type": "action"
    }, 
    {
      "acted_at": "2015-06-10", 
      "action_code": "71000", 
      "references": [], 
      "text": "House amendment offered", 
      "type": "action"
    }, 
    {
      "acted_at": "2015-06-10T22:56:23-04:00", 
      "action_code": "71500", 
      "references": [
        {
          "reference": "CR H4113-4114", 
          "type": "consideration"
        }, 
        {
          "reference": "CR H4113", 
          "type": "text"
        }
      ], 
      "text": "House amendment offered/reported by : Amendment (A039) offered by Mr. Schiff.", 
      "type": "action"
    }, 
    {
      "acted_at": "2015-06-11T14:01:32-04:00", 
      "action_code": "73000", 
      "references": [
        {
          "reference": "CR H4218-4219", 
          "type": "consideration"
        }
      ], 
      "text": "House amendment not agreed to: On agreeing to the Schiff amendment (A039) Failed by recorded vote: 196 - 231 (Roll no. 346).", 
      "type": "action"
    }, 
    {
      "acted_at": "2015-06-11T14:01:32-04:00", 
      "action_code": "75000", 
      "references": [], 
      "text": "Roll call votes on amendments in House", 
      "type": "action"
    }, 
    {
      "acted_at": "2015-06-11T14:01:32-04:00", 
      "action_code": "77000", 
      "references": [], 
      "text": "Amendment failed in Committee of the Whole", 
      "type": "action"
    }
  ], 
  "amendment_id": "hamdt479-114", 
  "amendment_type": "hamdt", 
  "amends_amendment": null, 
  "amends_bill": {
    "bill_id": "hr2685-114", 
    "bill_type": "hr", 
    "congress": 114, 
    "number": 2685
  }, 
  "amends_treaty": null, 
  "chamber": "h", 
  "congress": "114", 
  "description": "Amendment sought to prohibit the use of funds for Operation Inherent Resolve in the absence of a law enacted by Congress before such date that specifically authorizes the use of military force against the Islamic State of Iraq and the Levant after March 31, 2016.", 
  "introduced_at": "2015-06-10", 
  "number": 479, 
  "purpose": "An amendment to prohibit the use of funds for Operation Inherent Resolve in the absence of a law enacted by Congress before such date that specifically authorizes the use of military force against the Islamic State of Iraq and the Levant after March 31, 2016.", 
  "sponsor": {
    "bioguide_id": "S001150", 
    "district": "28", 
    "name": "Schiff, Adam B.", 
    "state": "CA", 
    "thomas_id": "01635", 
    "title": "Rep", 
    "type": "person"
  }, 
  "status": "fail", 
  "status_at": "2015-06-11T14:01:32-04:00", 
  "updated_at": "2016-08-01T13:27:47Z"
}