{
  "actions": [
    {
      "acted_at": "2015-06-11T00:51:06-04:00", 
      "action_code": "H32111", 
      "how": "by voice vote", 
      "references": [], 
      "result": "pass", 
      "text": "On agreeing to the McClintock amendment (A058) Agreed to by voice vote.", 
      "type": "vote", 
      "vote_type": "vote", 
      "where": "h"
    }, 
    {
      "acted_at": "2015-06-11T00:43:19-04:00", 
      "action_code": "H3A100", 
      "references": [
        {
          "reference": "CR 06/10/2015 H4126-4127", 
          "type": "consideration"
        }, 
        {
          "reference": "CR 06/10/2015 H4126", 
          "type": "text"
        }
      ], 
      "text": "Amendment (A058) offered by Mr. McClintock.", 
      "type": "action"
    }, 
    {
      "acted_at": "2015-06-11", 
      "action_code": "", 
      "references": [], 
      "text": "", 
      "type": "action"
    }, 
    {
      "acted_at": "2015-06-11", 
      "action_code": "71000", 
      "references": [], 
      "text": "House amendment offered", 
      "type": "action"
    }, 
    {
      "acted_at": "2015-06-11T00:43:19-04:00", 
      "action_code": "71500", 
      "references": [
        {
          "reference": "CR 06/10/2015 H4126-4127", 
          "type": "consideration"
        }, 
        {
          "reference": "CR 06/10/2015 H4126", 
          "type": "text"
        }
      ], 
      "text": "House amendment offered/reported by : Amendment (A058) offered by Mr. McClintock.", 
      "type": "action"
    }, 
    {
      "acted_at": "2015-06-11T00:51:06-04:00", 
      "action_code": "72000", 
      "references": [], 
      "text": "House amendment agreed to: On agreeing to the McClintock amendment (A058) Agreed to by voice vote.", 
      "type": "action"
    }, 
    {
      "acted_at": "2015-06-11T00:51:06-04:00", 
      "action_code": "76000", 
      "references": [], 
      "text": "Amendment agreed to Committee of the Whole", 
      "type": "action"
    }
  ], 
  "amendment_id": "hamdt498-114", 
  "amendment_type": "hamdt", 
  "amends_amendment": null, 
  "amends_bill": {
    "bill_id": "hr2685-114", 
    "bill_type": "hr", 
    "congress": 114, 
    "number": 2685
  }, 
  "amends_treaty": null, 
  "chamber": "h", 
  "congress": "114", 
  "description": "Amendment prohibits allocation of funds to implement three executive orders and several other provisions of law that require the military to invest in green energy.", 
  "introduced_at": "2015-06-11", 
  "number": 498, 
  "purpose": "An amendment to prohibit use of funds for compliance with various renewable energy mandates.", 
  "sponsor": {
    "bioguide_id": "M001177", 
    "district": "4", 
    "name": "McClintock, Tom", 
    "state": "CA", 
    "thomas_id": "01908", 
    "title": "Rep", 
    "type": "person"
  }, 
  "status": "pass", 
  "status_at": "2015-06-11T00:51:06-04:00", 
  "updated_at": "2016-08-01T13:27:47Z"
}