{
  "actions": [
    {
      "acted_at": "2015-06-11T14:28:27-04:00", 
      "action_code": "H32111", 
      "how": "roll", 
      "references": [
        {
          "reference": "CR H4223-4224", 
          "type": "consideration"
        }
      ], 
      "result": "fail", 
      "roll": 354, 
      "text": "On agreeing to the Ellison amendment (A059) Failed by recorded vote: 187 - 242 (Roll no. 354).", 
      "type": "vote", 
      "vote_type": "vote", 
      "where": "h"
    }, 
    {
      "acted_at": "2015-06-11T00:55:02-04:00", 
      "action_code": "H3A100", 
      "references": [
        {
          "reference": "CR 06/10/2015 H4127-4128", 
          "type": "consideration"
        }, 
        {
          "reference": "CR 06/10/2015 H4127", 
          "type": "text"
        }
      ], 
      "text": "Amendment (A059) offered by Mr. Ellison.", 
      "type": "action"
    }, 
    {
      "acted_at": "2015-06-11", 
      "action_code": "", 
      "references": [], 
      "text": "", 
      "type": "action"
    }, 
    {
      "acted_at": "2015-06-11", 
      "action_code": "71000", 
      "references": [], 
      "text": "House amendment offered", 
      "type": "action"
    }, 
    {
      "acted_at": "2015-06-11T00:55:02-04:00", 
      "action_code": "71500", 
      "references": [
        {
          "reference": "CR 06/10/2015 H4127-4128", 
          "type": "consideration"
        }, 
        {
          "reference": "CR 06/10/2015 H4127", 
          "type": "text"
        }
      ], 
      "text": "House amendment offered/reported by : Amendment (A059) offered by Mr. Ellison.", 
      "type": "action"
    }, 
    {
      "acted_at": "2015-06-11T14:28:27-04:00", 
      "action_code": "73000", 
      "references": [
        {
          "reference": "CR H4223-4224", 
          "type": "consideration"
        }
      ], 
      "text": "House amendment not agreed to: On agreeing to the Ellison amendment (A059) Failed by recorded vote: 187 - 242 (Roll no. 354).", 
      "type": "action"
    }, 
    {
      "acted_at": "2015-06-11T14:28:27-04:00", 
      "action_code": "75000", 
      "references": [], 
      "text": "Roll call votes on amendments in House", 
      "type": "action"
    }, 
    {
      "acted_at": "2015-06-11T14:28:27-04:00", 
      "action_code": "77000", 
      "references": [], 
      "text": "Amendment failed in Committee of the Whole", 
      "type": "action"
    }
  ], 
  "amendment_id": "hamdt499-114", 
  "amendment_type": "hamdt", 
  "amends_amendment": null, 
  "amends_bill": {
    "bill_id": "hr2685-114", 
    "bill_type": "hr", 
    "congress": 114, 
    "number": 2685
  }, 
  "amends_treaty": null, 
  "chamber": "h", 
  "congress": "114", 
  "description": "Amendment sought to prohibit use of funds to enter into contract with a government contractor that willfully or repeatedly violated the Fair Labor Standards Act.", 
  "introduced_at": "2015-06-11", 
  "number": 499, 
  "purpose": "An amendment to prohibit use of funds to enter into a contract with any person whose disclosures of a proceeding with a disposition in the Federal Awardee Performance and Integrity Information System include the term \"Fair Labor Standards Act\" and such disposition is listed as \"willful\" or \"repeated\".", 
  "sponsor": {
    "bioguide_id": "E000288", 
    "district": "5", 
    "name": "Ellison, Keith", 
    "state": "MN", 
    "thomas_id": "01857", 
    "title": "Rep", 
    "type": "person"
  }, 
  "status": "fail", 
  "status_at": "2015-06-11T14:28:27-04:00", 
  "updated_at": "2016-08-01T13:27:47Z"
}