{
  "actions": [
    {
      "acted_at": "2015-06-02T23:36:40-04:00", 
      "action_code": "H32111", 
      "how": "by voice vote", 
      "references": [], 
      "result": "pass", 
      "text": "On agreeing to the Ellison amendment (A055) Agreed to by voice vote.", 
      "type": "vote", 
      "vote_type": "vote", 
      "where": "h"
    }, 
    {
      "acted_at": "2015-06-02T23:33:25-04:00", 
      "action_code": "H3A100", 
      "references": [
        {
          "reference": "CR H3737-3738", 
          "type": "consideration"
        }, 
        {
          "reference": "CR H3737", 
          "type": "text"
        }
      ], 
      "text": "Amendment (A055) offered by Mr. Ellison.", 
      "type": "action"
    }, 
    {
      "acted_at": "2015-06-02", 
      "action_code": "", 
      "references": [], 
      "text": "", 
      "type": "action"
    }, 
    {
      "acted_at": "2015-06-02", 
      "action_code": "71000", 
      "references": [], 
      "text": "House amendment offered", 
      "type": "action"
    }, 
    {
      "acted_at": "2015-06-02T23:33:25-04:00", 
      "action_code": "71500", 
      "references": [
        {
          "reference": "CR H3737-3738", 
          "type": "consideration"
        }, 
        {
          "reference": "CR H3737", 
          "type": "text"
        }
      ], 
      "text": "House amendment offered/reported by : Amendment (A055) offered by Mr. Ellison.", 
      "type": "action"
    }, 
    {
      "acted_at": "2015-06-02T23:36:40-04:00", 
      "action_code": "72000", 
      "references": [], 
      "text": "House amendment agreed to: On agreeing to the Ellison amendment (A055) Agreed to by voice vote.", 
      "type": "action"
    }, 
    {
      "acted_at": "2015-06-02T23:36:40-04:00", 
      "action_code": "76000", 
      "references": [], 
      "text": "Amendment agreed to Committee of the Whole", 
      "type": "action"
    }
  ], 
  "amendment_id": "hamdt323-114", 
  "amendment_type": "hamdt", 
  "amends_amendment": null, 
  "amends_bill": {
    "bill_id": "hr2578-114", 
    "bill_type": "hr", 
    "congress": 114, 
    "number": 2578
  }, 
  "amends_treaty": null, 
  "chamber": "h", 
  "congress": "114", 
  "description": "Amendment prohibits use of funds for law enforcement agencies that engage in discriminatory profiling based on gender, race, ethnicity, religion, sexual orientation, or national origin and also prohibits the use of funds to repeal the December 14 revised profiling guidance issued by the Department of Justice.", 
  "introduced_at": "2015-06-02", 
  "number": 323, 
  "purpose": "An amendment to prohibit the use of funds by the Department of Justice in violation of the Fifth and Fourteenth Amendments to the United States Constitution; or to repeal the guidance provided in the memorandum issued by the Attorney General on March 31, 2015.", 
  "sponsor": {
    "bioguide_id": "E000288", 
    "district": "5", 
    "name": "Ellison, Keith", 
    "state": "MN", 
    "thomas_id": "01857", 
    "title": "Rep", 
    "type": "person"
  }, 
  "status": "pass", 
  "status_at": "2015-06-02T23:36:40-04:00", 
  "updated_at": "2016-08-01T13:27:41Z"
}