{
  "actions": [
    {
      "acted_at": "2015-04-30T23:48:52-04:00", 
      "action_code": "H32111", 
      "how": "roll", 
      "references": [], 
      "result": "fail", 
      "roll": 206, 
      "text": "On agreeing to the Sanford amendment (A040) Failed by recorded vote: 171 - 250 (Roll no. 206).", 
      "type": "vote", 
      "vote_type": "vote", 
      "where": "h"
    }, 
    {
      "acted_at": "2015-04-30T20:39:23-04:00", 
      "action_code": "H3A100", 
      "references": [
        {
          "reference": "CR H2723-2724, H2750", 
          "type": "consideration"
        }, 
        {
          "reference": "CR H2723", 
          "type": "text"
        }
      ], 
      "text": "Amendment (A040) offered by Mr. Sanford.", 
      "type": "action"
    }, 
    {
      "acted_at": "2015-04-30", 
      "action_code": "", 
      "references": [], 
      "text": "", 
      "type": "action"
    }, 
    {
      "acted_at": "2015-04-30", 
      "action_code": "71000", 
      "references": [], 
      "text": "House amendment offered", 
      "type": "action"
    }, 
    {
      "acted_at": "2015-04-30T20:39:23-04:00", 
      "action_code": "71500", 
      "references": [
        {
          "reference": "CR H2723-2724, H2750", 
          "type": "consideration"
        }, 
        {
          "reference": "CR H2723", 
          "type": "text"
        }
      ], 
      "text": "House amendment offered/reported by : Amendment (A040) offered by Mr. Sanford.", 
      "type": "action"
    }, 
    {
      "acted_at": "2015-04-30T23:48:52-04:00", 
      "action_code": "73000", 
      "references": [], 
      "text": "House amendment not agreed to: On agreeing to the Sanford amendment (A040) Failed by recorded vote: 171 - 250 (Roll no. 206).", 
      "type": "action"
    }, 
    {
      "acted_at": "2015-04-30T23:48:52-04:00", 
      "action_code": "75000", 
      "references": [], 
      "text": "Roll call votes on amendments in House", 
      "type": "action"
    }, 
    {
      "acted_at": "2015-04-30T23:48:52-04:00", 
      "action_code": "77000", 
      "references": [], 
      "text": "Amendment failed in Committee of the Whole", 
      "type": "action"
    }
  ], 
  "amendment_id": "hamdt190-114", 
  "amendment_type": "hamdt", 
  "amends_amendment": null, 
  "amends_bill": {
    "bill_id": "hr2028-114", 
    "bill_type": "hr", 
    "congress": 114, 
    "number": 2028
  }, 
  "amends_treaty": null, 
  "chamber": "h", 
  "congress": "114", 
  "description": "Amendment sought to zero out the funding for the Advanced Technology Vehicles Manufacturing Loan Program and to prohibit the use of funds to provide loans from the program's unused lending capacity.", 
  "introduced_at": "2015-04-30", 
  "number": 190, 
  "purpose": "An amendment to zero out the funding for the Advanced Technology Vehicles Manufacturing Loan Program and to prohibit the use of funds to provide a loan under the Energy Independence and Security Act of 2007.", 
  "sponsor": {
    "bioguide_id": "S000051", 
    "district": "1", 
    "name": "Sanford, Mark", 
    "state": "SC", 
    "thomas_id": "01012", 
    "title": "Rep", 
    "type": "person"
  }, 
  "status": "fail", 
  "status_at": "2015-04-30T23:48:52-04:00", 
  "updated_at": "2016-08-01T13:27:19Z"
}