{
  "actions": [
    {
      "acted_at": "2015-06-10T22:20:12-04:00", 
      "action_code": "H32111", 
      "how": "roll", 
      "references": [], 
      "result": "fail", 
      "roll": 336, 
      "text": "On agreeing to the Visclosky amendment (A027) Failed by recorded vote: 174 - 257 (Roll no. 336).", 
      "type": "vote", 
      "vote_type": "vote", 
      "where": "h"
    }, 
    {
      "acted_at": "2015-06-10T19:32:44-04:00", 
      "action_code": "H3A100", 
      "references": [
        {
          "reference": "CR H4086, H4107-4108", 
          "type": "consideration"
        }, 
        {
          "reference": "CR H4086", 
          "type": "text"
        }
      ], 
      "text": "Amendment (A027) offered by Mr. Visclosky.", 
      "type": "action"
    }, 
    {
      "acted_at": "2015-06-10", 
      "action_code": "", 
      "references": [], 
      "text": "", 
      "type": "action"
    }, 
    {
      "acted_at": "2015-06-10", 
      "action_code": "71000", 
      "references": [], 
      "text": "House amendment offered", 
      "type": "action"
    }, 
    {
      "acted_at": "2015-06-10T19:32:44-04:00", 
      "action_code": "71500", 
      "references": [
        {
          "reference": "CR H4086, H4107-4108", 
          "type": "consideration"
        }, 
        {
          "reference": "CR H4086", 
          "type": "text"
        }
      ], 
      "text": "House amendment offered/reported by : Amendment (A027) offered by Mr. Visclosky.", 
      "type": "action"
    }, 
    {
      "acted_at": "2015-06-10T22:20:12-04:00", 
      "action_code": "73000", 
      "references": [], 
      "text": "House amendment not agreed to: On agreeing to the Visclosky amendment (A027) Failed by recorded vote: 174 - 257 (Roll no. 336).", 
      "type": "action"
    }, 
    {
      "acted_at": "2015-06-10T22:20:12-04:00", 
      "action_code": "75000", 
      "references": [], 
      "text": "Roll call votes on amendments in House", 
      "type": "action"
    }, 
    {
      "acted_at": "2015-06-10T22:20:12-04:00", 
      "action_code": "77000", 
      "references": [], 
      "text": "Amendment failed in Committee of the Whole", 
      "type": "action"
    }
  ], 
  "amendment_id": "hamdt467-114", 
  "amendment_type": "hamdt", 
  "amends_amendment": null, 
  "amends_bill": {
    "bill_id": "hr2685-114", 
    "bill_type": "hr", 
    "congress": 114, 
    "number": 2685
  }, 
  "amends_treaty": null, 
  "chamber": "h", 
  "congress": "114", 
  "description": "Amendment sought to strike section 8100 regarding a prohibition on the use of funds to transfer, release, or assist in the transfer or release to or within the United States, its territories, or possessions, Khalid Sheikh Mohammed or any other detainee not a U.S. citizen or member of the U.S. Armed Forces and who is or was held on or after June 24, 2009, at Guantanamo Bay.", 
  "introduced_at": "2015-06-10", 
  "number": 467, 
  "purpose": "An amendment to strike 8100 regarding a prohibition on the use of funds to transfer, release, or assist in the transfer or release to or within the United States, its territories, or possessions Khalid Sheikh Mohammed or other detainee.", 
  "sponsor": {
    "bioguide_id": "V000108", 
    "district": "1", 
    "name": "Visclosky, Peter J.", 
    "state": "IN", 
    "thomas_id": "01188", 
    "title": "Rep", 
    "type": "person"
  }, 
  "status": "fail", 
  "status_at": "2015-06-10T22:20:12-04:00", 
  "updated_at": "2016-08-01T13:27:47Z"
}