{
  "actions": [
    {
      "acted_at": "2015-04-30T15:45:29-04:00", 
      "action_code": "H32140", 
      "references": [
        {
          "reference": "CR H2689", 
          "type": "consideration"
        }
      ], 
      "text": "By unanimous consent, the Foster amendment was withdrawn.", 
      "type": "action"
    }, 
    {
      "acted_at": "2015-04-30T15:40:48-04:00", 
      "action_code": "H3A100", 
      "references": [
        {
          "reference": "CR H2688-2689", 
          "type": "consideration"
        }, 
        {
          "reference": "CR H2688-2689", 
          "type": "text"
        }
      ], 
      "text": "Amendment (A026) offered by Mr. Foster.", 
      "type": "action"
    }, 
    {
      "acted_at": "2015-04-30", 
      "action_code": "", 
      "references": [], 
      "text": "", 
      "type": "action"
    }, 
    {
      "acted_at": "2015-04-30", 
      "action_code": "71000", 
      "references": [], 
      "text": "House amendment offered", 
      "type": "action"
    }, 
    {
      "acted_at": "2015-04-30T15:40:48-04:00", 
      "action_code": "71500", 
      "references": [
        {
          "reference": "CR H2688-2689", 
          "type": "consideration"
        }, 
        {
          "reference": "CR H2688-2689", 
          "type": "text"
        }
      ], 
      "text": "House amendment offered/reported by : Amendment (A026) offered by Mr. Foster.", 
      "type": "action"
    }
  ], 
  "amendment_id": "hamdt176-114", 
  "amendment_type": "hamdt", 
  "amends_amendment": null, 
  "amends_bill": {
    "bill_id": "hr2028-114", 
    "bill_type": "hr", 
    "congress": 114, 
    "number": 2028
  }, 
  "amends_treaty": null, 
  "chamber": "h", 
  "congress": "114", 
  "description": null, 
  "introduced_at": "2015-04-30", 
  "number": 176, 
  "purpose": "An amendment to increase funding for Science Activities by $239,749,000 and to reduce funding for National Nuclear Security Weapons Activities by a similar amount.", 
  "sponsor": {
    "bioguide_id": "F000454", 
    "district": "11", 
    "name": "Foster, Bill", 
    "state": "IL", 
    "thomas_id": "01888", 
    "title": "Rep", 
    "type": "person"
  }, 
  "status": "offered", 
  "status_at": "2015-04-30", 
  "updated_at": "2016-08-01T13:27:19Z"
}