{
  "actions": [
    {
      "acted_at": "2015-07-08T17:44:09-04:00", 
      "action_code": "H32111", 
      "how": "roll", 
      "references": [
        {
          "reference": "CR H4925-4926", 
          "type": "consideration"
        }
      ], 
      "result": "pass", 
      "roll": 411, 
      "text": "On agreeing to the Hurd (TX) amendment (A031) Agreed to by recorded vote: 424 - 2 (Roll No. 411).", 
      "type": "vote", 
      "vote_type": "vote", 
      "where": "h"
    }, 
    {
      "acted_at": "2015-07-08", 
      "action_code": "", 
      "references": [], 
      "text": "", 
      "type": "action"
    }, 
    {
      "acted_at": "2015-02-26T21:19:54-05:00", 
      "action_code": "H3A100", 
      "references": [
        {
          "reference": "CR H1285", 
          "type": "consideration"
        }, 
        {
          "reference": "CR H1285", 
          "type": "text"
        }
      ], 
      "text": "Amendment (A031) offered by Mr. Hurd (TX).", 
      "type": "action"
    }, 
    {
      "acted_at": "2015-07-08", 
      "action_code": "71000", 
      "references": [], 
      "text": "House amendment offered", 
      "type": "action"
    }, 
    {
      "acted_at": "2015-02-26T21:19:54-05:00", 
      "action_code": "71500", 
      "references": [
        {
          "reference": "CR H1285", 
          "type": "consideration"
        }, 
        {
          "reference": "CR H1285", 
          "type": "text"
        }
      ], 
      "text": "House amendment offered/reported by : Amendment (A031) offered by Mr. Hurd (TX).", 
      "type": "action"
    }, 
    {
      "acted_at": "2015-07-08T17:44:09-04:00", 
      "action_code": "72000", 
      "references": [
        {
          "reference": "CR H4925-4926", 
          "type": "consideration"
        }
      ], 
      "text": "House amendment agreed to: On agreeing to the Hurd (TX) amendment (A031) Agreed to by recorded vote: 424 - 2 (Roll No. 411).", 
      "type": "action"
    }, 
    {
      "acted_at": "2015-07-08T17:44:09-04:00", 
      "action_code": "75000", 
      "references": [], 
      "text": "Roll call votes on amendments in House", 
      "type": "action"
    }, 
    {
      "acted_at": "2015-07-08T17:44:09-04:00", 
      "action_code": "76000", 
      "references": [], 
      "text": "Amendment agreed to Committee of the Whole", 
      "type": "action"
    }
  ], 
  "amendment_id": "hamdt54-114", 
  "amendment_type": "hamdt", 
  "amends_amendment": null, 
  "amends_bill": {
    "bill_id": "hr5-114", 
    "bill_type": "hr", 
    "congress": 114, 
    "number": 5
  }, 
  "amends_treaty": null, 
  "chamber": "h", 
  "congress": "114", 
  "description": "Amendment expresses the sense of Congress that students' personally identifiable information is important to protect as applied to current law and this Act.", 
  "introduced_at": "2015-07-08", 
  "number": 54, 
  "purpose": "An amendment No. 31 printed in part B of House Report 113-29 to express the sense of Congress that students' personally identifiable information is important to protect as applied to current law and this act.", 
  "sponsor": {
    "bioguide_id": "H001073", 
    "district": "23", 
    "name": "Hurd, Will", 
    "state": "TX", 
    "thomas_id": "02269", 
    "title": "Rep", 
    "type": "person"
  }, 
  "status": "pass", 
  "status_at": "2015-07-08T17:44:09-04:00", 
  "updated_at": "2016-08-01T13:26:00Z"
}