{
  "actions": [
    {
      "acted_at": "2015-05-01T00:31:52-04:00", 
      "action_code": "H32111", 
      "how": "by voice vote", 
      "references": [], 
      "result": "pass", 
      "text": "On agreeing to the DelBene amendment (A050) Agreed to by voice vote.", 
      "type": "vote", 
      "vote_type": "vote", 
      "where": "h"
    }, 
    {
      "acted_at": "2015-05-01T00:28:50-04:00", 
      "action_code": "H3A100", 
      "references": [
        {
          "reference": "CR 04/30/2015 H2755-2756", 
          "type": "consideration"
        }, 
        {
          "reference": "CR 04/30/2015 H2755", 
          "type": "text"
        }
      ], 
      "text": "Amendment (A050) offered by Ms. DelBene.", 
      "type": "action"
    }, 
    {
      "acted_at": "2015-05-01", 
      "action_code": "", 
      "references": [], 
      "text": "", 
      "type": "action"
    }, 
    {
      "acted_at": "2015-05-01", 
      "action_code": "71000", 
      "references": [], 
      "text": "House amendment offered", 
      "type": "action"
    }, 
    {
      "acted_at": "2015-05-01T00:28:50-04:00", 
      "action_code": "71500", 
      "references": [
        {
          "reference": "CR 04/30/2015 H2755-2756", 
          "type": "consideration"
        }, 
        {
          "reference": "CR 04/30/2015 H2755", 
          "type": "text"
        }
      ], 
      "text": "House amendment offered/reported by : Amendment (A050) offered by Ms. DelBene.", 
      "type": "action"
    }, 
    {
      "acted_at": "2015-05-01T00:31:52-04:00", 
      "action_code": "72000", 
      "references": [], 
      "text": "House amendment agreed to: On agreeing to the DelBene amendment (A050) Agreed to by voice vote.", 
      "type": "action"
    }, 
    {
      "acted_at": "2015-05-01T00:31:52-04:00", 
      "action_code": "76000", 
      "references": [], 
      "text": "Amendment agreed to Committee of the Whole", 
      "type": "action"
    }
  ], 
  "amendment_id": "hamdt200-114", 
  "amendment_type": "hamdt", 
  "amends_amendment": null, 
  "amends_bill": {
    "bill_id": "hr2028-114", 
    "bill_type": "hr", 
    "congress": 114, 
    "number": 2028
  }, 
  "amends_treaty": null, 
  "chamber": "h", 
  "congress": "114", 
  "description": "Amendment to prohibit use of funds for the purchase of welded shipboard anchor and mooring chain 4 inches in diameter and under unless the anchor and mooring chain are procured from a manufacturer that is part of the national technology and industrial base.", 
  "introduced_at": "2015-05-01", 
  "number": 200, 
  "purpose": "An amendment to prohibit use of funds for the purchase of welded shipboard anchor and mooring chain 4 inches in diameter and under unless the anchor and mooring chain are procured from a manufacturer that is part of the national technology and industrial base.", 
  "sponsor": {
    "bioguide_id": "D000617", 
    "district": "1", 
    "name": "DelBene, Suzan K.", 
    "state": "WA", 
    "thomas_id": "02096", 
    "title": "Rep", 
    "type": "person"
  }, 
  "status": "pass", 
  "status_at": "2015-05-01T00:31:52-04:00", 
  "updated_at": "2016-08-01T13:27:19Z"
}