{
  "actions": [
    {
      "acted_at": "2015-06-02T16:56:18-04:00", 
      "action_code": "H32140", 
      "references": [
        {
          "reference": "CR H3687", 
          "type": "consideration"
        }
      ], 
      "text": "By unanimous consent, the Polis amendment was withdrawn.", 
      "type": "action"
    }, 
    {
      "acted_at": "2015-06-02T16:46:31-04:00", 
      "action_code": "H3A100", 
      "references": [
        {
          "reference": "CR H3686-3687", 
          "type": "consideration"
        }, 
        {
          "reference": "CR H3686", 
          "type": "text"
        }
      ], 
      "text": "Amendment (A013) offered by Mr. Polis.", 
      "type": "action"
    }, 
    {
      "acted_at": "2015-06-02", 
      "action_code": "", 
      "references": [], 
      "text": "", 
      "type": "action"
    }, 
    {
      "acted_at": "2015-06-02", 
      "action_code": "71000", 
      "references": [], 
      "text": "House amendment offered", 
      "type": "action"
    }, 
    {
      "acted_at": "2015-06-02T16:46:31-04:00", 
      "action_code": "71500", 
      "references": [
        {
          "reference": "CR H3686-3687", 
          "type": "consideration"
        }, 
        {
          "reference": "CR H3686", 
          "type": "text"
        }
      ], 
      "text": "House amendment offered/reported by : Amendment (A013) offered by Mr. Polis.", 
      "type": "action"
    }
  ], 
  "amendment_id": "hamdt281-114", 
  "amendment_type": "hamdt", 
  "amends_amendment": null, 
  "amends_bill": {
    "bill_id": "hr2578-114", 
    "bill_type": "hr", 
    "congress": 114, 
    "number": 2578
  }, 
  "amends_treaty": null, 
  "chamber": "h", 
  "congress": "114", 
  "description": null, 
  "introduced_at": "2015-06-02", 
  "number": 281, 
  "purpose": "An amendment to reduce and then increase funding for Operations, Research, and Facilities at NOAA by $30 million.", 
  "sponsor": {
    "bioguide_id": "P000598", 
    "district": "2", 
    "name": "Polis, Jared", 
    "state": "CO", 
    "thomas_id": "01910", 
    "title": "Rep", 
    "type": "person"
  }, 
  "status": "offered", 
  "status_at": "2015-06-02", 
  "updated_at": "2016-08-01T13:27:41Z"
}