{
  "actions": [
    {
      "acted_at": "2015-06-10T18:57:29-04:00", 
      "action_code": "H32111", 
      "how": "by voice vote", 
      "references": [], 
      "result": "pass", 
      "text": "On agreeing to the Pascrell amendment (A024) Agreed to by voice vote.", 
      "type": "vote", 
      "vote_type": "vote", 
      "where": "h"
    }, 
    {
      "acted_at": "2015-06-10T18:53:47-04:00", 
      "action_code": "H3A100", 
      "references": [
        {
          "reference": "CR H4075-4076", 
          "type": "consideration"
        }, 
        {
          "reference": "CR H4075", 
          "type": "text"
        }
      ], 
      "text": "Amendment (A024) offered by Mr. Pascrell.", 
      "type": "action"
    }, 
    {
      "acted_at": "2015-06-10", 
      "action_code": "", 
      "references": [], 
      "text": "", 
      "type": "action"
    }, 
    {
      "acted_at": "2015-06-10", 
      "action_code": "71000", 
      "references": [], 
      "text": "House amendment offered", 
      "type": "action"
    }, 
    {
      "acted_at": "2015-06-10T18:53:47-04:00", 
      "action_code": "71500", 
      "references": [
        {
          "reference": "CR H4075-4076", 
          "type": "consideration"
        }, 
        {
          "reference": "CR H4075", 
          "type": "text"
        }
      ], 
      "text": "House amendment offered/reported by : Amendment (A024) offered by Mr. Pascrell.", 
      "type": "action"
    }, 
    {
      "acted_at": "2015-06-10T18:57:29-04:00", 
      "action_code": "72000", 
      "references": [], 
      "text": "House amendment agreed to: On agreeing to the Pascrell amendment (A024) Agreed to by voice vote.", 
      "type": "action"
    }, 
    {
      "acted_at": "2015-06-10T18:57:29-04:00", 
      "action_code": "76000", 
      "references": [], 
      "text": "Amendment agreed to Committee of the Whole", 
      "type": "action"
    }
  ], 
  "amendment_id": "hamdt464-114", 
  "amendment_type": "hamdt", 
  "amends_amendment": null, 
  "amends_bill": {
    "bill_id": "hr2685-114", 
    "bill_type": "hr", 
    "congress": 114, 
    "number": 2685
  }, 
  "amends_treaty": null, 
  "chamber": "h", 
  "congress": "114", 
  "description": "Amendment reduces funding for Research, Development, Test and Evaluation, Defense-Wide, by $25 million and increases funding for Defense Health Programs by a similar amount in order to address traumatic brain injury.", 
  "introduced_at": "2015-06-10", 
  "number": 464, 
  "purpose": "An amendment to reduce funding for Research, Development, Test and Evaluation, Defense-Wide, by $25 million and increase funding for Defense Health Program (traumatic brain injury) by a similar amount.", 
  "sponsor": {
    "bioguide_id": "P000096", 
    "district": "9", 
    "name": "Pascrell, Bill, Jr.", 
    "state": "NJ", 
    "thomas_id": "01510", 
    "title": "Rep", 
    "type": "person"
  }, 
  "status": "pass", 
  "status_at": "2015-06-10T18:57:29-04:00", 
  "updated_at": "2016-08-01T13:27:47Z"
}