{
  "actions": [
    {
      "acted_at": "2015-04-29T17:20:55-04:00", 
      "action_code": "H32130", 
      "references": [], 
      "text": "Mr. Dent raised a point of order against the Mulvaney amendment (A015). Mr. Dent stated that the amendment seeks to amend portions of the bill not yet read for consideration. The Chair sustained the point of order.", 
      "type": "action"
    }, 
    {
      "acted_at": "2015-04-29T17:15:24-04:00", 
      "action_code": "H3A100", 
      "references": [
        {
          "reference": "CR H2600-2602", 
          "type": "consideration"
        }, 
        {
          "reference": "CR H2600", 
          "type": "text"
        }
      ], 
      "text": "Amendment (A015) offered by Mr. Mulvaney.", 
      "type": "action"
    }, 
    {
      "acted_at": "2015-04-29", 
      "action_code": "", 
      "references": [], 
      "text": "", 
      "type": "action"
    }, 
    {
      "acted_at": "2015-04-29", 
      "action_code": "71000", 
      "references": [], 
      "text": "House amendment offered", 
      "type": "action"
    }, 
    {
      "acted_at": "2015-04-29T17:15:24-04:00", 
      "action_code": "71500", 
      "references": [
        {
          "reference": "CR H2600-2602", 
          "type": "consideration"
        }, 
        {
          "reference": "CR H2600", 
          "type": "text"
        }
      ], 
      "text": "House amendment offered/reported by : Amendment (A015) offered by Mr. Mulvaney.", 
      "type": "action"
    }
  ], 
  "amendment_id": "hamdt122-114", 
  "amendment_type": "hamdt", 
  "amends_amendment": null, 
  "amends_bill": {
    "bill_id": "hr2029-114", 
    "bill_type": "hr", 
    "congress": 114, 
    "number": 2029
  }, 
  "amends_treaty": null, 
  "chamber": "h", 
  "congress": "114", 
  "description": null, 
  "introduced_at": "2015-04-29", 
  "number": 122, 
  "purpose": "An amendment to strike title IV which overseas Contingency Operations Department of Defense.", 
  "sponsor": {
    "bioguide_id": "M001182", 
    "district": "5", 
    "name": "Mulvaney, Mick", 
    "state": "SC", 
    "thomas_id": "02059", 
    "title": "Rep", 
    "type": "person"
  }, 
  "status": "offered", 
  "status_at": "2015-04-29", 
  "updated_at": "2016-08-01T13:27:21Z"
}