{
  "actions": [
    {
      "acted_at": "2015-04-30T20:53:45-04:00", 
      "action_code": "H32130", 
      "references": [], 
      "text": "Mr. Simpson raised a point of order against the Cleaver amendment (A041). Mr. Simpson stated that the amendment sought to change existing law and constituted legislation in an appropriations bill. The Chair sustained the point of order.", 
      "type": "action"
    }, 
    {
      "acted_at": "2015-04-30T20:49:47-04:00", 
      "action_code": "H3A100", 
      "references": [
        {
          "reference": "CR H2724", 
          "type": "consideration"
        }, 
        {
          "reference": "CR H2724", 
          "type": "text"
        }
      ], 
      "text": "Amendment (A041) offered by Mr. Cleaver.", 
      "type": "action"
    }, 
    {
      "acted_at": "2015-04-30", 
      "action_code": "", 
      "references": [], 
      "text": "", 
      "type": "action"
    }, 
    {
      "acted_at": "2015-04-30", 
      "action_code": "71000", 
      "references": [], 
      "text": "House amendment offered", 
      "type": "action"
    }, 
    {
      "acted_at": "2015-04-30T20:49:47-04:00", 
      "action_code": "71500", 
      "references": [
        {
          "reference": "CR H2724", 
          "type": "consideration"
        }, 
        {
          "reference": "CR H2724", 
          "type": "text"
        }
      ], 
      "text": "House amendment offered/reported by : Amendment (A041) offered by Mr. Cleaver.", 
      "type": "action"
    }
  ], 
  "amendment_id": "hamdt191-114", 
  "amendment_type": "hamdt", 
  "amends_amendment": null, 
  "amends_bill": {
    "bill_id": "hr2028-114", 
    "bill_type": "hr", 
    "congress": 114, 
    "number": 2028
  }, 
  "amends_treaty": null, 
  "chamber": "h", 
  "congress": "114", 
  "description": null, 
  "introduced_at": "2015-04-30", 
  "number": 191, 
  "purpose": "An amendment to provide that total project costs in section 902 of the Water Resources Developement Act of 1986 shall not apply with respect to any project that receives funds made available by title I of this Act.", 
  "sponsor": {
    "bioguide_id": "C001061", 
    "district": "5", 
    "name": "Cleaver, Emanuel", 
    "state": "MO", 
    "thomas_id": "01790", 
    "title": "Rep", 
    "type": "person"
  }, 
  "status": "offered", 
  "status_at": "2015-04-30", 
  "updated_at": "2016-08-01T13:27:19Z"
}