{
  "actions": [
    {
      "acted_at": "2015-06-02T18:40:04-04:00", 
      "action_code": "H32111", 
      "how": "roll", 
      "references": [], 
      "result": "fail", 
      "roll": 270, 
      "text": "On agreeing to the McClintock amendment (A005) Failed by recorded vote: 154 - 263 (Roll no. 270).", 
      "type": "vote", 
      "vote_type": "vote", 
      "where": "h"
    }, 
    {
      "acted_at": "2015-06-02T15:47:46-04:00", 
      "action_code": "H3A100", 
      "references": [
        {
          "reference": "CR H3678-3679", 
          "type": "consideration"
        }, 
        {
          "reference": "CR H3678", 
          "type": "text"
        }
      ], 
      "text": "Amendment (A005) offered by Mr. McClintock.", 
      "type": "action"
    }, 
    {
      "acted_at": "2015-06-02", 
      "action_code": "", 
      "references": [], 
      "text": "", 
      "type": "action"
    }, 
    {
      "acted_at": "2015-06-02", 
      "action_code": "71000", 
      "references": [], 
      "text": "House amendment offered", 
      "type": "action"
    }, 
    {
      "acted_at": "2015-06-02T15:47:46-04:00", 
      "action_code": "71500", 
      "references": [
        {
          "reference": "CR H3678-3679", 
          "type": "consideration"
        }, 
        {
          "reference": "CR H3678", 
          "type": "text"
        }
      ], 
      "text": "House amendment offered/reported by : Amendment (A005) offered by Mr. McClintock.", 
      "type": "action"
    }, 
    {
      "acted_at": "2015-06-02T18:40:04-04:00", 
      "action_code": "73000", 
      "references": [], 
      "text": "House amendment not agreed to: On agreeing to the McClintock amendment (A005) Failed by recorded vote: 154 - 263 (Roll no. 270).", 
      "type": "action"
    }, 
    {
      "acted_at": "2015-06-02T18:40:04-04:00", 
      "action_code": "75000", 
      "references": [], 
      "text": "Roll call votes on amendments in House", 
      "type": "action"
    }, 
    {
      "acted_at": "2015-06-02T18:40:04-04:00", 
      "action_code": "77000", 
      "references": [], 
      "text": "Amendment failed in Committee of the Whole", 
      "type": "action"
    }
  ], 
  "amendment_id": "hamdt273-114", 
  "amendment_type": "hamdt", 
  "amends_amendment": null, 
  "amends_bill": {
    "bill_id": "hr2578-114", 
    "bill_type": "hr", 
    "congress": 114, 
    "number": 2578
  }, 
  "amends_treaty": null, 
  "chamber": "h", 
  "congress": "114", 
  "description": "Amendment sought to reduce funding for the ITC by $311,788,000 and apply the savings to the spending reduction account.", 
  "introduced_at": "2015-06-02", 
  "number": 273, 
  "purpose": "An amendment to reduce the Department of Commerce International Trade Administration Operations account by $311,788,000 and apply the savings to the spending reduction account.", 
  "sponsor": {
    "bioguide_id": "M001177", 
    "district": "4", 
    "name": "McClintock, Tom", 
    "state": "CA", 
    "thomas_id": "01908", 
    "title": "Rep", 
    "type": "person"
  }, 
  "status": "fail", 
  "status_at": "2015-06-02T18:40:04-04:00", 
  "updated_at": "2016-08-01T13:27:41Z"
}