{
  "actions": [
    {
      "acted_at": "2015-02-26T16:38:28-05:00", 
      "action_code": "H32140", 
      "references": [
        {
          "reference": "CR H1263", 
          "type": "consideration"
        }
      ], 
      "text": "By unanimous consent, the Fudge amendment was withdrawn.", 
      "type": "action"
    }, 
    {
      "acted_at": "2015-02-26T16:32:22-05:00", 
      "action_code": "H3A100", 
      "references": [
        {
          "reference": "CR H1262-1263", 
          "type": "consideration"
        }, 
        {
          "reference": "CR H1262", 
          "type": "text"
        }
      ], 
      "text": "Amendment (A010) offered by Ms. Fudge.", 
      "type": "action"
    }, 
    {
      "acted_at": "2015-02-26", 
      "action_code": "", 
      "references": [], 
      "text": "", 
      "type": "action"
    }, 
    {
      "acted_at": "2015-02-26", 
      "action_code": "71000", 
      "references": [], 
      "text": "House amendment offered", 
      "type": "action"
    }, 
    {
      "acted_at": "2015-02-26T16:32:22-05:00", 
      "action_code": "71500", 
      "references": [
        {
          "reference": "CR H1262-1263", 
          "type": "consideration"
        }, 
        {
          "reference": "CR H1262", 
          "type": "text"
        }
      ], 
      "text": "House amendment offered/reported by : Amendment (A010) offered by Ms. Fudge.", 
      "type": "action"
    }
  ], 
  "amendment_id": "hamdt33-114", 
  "amendment_type": "hamdt", 
  "amends_amendment": null, 
  "amends_bill": {
    "bill_id": "hr5-114", 
    "bill_type": "hr", 
    "congress": 114, 
    "number": 5
  }, 
  "amends_treaty": null, 
  "chamber": "h", 
  "congress": "114", 
  "description": null, 
  "introduced_at": "2015-02-26", 
  "number": 33, 
  "purpose": "An amendment numbered 10 printed in Part B of House Report 114-29 to ensure continued state investment in educating students by requiring states to demonstrate that the level of state and local funding remains constant from year to year.", 
  "sponsor": {
    "bioguide_id": "F000455", 
    "district": "11", 
    "name": "Fudge, Marcia L.", 
    "state": "OH", 
    "thomas_id": "01895", 
    "title": "Rep", 
    "type": "person"
  }, 
  "status": "offered", 
  "status_at": "2015-02-26", 
  "updated_at": "2016-08-01T13:26:00Z"
}