{
  "actions": [
    {
      "acted_at": "2015-06-04T11:58:07-04:00", 
      "action_code": "H32111", 
      "how": "roll", 
      "references": [
        {
          "reference": "CR H3897-3898", 
          "type": "consideration"
        }
      ], 
      "result": "pass", 
      "roll": 299, 
      "text": "On agreeing to the Walberg amendment (A009) Agreed to by recorded vote: 235 - 189 (Roll no. 299).", 
      "type": "vote", 
      "vote_type": "vote", 
      "where": "h"
    }, 
    {
      "acted_at": "2015-06-03T20:47:37-04:00", 
      "action_code": "H3A100", 
      "references": [
        {
          "reference": "CR H3837-3838", 
          "type": "consideration"
        }, 
        {
          "reference": "CR H3837", 
          "type": "text"
        }
      ], 
      "text": "Amendment (A009) offered by Mr. Walberg.", 
      "type": "action"
    }, 
    {
      "acted_at": "2015-06-03", 
      "action_code": "", 
      "references": [], 
      "text": "", 
      "type": "action"
    }, 
    {
      "acted_at": "2015-06-03", 
      "action_code": "71000", 
      "references": [], 
      "text": "House amendment offered", 
      "type": "action"
    }, 
    {
      "acted_at": "2015-06-03T20:47:37-04:00", 
      "action_code": "71500", 
      "references": [
        {
          "reference": "CR H3837-3838", 
          "type": "consideration"
        }, 
        {
          "reference": "CR H3837", 
          "type": "text"
        }
      ], 
      "text": "House amendment offered/reported by : Amendment (A009) offered by Mr. Walberg.", 
      "type": "action"
    }, 
    {
      "acted_at": "2015-06-04T11:58:07-04:00", 
      "action_code": "72000", 
      "references": [
        {
          "reference": "CR H3897-3898", 
          "type": "consideration"
        }
      ], 
      "text": "House amendment agreed to: On agreeing to the Walberg amendment (A009) Agreed to by recorded vote: 235 - 189 (Roll no. 299).", 
      "type": "action"
    }, 
    {
      "acted_at": "2015-06-04T11:58:07-04:00", 
      "action_code": "75000", 
      "references": [], 
      "text": "Roll call votes on amendments in House", 
      "type": "action"
    }, 
    {
      "acted_at": "2015-06-04T11:58:07-04:00", 
      "action_code": "76000", 
      "references": [], 
      "text": "Amendment agreed to Committee of the Whole", 
      "type": "action"
    }
  ], 
  "amendment_id": "hamdt364-114", 
  "amendment_type": "hamdt", 
  "amends_amendment": null, 
  "amends_bill": {
    "bill_id": "hr2577-114", 
    "bill_type": "hr", 
    "congress": 114, 
    "number": 2577
  }, 
  "amends_treaty": null, 
  "chamber": "h", 
  "congress": "114", 
  "description": "Amendment strikes section 102 from the bill which allows the Secretary or his designee to engage in activities with States and State legislators to consider proposals related to the reduction of motorcycle fatalities.", 
  "introduced_at": "2015-06-03", 
  "number": 364, 
  "purpose": "An amendment to strike section 102 from the bill which allows the Secretary or his designee to engage in activities with States and State legislators to consider proposals related to the reduction of motorcycle fatalities.", 
  "sponsor": {
    "bioguide_id": "W000798", 
    "district": "7", 
    "name": "Walberg, Tim", 
    "state": "MI", 
    "thomas_id": "01855", 
    "title": "Rep", 
    "type": "person"
  }, 
  "status": "pass", 
  "status_at": "2015-06-04T11:58:07-04:00", 
  "updated_at": "2016-08-26T08:52:18Z"
}