{
  "actions": [
    {
      "acted_at": "2015-06-03T14:30:20-04:00", 
      "action_code": "H32111", 
      "how": "roll", 
      "references": [
        {
          "reference": "CR H3788", 
          "type": "consideration"
        }
      ], 
      "result": "fail", 
      "roll": 285, 
      "text": "On agreeing to the McClintock amendment (A066) Failed by recorded vote: 206 - 222 (Roll no. 285).", 
      "type": "vote", 
      "vote_type": "vote", 
      "where": "h"
    }, 
    {
      "acted_at": "2015-06-03T01:08:52-04:00", 
      "action_code": "H3A100", 
      "references": [
        {
          "reference": "CR H3748-3750", 
          "type": "consideration"
        }, 
        {
          "reference": "CR H3748-3749", 
          "type": "text"
        }
      ], 
      "text": "Amendment (A066) offered by Mr. McClintock.", 
      "type": "action"
    }, 
    {
      "acted_at": "2015-06-03", 
      "action_code": "", 
      "references": [], 
      "text": "", 
      "type": "action"
    }, 
    {
      "acted_at": "2015-06-03", 
      "action_code": "71000", 
      "references": [], 
      "text": "House amendment offered", 
      "type": "action"
    }, 
    {
      "acted_at": "2015-06-03T01:08:52-04:00", 
      "action_code": "71500", 
      "references": [
        {
          "reference": "CR H3748-3750", 
          "type": "consideration"
        }, 
        {
          "reference": "CR H3748-3749", 
          "type": "text"
        }
      ], 
      "text": "House amendment offered/reported by : Amendment (A066) offered by Mr. McClintock.", 
      "type": "action"
    }, 
    {
      "acted_at": "2015-06-03T14:30:20-04:00", 
      "action_code": "73000", 
      "references": [
        {
          "reference": "CR H3788", 
          "type": "consideration"
        }
      ], 
      "text": "House amendment not agreed to: On agreeing to the McClintock amendment (A066) Failed by recorded vote: 206 - 222 (Roll no. 285).", 
      "type": "action"
    }, 
    {
      "acted_at": "2015-06-03T14:30:20-04:00", 
      "action_code": "75000", 
      "references": [], 
      "text": "Roll call votes on amendments in House", 
      "type": "action"
    }, 
    {
      "acted_at": "2015-06-03T14:30:20-04:00", 
      "action_code": "77000", 
      "references": [], 
      "text": "Amendment failed in Committee of the Whole", 
      "type": "action"
    }
  ], 
  "amendment_id": "hamdt334-114", 
  "amendment_type": "hamdt", 
  "amends_amendment": null, 
  "amends_bill": {
    "bill_id": "hr2578-114", 
    "bill_type": "hr", 
    "congress": 114, 
    "number": 2578
  }, 
  "amends_treaty": null, 
  "chamber": "h", 
  "congress": "114", 
  "description": "Amendment sought to prohibit the use of funds by various states to prevent any of them from implementing their own laws that authorize the use, distribution, possessions, or cultivation of marijuana on non-Federal lands within their respective jurisdictions.", 
  "introduced_at": "2015-06-03", 
  "number": 334, 
  "purpose": "An amendment to prohibit the use of funds by various states to prevent any of them from implementing their own laws that authorize the use, distribution, possessions, or cultivation of marijuana on non-Federal lands within their respective jurisdictions.", 
  "sponsor": {
    "bioguide_id": "M001177", 
    "district": "4", 
    "name": "McClintock, Tom", 
    "state": "CA", 
    "thomas_id": "01908", 
    "title": "Rep", 
    "type": "person"
  }, 
  "status": "fail", 
  "status_at": "2015-06-03T14:30:20-04:00", 
  "updated_at": "2016-08-01T13:27:41Z"
}