{
  "actions": [
    {
      "acted_at": "2015-01-13T16:50:22-05:00", 
      "action_code": "H32111", 
      "how": "roll", 
      "references": [], 
      "result": "pass", 
      "roll": 23, 
      "text": "On agreeing to the McKinley amendment (A001) Agreed to by recorded vote: 254 - 168 (Roll no. 23).", 
      "type": "vote", 
      "vote_type": "vote", 
      "where": "h"
    }, 
    {
      "acted_at": "2015-01-13T15:46:06-05:00", 
      "action_code": "H3A100", 
      "references": [
        {
          "reference": "CR H260-262, H267-268", 
          "type": "consideration"
        }, 
        {
          "reference": "CR H260", 
          "type": "text"
        }
      ], 
      "text": "Amendment (A001) offered by Mr. McKinley.", 
      "type": "action"
    }, 
    {
      "acted_at": "2015-01-13", 
      "action_code": "", 
      "references": [], 
      "text": "", 
      "type": "action"
    }, 
    {
      "acted_at": "2015-01-13", 
      "action_code": "71000", 
      "references": [], 
      "text": "House amendment offered", 
      "type": "action"
    }, 
    {
      "acted_at": "2015-01-13T15:46:06-05:00", 
      "action_code": "71500", 
      "references": [
        {
          "reference": "CR H260-262, H267-268", 
          "type": "consideration"
        }, 
        {
          "reference": "CR H260", 
          "type": "text"
        }
      ], 
      "text": "House amendment offered/reported by : Amendment (A001) offered by Mr. McKinley.", 
      "type": "action"
    }, 
    {
      "acted_at": "2015-01-13T16:50:22-05:00", 
      "action_code": "72000", 
      "references": [], 
      "text": "House amendment agreed to: On agreeing to the McKinley amendment (A001) Agreed to by recorded vote: 254 - 168 (Roll no. 23).", 
      "type": "action"
    }, 
    {
      "acted_at": "2015-01-13T16:50:22-05:00", 
      "action_code": "75000", 
      "references": [], 
      "text": "Roll call votes on amendments in House", 
      "type": "action"
    }, 
    {
      "acted_at": "2015-01-13T16:50:22-05:00", 
      "action_code": "76000", 
      "references": [], 
      "text": "Amendment agreed to Committee of the Whole", 
      "type": "action"
    }
  ], 
  "amendment_id": "hamdt2-114", 
  "amendment_type": "hamdt", 
  "amends_amendment": null, 
  "amends_bill": {
    "bill_id": "hr185-114", 
    "bill_type": "hr", 
    "congress": 114, 
    "number": 185
  }, 
  "amends_treaty": null, 
  "chamber": "h", 
  "congress": "114", 
  "description": "Amendment ensures that the Agencies, when developing regulations, must take into consideration and account for, low-income populations. Amendment also provides that no particular class or race is excluded when it comes to looking at costs and benefits of the regulation.", 
  "introduced_at": "2015-01-13", 
  "number": 2, 
  "purpose": "An amendment numbered 1 printed in Part A of House Report 114-2 to ensure that the Agencies, when developing regulations, take into consideration and account for low-income populations. Furthermore, the Amendment provides that no particular class or race is excluded when it comes to looking at costs and benefits of the regulation.", 
  "sponsor": {
    "bioguide_id": "M001180", 
    "district": "1", 
    "name": "McKinley, David B.", 
    "state": "WV", 
    "thomas_id": "02074", 
    "title": "Rep", 
    "type": "person"
  }, 
  "status": "pass", 
  "status_at": "2015-01-13T16:50:22-05:00", 
  "updated_at": "2016-08-01T13:26:10Z"
}