{
  "actions": [
    {
      "acted_at": "2015-05-15T10:25:05-04:00", 
      "action_code": "H32111", 
      "how": "roll", 
      "references": [
        {
          "reference": "CR H3230-3231", 
          "type": "consideration"
        }
      ], 
      "result": "pass", 
      "roll": 234, 
      "text": "On agreeing to the Lamborn amendment (A011) Agreed to by recorded vote: 235 - 182 (Roll no. 234).", 
      "type": "vote", 
      "vote_type": "vote", 
      "where": "h"
    }, 
    {
      "acted_at": "2015-05-14T19:36:24-04:00", 
      "action_code": "H3A100", 
      "references": [
        {
          "reference": "CR H3182-3184", 
          "type": "consideration"
        }, 
        {
          "reference": "CR H3182", 
          "type": "text"
        }
      ], 
      "text": "Amendment (A011) offered by Mr. Lamborn.", 
      "type": "action"
    }, 
    {
      "acted_at": "2015-05-14", 
      "action_code": "", 
      "references": [], 
      "text": "", 
      "type": "action"
    }, 
    {
      "acted_at": "2015-05-14", 
      "action_code": "71000", 
      "references": [], 
      "text": "House amendment offered", 
      "type": "action"
    }, 
    {
      "acted_at": "2015-05-14T19:36:24-04:00", 
      "action_code": "71500", 
      "references": [
        {
          "reference": "CR H3182-3184", 
          "type": "consideration"
        }, 
        {
          "reference": "CR H3182", 
          "type": "text"
        }
      ], 
      "text": "House amendment offered/reported by : Amendment (A011) offered by Mr. Lamborn.", 
      "type": "action"
    }, 
    {
      "acted_at": "2015-05-15T10:25:05-04:00", 
      "action_code": "72000", 
      "references": [
        {
          "reference": "CR H3230-3231", 
          "type": "consideration"
        }
      ], 
      "text": "House amendment agreed to: On agreeing to the Lamborn amendment (A011) Agreed to by recorded vote: 235 - 182 (Roll no. 234).", 
      "type": "action"
    }, 
    {
      "acted_at": "2015-05-15T10:25:05-04:00", 
      "action_code": "75000", 
      "references": [], 
      "text": "Roll call votes on amendments in House", 
      "type": "action"
    }, 
    {
      "acted_at": "2015-05-15T10:25:05-04:00", 
      "action_code": "76000", 
      "references": [], 
      "text": "Amendment agreed to Committee of the Whole", 
      "type": "action"
    }
  ], 
  "amendment_id": "hamdt226-114", 
  "amendment_type": "hamdt", 
  "amends_amendment": null, 
  "amends_bill": {
    "bill_id": "hr1735-114", 
    "bill_type": "hr", 
    "congress": 114, 
    "number": 1735
  }, 
  "amends_treaty": null, 
  "chamber": "h", 
  "congress": "114", 
  "description": "Amendment limits funding for implementing the New START treaty.", 
  "introduced_at": "2015-05-14", 
  "number": 226, 
  "purpose": "An amendment No. 27 printed in House Report 114-112 to limit funding for implementing the New START treaty.", 
  "sponsor": {
    "bioguide_id": "L000564", 
    "district": "5", 
    "name": "Lamborn, Doug", 
    "state": "CO", 
    "thomas_id": "01834", 
    "title": "Rep", 
    "type": "person"
  }, 
  "status": "pass", 
  "status_at": "2015-05-15T10:25:05-04:00", 
  "updated_at": "2016-06-15T13:41:50Z"
}