{
  "actions": [
    {
      "acted_at": "2015-06-09T22:38:52-04:00", 
      "action_code": "H32111", 
      "how": "roll", 
      "references": [], 
      "result": "pass", 
      "roll": 319, 
      "text": "On agreeing to the Yoho amendment (A060) Agreed to by recorded vote: 244 - 181 (Roll no. 319).", 
      "type": "vote", 
      "vote_type": "vote", 
      "where": "h"
    }, 
    {
      "acted_at": "2015-06-09T19:57:08-04:00", 
      "action_code": "H3A100", 
      "references": [
        {
          "reference": "CR H3972-3973, H3990-3991", 
          "type": "consideration"
        }, 
        {
          "reference": "CR H3972", 
          "type": "text"
        }
      ], 
      "text": "Amendment (A060) offered by Mr. Yoho.", 
      "type": "action"
    }, 
    {
      "acted_at": "2015-06-09", 
      "action_code": "", 
      "references": [], 
      "text": "", 
      "type": "action"
    }, 
    {
      "acted_at": "2015-06-09", 
      "action_code": "71000", 
      "references": [], 
      "text": "House amendment offered", 
      "type": "action"
    }, 
    {
      "acted_at": "2015-06-09T19:57:08-04:00", 
      "action_code": "71500", 
      "references": [
        {
          "reference": "CR H3972-3973, H3990-3991", 
          "type": "consideration"
        }, 
        {
          "reference": "CR H3972", 
          "type": "text"
        }
      ], 
      "text": "House amendment offered/reported by : Amendment (A060) offered by Mr. Yoho.", 
      "type": "action"
    }, 
    {
      "acted_at": "2015-06-09T22:38:52-04:00", 
      "action_code": "72000", 
      "references": [], 
      "text": "House amendment agreed to: On agreeing to the Yoho amendment (A060) Agreed to by recorded vote: 244 - 181 (Roll no. 319).", 
      "type": "action"
    }, 
    {
      "acted_at": "2015-06-09T22:38:52-04:00", 
      "action_code": "75000", 
      "references": [], 
      "text": "Roll call votes on amendments in House", 
      "type": "action"
    }, 
    {
      "acted_at": "2015-06-09T22:38:52-04:00", 
      "action_code": "76000", 
      "references": [], 
      "text": "Amendment agreed to Committee of the Whole", 
      "type": "action"
    }
  ], 
  "amendment_id": "hamdt420-114", 
  "amendment_type": "hamdt", 
  "amends_amendment": null, 
  "amends_bill": {
    "bill_id": "hr2577-114", 
    "bill_type": "hr", 
    "congress": 114, 
    "number": 2577
  }, 
  "amends_treaty": null, 
  "chamber": "h", 
  "congress": "114", 
  "description": "Amendment prohibits the use of funds in contravention of current law which prevents illegal immigrants from obtaining housing assistance.", 
  "introduced_at": "2015-06-09", 
  "number": 420, 
  "purpose": "An amendment to prohibit the use of funds to use in contravention of subpart E of part 5 of regulations of the Secretary of Housing and Urban Development (24 C.F.R. Part 5, Subpart E; relating to restrictions on assistance to noncitizens).", 
  "sponsor": {
    "bioguide_id": "Y000065", 
    "district": "3", 
    "name": "Yoho, Ted S.", 
    "state": "FL", 
    "thomas_id": "02115", 
    "title": "Rep", 
    "type": "person"
  }, 
  "status": "pass", 
  "status_at": "2015-06-09T22:38:52-04:00", 
  "updated_at": "2016-08-26T08:52:18Z"
}