{
  "actions": [
    {
      "acted_at": "2015-04-29T17:12:15-04:00", 
      "action_code": "H32130", 
      "references": [], 
      "text": "Mr. Dent raised a point of order against the Benishek amendment (A014). Mr. Dent stated that the amendment seeks to change existing law and constitutes legislation in an appropriations bill The Chair sustained the point of order.", 
      "type": "action"
    }, 
    {
      "acted_at": "2015-04-29T17:09:28-04:00", 
      "action_code": "H3A100", 
      "references": [
        {
          "reference": "CR H2599-2600", 
          "type": "consideration"
        }, 
        {
          "reference": "CR H2599", 
          "type": "text"
        }
      ], 
      "text": "Amendment (A014) offered by Mr. Benishek.", 
      "type": "action"
    }, 
    {
      "acted_at": "2015-04-29", 
      "action_code": "", 
      "references": [], 
      "text": "", 
      "type": "action"
    }, 
    {
      "acted_at": "2015-04-29", 
      "action_code": "71000", 
      "references": [], 
      "text": "House amendment offered", 
      "type": "action"
    }, 
    {
      "acted_at": "2015-04-29T17:09:28-04:00", 
      "action_code": "71500", 
      "references": [
        {
          "reference": "CR H2599-2600", 
          "type": "consideration"
        }, 
        {
          "reference": "CR H2599", 
          "type": "text"
        }
      ], 
      "text": "House amendment offered/reported by : Amendment (A014) offered by Mr. Benishek.", 
      "type": "action"
    }
  ], 
  "amendment_id": "hamdt121-114", 
  "amendment_type": "hamdt", 
  "amends_amendment": null, 
  "amends_bill": {
    "bill_id": "hr2029-114", 
    "bill_type": "hr", 
    "congress": 114, 
    "number": 2029
  }, 
  "amends_treaty": null, 
  "chamber": "h", 
  "congress": "114", 
  "description": "Page 58, after line 25, insert the following:    SEC. 242. Not later than 90 days after the date of enactment of this Act, ***.", 
  "introduced_at": "2015-04-29", 
  "number": 121, 
  "purpose": null, 
  "sponsor": {
    "bioguide_id": "B001271", 
    "district": "1", 
    "name": "Benishek, Dan", 
    "state": "MI", 
    "thomas_id": "02027", 
    "title": "Rep", 
    "type": "person"
  }, 
  "status": "offered", 
  "status_at": "2015-04-29", 
  "updated_at": "2016-08-01T13:27:21Z"
}