{
  "actions": [
    {
      "acted_at": "2015-01-14T11:30:01-05:00", 
      "action_code": "H32111", 
      "how": "roll", 
      "references": [], 
      "result": "pass", 
      "roll": 31, 
      "text": "On agreeing to the DeSantis amendment (A003) Agreed to by recorded vote: 278 - 149 (Roll no. 31).", 
      "type": "vote", 
      "vote_type": "vote", 
      "where": "h"
    }, 
    {
      "acted_at": "2015-01-14T10:01:02-05:00", 
      "action_code": "H3A100", 
      "references": [
        {
          "reference": "CR H381-384, H389-390", 
          "type": "consideration"
        }, 
        {
          "reference": "CR H381", 
          "type": "text"
        }
      ], 
      "text": "Amendment (A003) offered by Mr. DeSantis.", 
      "type": "action"
    }, 
    {
      "acted_at": "2015-01-14", 
      "action_code": "", 
      "references": [], 
      "text": "", 
      "type": "action"
    }, 
    {
      "acted_at": "2015-01-14", 
      "action_code": "71000", 
      "references": [], 
      "text": "House amendment offered", 
      "type": "action"
    }, 
    {
      "acted_at": "2015-01-14T10:01:02-05:00", 
      "action_code": "71500", 
      "references": [
        {
          "reference": "CR H381-384, H389-390", 
          "type": "consideration"
        }, 
        {
          "reference": "CR H381", 
          "type": "text"
        }
      ], 
      "text": "House amendment offered/reported by : Amendment (A003) offered by Mr. DeSantis.", 
      "type": "action"
    }, 
    {
      "acted_at": "2015-01-14T11:30:01-05:00", 
      "action_code": "76000", 
      "references": [], 
      "text": "Amendment agreed to Committee of the Whole", 
      "type": "action"
    }, 
    {
      "acted_at": "2015-01-14T11:30:01-05:00", 
      "action_code": "72000", 
      "references": [], 
      "text": "House amendment agreed to: On agreeing to the DeSantis amendment (A003) Agreed to by recorded vote: 278 - 149 (Roll no. 31).", 
      "type": "action"
    }, 
    {
      "acted_at": "2015-01-14T11:30:01-05:00", 
      "action_code": "75000", 
      "references": [], 
      "text": "Roll call votes on amendments in House", 
      "type": "action"
    }
  ], 
  "amendment_id": "hamdt8-114", 
  "amendment_type": "hamdt", 
  "amends_amendment": null, 
  "amends_bill": {
    "bill_id": "hr240-114", 
    "bill_type": "hr", 
    "congress": 114, 
    "number": 240
  }, 
  "amends_treaty": null, 
  "chamber": "h", 
  "congress": "114", 
  "description": "Amendment requires that DHS treat any alien convicted of any offense involving domestic violence, sexual abuse, child molestation, or child abuse or exploitation as within the categories of aliens subject to DHS's highest civil immigration enforcement.", 
  "introduced_at": "2015-01-14", 
  "number": 8, 
  "purpose": "An amendment numbered 3 printed in Part B of House Report 114-2 to require that DHS treat any alien convicted of any offense involving domestic violence, sexual abuse, child molestation, or child abuse or exploitation as within the categories of aliens subject to DHS's highest civil immigration enforcement.", 
  "sponsor": {
    "bioguide_id": "D000621", 
    "district": "6", 
    "name": "DeSantis, Ron", 
    "state": "FL", 
    "thomas_id": "02116", 
    "title": "Rep", 
    "type": "person"
  }, 
  "status": "pass", 
  "status_at": "2015-01-14T11:30:01-05:00", 
  "updated_at": "2016-08-01T13:26:12Z"
}