{
  "actions": [
    {
      "acted_at": "2015-06-09T22:58:51-04:00", 
      "action_code": "H32111", 
      "how": "roll", 
      "references": [], 
      "result": "fail", 
      "roll": 324, 
      "text": "On agreeing to the Ellison amendment (A069) Failed by recorded vote: 182 - 243 (Roll no. 324).", 
      "type": "vote", 
      "vote_type": "vote", 
      "where": "h"
    }, 
    {
      "acted_at": "2015-06-09T20:57:01-04:00", 
      "action_code": "H3A100", 
      "references": [
        {
          "reference": "CR H3980-3981, H3993-3994", 
          "type": "consideration"
        }, 
        {
          "reference": "CR H3980", 
          "type": "text"
        }
      ], 
      "text": "Amendment (A069) offered by Mr. Ellison.", 
      "type": "action"
    }, 
    {
      "acted_at": "2015-06-09", 
      "action_code": "", 
      "references": [], 
      "text": "", 
      "type": "action"
    }, 
    {
      "acted_at": "2015-06-09", 
      "action_code": "71000", 
      "references": [], 
      "text": "House amendment offered", 
      "type": "action"
    }, 
    {
      "acted_at": "2015-06-09T20:57:01-04:00", 
      "action_code": "71500", 
      "references": [
        {
          "reference": "CR H3980-3981, H3993-3994", 
          "type": "consideration"
        }, 
        {
          "reference": "CR H3980", 
          "type": "text"
        }
      ], 
      "text": "House amendment offered/reported by : Amendment (A069) offered by Mr. Ellison.", 
      "type": "action"
    }, 
    {
      "acted_at": "2015-06-09T22:58:51-04:00", 
      "action_code": "73000", 
      "references": [], 
      "text": "House amendment not agreed to: On agreeing to the Ellison amendment (A069) Failed by recorded vote: 182 - 243 (Roll no. 324).", 
      "type": "action"
    }, 
    {
      "acted_at": "2015-06-09T22:58:51-04:00", 
      "action_code": "75000", 
      "references": [], 
      "text": "Roll call votes on amendments in House", 
      "type": "action"
    }, 
    {
      "acted_at": "2015-06-09T22:58:51-04:00", 
      "action_code": "77000", 
      "references": [], 
      "text": "Amendment failed in Committee of the Whole", 
      "type": "action"
    }
  ], 
  "amendment_id": "hamdt429-114", 
  "amendment_type": "hamdt", 
  "amends_amendment": null, 
  "amends_bill": {
    "bill_id": "hr2577-114", 
    "bill_type": "hr", 
    "congress": 114, 
    "number": 2577
  }, 
  "amends_treaty": null, 
  "chamber": "h", 
  "congress": "114", 
  "description": "Amendment sought to prohibit the use of funds for contracts to entities that have violated the Fair Labor Standards Act.", 
  "introduced_at": "2015-06-09", 
  "number": 429, 
  "purpose": "An amendment to prohibit the use of funds for contracts to entities that have violated the Fair Labor Standards Act.", 
  "sponsor": {
    "bioguide_id": "E000288", 
    "district": "5", 
    "name": "Ellison, Keith", 
    "state": "MN", 
    "thomas_id": "01857", 
    "title": "Rep", 
    "type": "person"
  }, 
  "status": "fail", 
  "status_at": "2015-06-09T22:58:51-04:00", 
  "updated_at": "2016-08-26T08:52:19Z"
}