{
  "actions": [
    {
      "acted_at": "2015-04-30T20:10:32-04:00", 
      "action_code": "H32111", 
      "how": "by voice vote", 
      "references": [], 
      "result": "pass", 
      "text": "On agreeing to the McKinley amendment (A035) Agreed to by voice vote.", 
      "type": "vote", 
      "vote_type": "vote", 
      "where": "h"
    }, 
    {
      "acted_at": "2015-04-30T20:07:29-04:00", 
      "action_code": "H3A100", 
      "references": [
        {
          "reference": "CR H2719", 
          "type": "consideration"
        }, 
        {
          "reference": "CR H2719", 
          "type": "text"
        }
      ], 
      "text": "Amendment (A035) offered by Mr. McKinley.", 
      "type": "action"
    }, 
    {
      "acted_at": "2015-04-30", 
      "action_code": "", 
      "references": [], 
      "text": "", 
      "type": "action"
    }, 
    {
      "acted_at": "2015-04-30", 
      "action_code": "71000", 
      "references": [], 
      "text": "House amendment offered", 
      "type": "action"
    }, 
    {
      "acted_at": "2015-04-30T20:07:29-04:00", 
      "action_code": "71500", 
      "references": [
        {
          "reference": "CR H2719", 
          "type": "consideration"
        }, 
        {
          "reference": "CR H2719", 
          "type": "text"
        }
      ], 
      "text": "House amendment offered/reported by : Amendment (A035) offered by Mr. McKinley.", 
      "type": "action"
    }, 
    {
      "acted_at": "2015-04-30T20:10:32-04:00", 
      "action_code": "72000", 
      "references": [], 
      "text": "House amendment agreed to: On agreeing to the McKinley amendment (A035) Agreed to by voice vote.", 
      "type": "action"
    }, 
    {
      "acted_at": "2015-04-30T20:10:32-04:00", 
      "action_code": "76000", 
      "references": [], 
      "text": "Amendment agreed to Committee of the Whole", 
      "type": "action"
    }
  ], 
  "amendment_id": "hamdt185-114", 
  "amendment_type": "hamdt", 
  "amends_amendment": null, 
  "amends_bill": {
    "bill_id": "hr2028-114", 
    "bill_type": "hr", 
    "congress": 114, 
    "number": 2028
  }, 
  "amends_treaty": null, 
  "chamber": "h", 
  "congress": "114", 
  "description": "Amendment prohibits the use of the funds to transform the National Energy Technology Laboratory into a government-owned, contractor-operated laboratory, or to consolidate or close the National Energy Technology Laboratory.", 
  "introduced_at": "2015-04-30", 
  "number": 185, 
  "purpose": "An amendment to prohibit the use of the funds to transform the National Energy Technology Laboratory into a government-owned, contractor-operated laboratory, or to consolidate or close the National Energy Technology Laboratory.", 
  "sponsor": {
    "bioguide_id": "M001180", 
    "district": "1", 
    "name": "McKinley, David B.", 
    "state": "WV", 
    "thomas_id": "02074", 
    "title": "Rep", 
    "type": "person"
  }, 
  "status": "pass", 
  "status_at": "2015-04-30T20:10:32-04:00", 
  "updated_at": "2016-08-01T13:27:19Z"
}