{
  "actions": [
    {
      "acted_at": "2015-06-10T17:20:38-04:00", 
      "action_code": "H32111", 
      "how": "by voice vote", 
      "references": [], 
      "result": "pass", 
      "text": "On agreeing to the Delaney amendment (A006) Agreed to by voice vote.", 
      "type": "vote", 
      "vote_type": "vote", 
      "where": "h"
    }, 
    {
      "acted_at": "2015-06-10T17:15:16-04:00", 
      "action_code": "H3A100", 
      "references": [
        {
          "reference": "CR H4061-4062", 
          "type": "consideration"
        }, 
        {
          "reference": "CR H4061", 
          "type": "text"
        }
      ], 
      "text": "Amendment (A006) offered by Mr. Delaney.", 
      "type": "action"
    }, 
    {
      "acted_at": "2015-06-10", 
      "action_code": "", 
      "references": [], 
      "text": "", 
      "type": "action"
    }, 
    {
      "acted_at": "2015-06-10", 
      "action_code": "71000", 
      "references": [], 
      "text": "House amendment offered", 
      "type": "action"
    }, 
    {
      "acted_at": "2015-06-10T17:15:16-04:00", 
      "action_code": "71500", 
      "references": [
        {
          "reference": "CR H4061-4062", 
          "type": "consideration"
        }, 
        {
          "reference": "CR H4061", 
          "type": "text"
        }
      ], 
      "text": "House amendment offered/reported by : Amendment (A006) offered by Mr. Delaney.", 
      "type": "action"
    }, 
    {
      "acted_at": "2015-06-10T17:20:38-04:00", 
      "action_code": "72000", 
      "references": [], 
      "text": "House amendment agreed to: On agreeing to the Delaney amendment (A006) Agreed to by voice vote.", 
      "type": "action"
    }, 
    {
      "acted_at": "2015-06-10T17:20:38-04:00", 
      "action_code": "76000", 
      "references": [], 
      "text": "Amendment agreed to Committee of the Whole", 
      "type": "action"
    }
  ], 
  "amendment_id": "hamdt446-114", 
  "amendment_type": "hamdt", 
  "amends_amendment": null, 
  "amends_bill": {
    "bill_id": "hr2685-114", 
    "bill_type": "hr", 
    "congress": 114, 
    "number": 2685
  }, 
  "amends_treaty": null, 
  "chamber": "h", 
  "congress": "114", 
  "description": "Amendment reduces funding for Operation and Maintenance, Defense-Wide, by $7,463,000 and increases funding for Fisher House Foundation, Inc., by $5 million.", 
  "introduced_at": "2015-06-10", 
  "number": 446, 
  "purpose": "An amendment to reduce funding for Operation and Maintenance, Defense-Wide, by $7,463,000 and increase funding for Fisher House Foundation, Inc., by $5 million.", 
  "sponsor": {
    "bioguide_id": "D000620", 
    "district": "6", 
    "name": "Delaney, John K.", 
    "state": "MD", 
    "thomas_id": "02133", 
    "title": "Rep", 
    "type": "person"
  }, 
  "status": "pass", 
  "status_at": "2015-06-10T17:20:38-04:00", 
  "updated_at": "2016-08-01T13:27:47Z"
}