{
  "actions": [
    {
      "acted_at": "2015-06-03T18:42:22-04:00", 
      "action_code": "H32111", 
      "how": "roll", 
      "references": [], 
      "result": "pass", 
      "roll": 295, 
      "text": "On agreeing to the Denham amendment (A086) Agreed to by recorded vote: 245 - 181 (Roll no. 295).", 
      "type": "vote", 
      "vote_type": "vote", 
      "where": "h"
    }, 
    {
      "acted_at": "2015-06-03T17:21:08-04:00", 
      "action_code": "H3A100", 
      "references": [
        {
          "reference": "CR H3807-3808, H3814", 
          "type": "consideration"
        }, 
        {
          "reference": "CR H3807", 
          "type": "text"
        }
      ], 
      "text": "Amendment (A086) offered by Mr. Denham.", 
      "type": "action"
    }, 
    {
      "acted_at": "2015-06-03", 
      "action_code": "", 
      "references": [], 
      "text": "", 
      "type": "action"
    }, 
    {
      "acted_at": "2015-06-03", 
      "action_code": "71000", 
      "references": [], 
      "text": "House amendment offered", 
      "type": "action"
    }, 
    {
      "acted_at": "2015-06-03T17:21:08-04:00", 
      "action_code": "71500", 
      "references": [
        {
          "reference": "CR H3807-3808, H3814", 
          "type": "consideration"
        }, 
        {
          "reference": "CR H3807", 
          "type": "text"
        }
      ], 
      "text": "House amendment offered/reported by : Amendment (A086) offered by Mr. Denham.", 
      "type": "action"
    }, 
    {
      "acted_at": "2015-06-03T18:42:22-04:00", 
      "action_code": "72000", 
      "references": [], 
      "text": "House amendment agreed to: On agreeing to the Denham amendment (A086) Agreed to by recorded vote: 245 - 181 (Roll no. 295).", 
      "type": "action"
    }, 
    {
      "acted_at": "2015-06-03T18:42:22-04:00", 
      "action_code": "75000", 
      "references": [], 
      "text": "Roll call votes on amendments in House", 
      "type": "action"
    }, 
    {
      "acted_at": "2015-06-03T18:42:22-04:00", 
      "action_code": "76000", 
      "references": [], 
      "text": "Amendment agreed to Committee of the Whole", 
      "type": "action"
    }
  ], 
  "amendment_id": "hamdt354-114", 
  "amendment_type": "hamdt", 
  "amends_amendment": null, 
  "amends_bill": {
    "bill_id": "hr2578-114", 
    "bill_type": "hr", 
    "congress": 114, 
    "number": 2578
  }, 
  "amends_treaty": null, 
  "chamber": "h", 
  "congress": "114", 
  "description": "Amendment increases the effectiveness of recovery plans for species of salmon and steelhead listed under the Endangered Species Act of 1973 by ensuring an appropriate focus on predation control efforts.", 
  "introduced_at": "2015-06-03", 
  "number": 354, 
  "purpose": "An amendment to prohibit use of funds for NOAA to implement in the California Central Valley Recovery Domain any existing recovery plan for salmon and steelhead populations listed under the Endangered Species Act of 1978 as threatened species or endangered species if that recovery plan does not address predation by non-native species.", 
  "sponsor": {
    "bioguide_id": "D000612", 
    "district": "10", 
    "name": "Denham, Jeff", 
    "state": "CA", 
    "thomas_id": "01995", 
    "title": "Rep", 
    "type": "person"
  }, 
  "status": "pass", 
  "status_at": "2015-06-03T18:42:22-04:00", 
  "updated_at": "2016-08-01T13:27:41Z"
}