{
  "actions": [
    {
      "acted_at": "2015-06-03T15:35:08-04:00", 
      "action_code": "H32111", 
      "how": "by voice vote", 
      "references": [], 
      "result": "pass", 
      "text": "On agreeing to the Gosar amendment (A075) Agreed to by voice vote.", 
      "type": "vote", 
      "vote_type": "vote", 
      "where": "h"
    }, 
    {
      "acted_at": "2015-06-03T15:26:47-04:00", 
      "action_code": "H3A100", 
      "references": [
        {
          "reference": "CR H3494-3495", 
          "type": "consideration"
        }, 
        {
          "reference": "CR H3494", 
          "type": "text"
        }
      ], 
      "text": "Amendment (A075) offered by Mr. Gosar.", 
      "type": "action"
    }, 
    {
      "acted_at": "2015-06-03", 
      "action_code": "", 
      "references": [], 
      "text": "", 
      "type": "action"
    }, 
    {
      "acted_at": "2015-06-03", 
      "action_code": "71000", 
      "references": [], 
      "text": "House amendment offered", 
      "type": "action"
    }, 
    {
      "acted_at": "2015-06-03T15:26:47-04:00", 
      "action_code": "71500", 
      "references": [
        {
          "reference": "CR H3494-3495", 
          "type": "consideration"
        }, 
        {
          "reference": "CR H3494", 
          "type": "text"
        }
      ], 
      "text": "House amendment offered/reported by : Amendment (A075) offered by Mr. Gosar.", 
      "type": "action"
    }, 
    {
      "acted_at": "2015-06-03T15:35:08-04:00", 
      "action_code": "72000", 
      "references": [], 
      "text": "House amendment agreed to: On agreeing to the Gosar amendment (A075) Agreed to by voice vote.", 
      "type": "action"
    }, 
    {
      "acted_at": "2015-06-03T15:35:08-04:00", 
      "action_code": "76000", 
      "references": [], 
      "text": "Amendment agreed to Committee of the Whole", 
      "type": "action"
    }
  ], 
  "amendment_id": "hamdt343-114", 
  "amendment_type": "hamdt", 
  "amends_amendment": null, 
  "amends_bill": {
    "bill_id": "hr2578-114", 
    "bill_type": "hr", 
    "congress": 114, 
    "number": 2578
  }, 
  "amends_treaty": null, 
  "chamber": "h", 
  "congress": "114", 
  "description": "Amendment prohibits use of funds by BATF to classify 7N6 (5.45 x 39) ammunition as \"armor piercing\" for purposes of import.", 
  "introduced_at": "2015-06-03", 
  "number": 343, 
  "purpose": "An amendment to prohibit the use of funds to carry out the Bureau of Alcohol, Tobacco, Firearms, and Explosive Special Advisory entitled \"Test, Examination and Classification of 7N6 5.45x39 Ammunition\", dated April 7, 2014.", 
  "sponsor": {
    "bioguide_id": "G000565", 
    "district": "4", 
    "name": "Gosar, Paul A.", 
    "state": "AZ", 
    "thomas_id": "01992", 
    "title": "Rep", 
    "type": "person"
  }, 
  "status": "pass", 
  "status_at": "2015-06-03T15:35:08-04:00", 
  "updated_at": "2016-08-01T13:27:41Z"
}