{
  "actions": [
    {
      "acted_at": "2015-03-04T13:30:47-05:00", 
      "action_code": "H32111", 
      "how": "by voice vote", 
      "references": [], 
      "result": "pass", 
      "text": "On agreeing to the Fitzpatrick amendment (A002) Agreed to by voice vote.", 
      "type": "vote", 
      "vote_type": "vote", 
      "where": "h"
    }, 
    {
      "acted_at": "2015-03-04T13:25:53-05:00", 
      "action_code": "H3A100", 
      "references": [
        {
          "reference": "CR H1593-1594", 
          "type": "consideration"
        }, 
        {
          "reference": "CR H1593-1594", 
          "type": "text"
        }
      ], 
      "text": "Amendment (A002) offered by Mr. Fitzpatrick.", 
      "type": "action"
    }, 
    {
      "acted_at": "2015-03-04", 
      "action_code": "", 
      "references": [], 
      "text": "", 
      "type": "action"
    }, 
    {
      "acted_at": "2015-03-04", 
      "action_code": "71000", 
      "references": [], 
      "text": "House amendment offered", 
      "type": "action"
    }, 
    {
      "acted_at": "2015-03-04T13:25:53-05:00", 
      "action_code": "71500", 
      "references": [
        {
          "reference": "CR H1593-1594", 
          "type": "consideration"
        }, 
        {
          "reference": "CR H1593-1594", 
          "type": "text"
        }
      ], 
      "text": "House amendment offered/reported by : Amendment (A002) offered by Mr. Fitzpatrick.", 
      "type": "action"
    }, 
    {
      "acted_at": "2015-03-04T13:30:47-05:00", 
      "action_code": "72000", 
      "references": [], 
      "text": "House amendment agreed to: On agreeing to the Fitzpatrick amendment (A002) Agreed to by voice vote.", 
      "type": "action"
    }, 
    {
      "acted_at": "2015-03-04T13:30:47-05:00", 
      "action_code": "76000", 
      "references": [], 
      "text": "Amendment agreed to Committee of the Whole", 
      "type": "action"
    }
  ], 
  "amendment_id": "hamdt68-114", 
  "amendment_type": "hamdt", 
  "amends_amendment": null, 
  "amends_bill": {
    "bill_id": "hr749-114", 
    "bill_type": "hr", 
    "congress": 114, 
    "number": 749
  }, 
  "amends_treaty": null, 
  "chamber": "h", 
  "congress": "114", 
  "description": "Amendment adds veteran-owned small businesses to the participation study required under the bill.", 
  "introduced_at": "2015-03-04", 
  "number": 68, 
  "purpose": null, 
  "sponsor": {
    "bioguide_id": "F000451", 
    "district": "8", 
    "name": "Fitzpatrick, Michael G.", 
    "state": "PA", 
    "thomas_id": "01797", 
    "title": "Rep", 
    "type": "person"
  }, 
  "status": "pass", 
  "status_at": "2015-03-04T13:30:47-05:00", 
  "updated_at": "2016-08-01T13:26:31Z"
}