{
  "actions": [
    {
      "acted_at": "2015-02-26T21:43:02-05:00", 
      "action_code": "H32111", 
      "how": "by voice vote", 
      "references": [], 
      "result": "pass", 
      "text": "On agreeing to the Castro (TX) amendment (A034) Agreed to by voice vote.", 
      "type": "vote", 
      "vote_type": "vote", 
      "where": "h"
    }, 
    {
      "acted_at": "2015-02-26T21:38:30-05:00", 
      "action_code": "H3A100", 
      "references": [
        {
          "reference": "CR H1289-1290", 
          "type": "consideration"
        }, 
        {
          "reference": "CR H1289", 
          "type": "text"
        }
      ], 
      "text": "Amendment (A034) offered by Mr. Castro (TX).", 
      "type": "action"
    }, 
    {
      "acted_at": "2015-02-26", 
      "action_code": "", 
      "references": [], 
      "text": "", 
      "type": "action"
    }, 
    {
      "acted_at": "2015-02-26", 
      "action_code": "71000", 
      "references": [], 
      "text": "House amendment offered", 
      "type": "action"
    }, 
    {
      "acted_at": "2015-02-26T21:38:30-05:00", 
      "action_code": "71500", 
      "references": [
        {
          "reference": "CR H1289-1290", 
          "type": "consideration"
        }, 
        {
          "reference": "CR H1289", 
          "type": "text"
        }
      ], 
      "text": "House amendment offered/reported by : Amendment (A034) offered by Mr. Castro (TX).", 
      "type": "action"
    }, 
    {
      "acted_at": "2015-02-26T21:43:02-05:00", 
      "action_code": "72000", 
      "references": [], 
      "text": "House amendment agreed to: On agreeing to the Castro (TX) amendment (A034) Agreed to by voice vote.", 
      "type": "action"
    }, 
    {
      "acted_at": "2015-02-26T21:43:02-05:00", 
      "action_code": "76000", 
      "references": [], 
      "text": "Amendment agreed to Committee of the Whole", 
      "type": "action"
    }
  ], 
  "amendment_id": "hamdt57-114", 
  "amendment_type": "hamdt", 
  "amends_amendment": null, 
  "amends_bill": {
    "bill_id": "hr5-114", 
    "bill_type": "hr", 
    "congress": 114, 
    "number": 5
  }, 
  "amends_treaty": null, 
  "chamber": "h", 
  "congress": "114", 
  "description": "Amendment improves college and career readiness for homeless youth by requiring States to include in the State Plan a description of how such youth would receive assistance from counselors to advise, prepare, and improve college readiness.", 
  "introduced_at": "2015-02-26", 
  "number": 57, 
  "purpose": "An amendment No. 34 printed in part B of House Report 114-29 to improve college and career readiness for homeless youth by requiring the State to include in the State Plan a description of how such youth would receive assistance from counselors to advise, prepare, and improve college readiness.", 
  "sponsor": {
    "bioguide_id": "C001091", 
    "district": "20", 
    "name": "Castro, Joaquin", 
    "state": "TX", 
    "thomas_id": "02163", 
    "title": "Rep", 
    "type": "person"
  }, 
  "status": "pass", 
  "status_at": "2015-02-26T21:43:02-05:00", 
  "updated_at": "2016-08-01T13:26:00Z"
}