{
  "actions": [
    {
      "acted_at": "2015-04-29T18:47:34-04:00", 
      "action_code": "H32111", 
      "how": "by voice vote", 
      "references": [], 
      "result": "pass", 
      "text": "On agreeing to the Jackson Lee amendment (A027) Agreed to by voice vote.", 
      "type": "vote", 
      "vote_type": "vote", 
      "where": "h"
    }, 
    {
      "acted_at": "2015-04-29T18:43:30-04:00", 
      "action_code": "H3A100", 
      "references": [
        {
          "reference": "CR H2612", 
          "type": "consideration"
        }, 
        {
          "reference": "CR H2612", 
          "type": "text"
        }
      ], 
      "text": "Amendment (A027) offered by Ms. Jackson Lee.", 
      "type": "action"
    }, 
    {
      "acted_at": "2015-04-29", 
      "action_code": "", 
      "references": [], 
      "text": "", 
      "type": "action"
    }, 
    {
      "acted_at": "2015-04-29", 
      "action_code": "71000", 
      "references": [], 
      "text": "House amendment offered", 
      "type": "action"
    }, 
    {
      "acted_at": "2015-04-29T18:43:30-04:00", 
      "action_code": "71500", 
      "references": [
        {
          "reference": "CR H2612", 
          "type": "consideration"
        }, 
        {
          "reference": "CR H2612", 
          "type": "text"
        }
      ], 
      "text": "House amendment offered/reported by : Amendment (A027) offered by Ms. Jackson Lee.", 
      "type": "action"
    }, 
    {
      "acted_at": "2015-04-29T18:47:34-04:00", 
      "action_code": "72000", 
      "references": [], 
      "text": "House amendment agreed to: On agreeing to the Jackson Lee amendment (A027) Agreed to by voice vote.", 
      "type": "action"
    }, 
    {
      "acted_at": "2015-04-29T18:47:34-04:00", 
      "action_code": "76000", 
      "references": [], 
      "text": "Amendment agreed to Committee of the Whole", 
      "type": "action"
    }
  ], 
  "amendment_id": "hamdt134-114", 
  "amendment_type": "hamdt", 
  "amends_amendment": null, 
  "amends_bill": {
    "bill_id": "hr2029-114", 
    "bill_type": "hr", 
    "congress": 114, 
    "number": 2029
  }, 
  "amends_treaty": null, 
  "chamber": "h", 
  "congress": "114", 
  "description": "Amendment prohibits use of funds in any way that might contribute to increasing homelessness of veterans.", 
  "introduced_at": "2015-04-29", 
  "number": 134, 
  "purpose": "An amendment to prohibit the use of funds for benefits for homeless veterans and training and outreach programs maybe be used by the Secretary of Veterans Affairs in contravention of subchapter III of chapter 20 of title 38, United States Code.", 
  "sponsor": {
    "bioguide_id": "J000032", 
    "district": "18", 
    "name": "Jackson Lee, Sheila", 
    "state": "TX", 
    "thomas_id": "00588", 
    "title": "Rep", 
    "type": "person"
  }, 
  "status": "pass", 
  "status_at": "2015-04-29T18:47:34-04:00", 
  "updated_at": "2016-08-01T13:27:20Z"
}