{
  "actions": [
    {
      "acted_at": "2015-02-05T11:12:41-05:00", 
      "action_code": "H32111", 
      "how": "roll", 
      "references": [], 
      "result": "fail", 
      "roll": 65, 
      "text": "On agreeing to the Schrader amendment (A003) Failed by recorded vote: 184 - 234 (Roll no. 65).", 
      "type": "vote", 
      "vote_type": "vote", 
      "where": "h"
    }, 
    {
      "acted_at": "2015-02-05T10:15:48-05:00", 
      "action_code": "H3A100", 
      "references": [
        {
          "reference": "CR H826-827, H830-831", 
          "type": "consideration"
        }, 
        {
          "reference": "CR H826", 
          "type": "text"
        }
      ], 
      "text": "Amendment (A003) offered by Mr. Schrader.", 
      "type": "action"
    }, 
    {
      "acted_at": "2015-02-05", 
      "action_code": "", 
      "references": [], 
      "text": "", 
      "type": "action"
    }, 
    {
      "acted_at": "2015-02-05", 
      "action_code": "71000", 
      "references": [], 
      "text": "House amendment offered", 
      "type": "action"
    }, 
    {
      "acted_at": "2015-02-05T10:15:48-05:00", 
      "action_code": "71500", 
      "references": [
        {
          "reference": "CR H826-827, H830-831", 
          "type": "consideration"
        }, 
        {
          "reference": "CR H826", 
          "type": "text"
        }
      ], 
      "text": "House amendment offered/reported by : Amendment (A003) offered by Mr. Schrader.", 
      "type": "action"
    }, 
    {
      "acted_at": "2015-02-05T11:12:41-05:00", 
      "action_code": "73000", 
      "references": [], 
      "text": "House amendment not agreed to: On agreeing to the Schrader amendment (A003) Failed by recorded vote: 184 - 234 (Roll no. 65).", 
      "type": "action"
    }, 
    {
      "acted_at": "2015-02-05T11:12:41-05:00", 
      "action_code": "75000", 
      "references": [], 
      "text": "Roll call votes on amendments in House", 
      "type": "action"
    }, 
    {
      "acted_at": "2015-02-05T11:12:41-05:00", 
      "action_code": "77000", 
      "references": [], 
      "text": "Amendment failed in Committee of the Whole", 
      "type": "action"
    }
  ], 
  "amendment_id": "hamdt18-114", 
  "amendment_type": "hamdt", 
  "amends_amendment": null, 
  "amends_bill": {
    "bill_id": "hr527-114", 
    "bill_type": "hr", 
    "congress": 114, 
    "number": 527
  }, 
  "amends_treaty": null, 
  "chamber": "h", 
  "congress": "114", 
  "description": "Amendment sought to strikes section 10 of the legislation, which creates a duplicative size standard office in the Office of Advocacy without a commensurate reduction in the existing SBA Office of Size Standards.", 
  "introduced_at": "2015-02-05", 
  "number": 18, 
  "purpose": "An amendment numbered 4 printed in Part A of House Report 114-14 to strikes section 10 of the legislation, which creates a duplicative size standard office in the Office of Advocacy without a commensurate reduction in the existing SBA Office of Size Standards.", 
  "sponsor": {
    "bioguide_id": "S001180", 
    "district": "5", 
    "name": "Schrader, Kurt", 
    "state": "OR", 
    "thomas_id": "01950", 
    "title": "Rep", 
    "type": "person"
  }, 
  "status": "fail", 
  "status_at": "2015-02-05T11:12:41-05:00", 
  "updated_at": "2016-08-01T13:26:21Z"
}