{
  "actions": [
    {
      "acted_at": "2015-06-02T21:59:16-04:00", 
      "action_code": "H32111", 
      "how": "by voice vote", 
      "references": [], 
      "result": "pass", 
      "text": "On agreeing to the Polis amendment (A044) Agreed to by voice vote.", 
      "type": "vote", 
      "vote_type": "vote", 
      "where": "h"
    }, 
    {
      "acted_at": "2015-06-02T21:53:22-04:00", 
      "action_code": "H3A100", 
      "references": [
        {
          "reference": "CR H3727", 
          "type": "consideration"
        }, 
        {
          "reference": "CR H3727", 
          "type": "text"
        }
      ], 
      "text": "Amendment (A044) offered by Mr. Polis.", 
      "type": "action"
    }, 
    {
      "acted_at": "2015-06-02", 
      "action_code": "", 
      "references": [], 
      "text": "", 
      "type": "action"
    }, 
    {
      "acted_at": "2015-06-02", 
      "action_code": "71000", 
      "references": [], 
      "text": "House amendment offered", 
      "type": "action"
    }, 
    {
      "acted_at": "2015-06-02T21:53:22-04:00", 
      "action_code": "71500", 
      "references": [
        {
          "reference": "CR H3727", 
          "type": "consideration"
        }, 
        {
          "reference": "CR H3727", 
          "type": "text"
        }
      ], 
      "text": "House amendment offered/reported by : Amendment (A044) offered by Mr. Polis.", 
      "type": "action"
    }, 
    {
      "acted_at": "2015-06-02T21:59:16-04:00", 
      "action_code": "72000", 
      "references": [], 
      "text": "House amendment agreed to: On agreeing to the Polis amendment (A044) Agreed to by voice vote.", 
      "type": "action"
    }, 
    {
      "acted_at": "2015-06-02T21:59:16-04:00", 
      "action_code": "76000", 
      "references": [], 
      "text": "Amendment agreed to Committee of the Whole", 
      "type": "action"
    }
  ], 
  "amendment_id": "hamdt312-114", 
  "amendment_type": "hamdt", 
  "amends_amendment": null, 
  "amends_bill": {
    "bill_id": "hr2578-114", 
    "bill_type": "hr", 
    "congress": 114, 
    "number": 2578
  }, 
  "amends_treaty": null, 
  "chamber": "h", 
  "congress": "114", 
  "description": "At the end of the bill (before the short title), insert the following:    SEC.___. None of the funds made available by this Act may be used to execute a subpoena of tangible things pursuant to section 506 of the Controlled Substances Act (21 U.S.C. 876) that does not include the following sentence: \"This subpoena limits the collection of any tangible things (including phone numbers dialed, telephone numbers of incoming calls, and the duration of calls) to those tangible things identified by a term that specifically identifies an individual, account, address, or personal device, and that limits, to the greatest extent reasonably practicable, the scope of the tangible things sought.\".", 
  "introduced_at": "2015-06-02", 
  "number": 312, 
  "purpose": "An amendment to prohibit use of funds to execute a subpoena of tangible things pursuant to the Controlled Substances Act that does not include the following sentence: \"This subpoena limits the collection of any tangible things (including phone numbers dialed, telephone numbers of incoming calls, and the duration of calls) to those tangible things identified by a term that specifically identifies an individual, account, address, or personal device, and that limits, to the greatest extent reasonably practicable, the scope of the tangible things sought.\".", 
  "sponsor": {
    "bioguide_id": "P000598", 
    "district": "2", 
    "name": "Polis, Jared", 
    "state": "CO", 
    "thomas_id": "01910", 
    "title": "Rep", 
    "type": "person"
  }, 
  "status": "pass", 
  "status_at": "2015-06-02T21:59:16-04:00", 
  "updated_at": "2016-08-01T13:27:41Z"
}