{
  "actions": [
    {
      "acted_at": "2015-04-29T16:48:56-04:00", 
      "action_code": "H32111", 
      "how": "by voice vote", 
      "references": [], 
      "result": "pass", 
      "text": "On agreeing to the Walberg amendment (A011) Agreed to by voice vote.", 
      "type": "vote", 
      "vote_type": "vote", 
      "where": "h"
    }, 
    {
      "acted_at": "2015-04-29T16:44:22-04:00", 
      "action_code": "H3A100", 
      "references": [
        {
          "reference": "CR H2594-2595", 
          "type": "consideration"
        }, 
        {
          "reference": "CR H2594", 
          "type": "text"
        }
      ], 
      "text": "Amendment (A011) offered by Mr. Walberg.", 
      "type": "action"
    }, 
    {
      "acted_at": "2015-04-29", 
      "action_code": "", 
      "references": [], 
      "text": "", 
      "type": "action"
    }, 
    {
      "acted_at": "2015-04-29", 
      "action_code": "71000", 
      "references": [], 
      "text": "House amendment offered", 
      "type": "action"
    }, 
    {
      "acted_at": "2015-04-29T16:44:22-04:00", 
      "action_code": "71500", 
      "references": [
        {
          "reference": "CR H2594-2595", 
          "type": "consideration"
        }, 
        {
          "reference": "CR H2594", 
          "type": "text"
        }
      ], 
      "text": "House amendment offered/reported by : Amendment (A011) offered by Mr. Walberg.", 
      "type": "action"
    }, 
    {
      "acted_at": "2015-04-29T16:48:56-04:00", 
      "action_code": "72000", 
      "references": [], 
      "text": "House amendment agreed to: On agreeing to the Walberg amendment (A011) Agreed to by voice vote.", 
      "type": "action"
    }, 
    {
      "acted_at": "2015-04-29T16:48:56-04:00", 
      "action_code": "76000", 
      "references": [], 
      "text": "Amendment agreed to Committee of the Whole", 
      "type": "action"
    }
  ], 
  "amendment_id": "hamdt118-114", 
  "amendment_type": "hamdt", 
  "amends_amendment": null, 
  "amends_bill": {
    "bill_id": "hr2029-114", 
    "bill_type": "hr", 
    "congress": 114, 
    "number": 2029
  }, 
  "amends_treaty": null, 
  "chamber": "h", 
  "congress": "114", 
  "description": "Amendment to redirect $5 million within the general operating expenses of the Veterans Benefits Administration to support programs that help veterans transition to the workforce.", 
  "introduced_at": "2015-04-29", 
  "number": 118, 
  "purpose": "An amendment to reduce and then increase funding for the General Operating Expenses, Veterans Benefits Administration account by $5 million.", 
  "sponsor": {
    "bioguide_id": "W000798", 
    "district": "7", 
    "name": "Walberg, Tim", 
    "state": "MI", 
    "thomas_id": "01855", 
    "title": "Rep", 
    "type": "person"
  }, 
  "status": "pass", 
  "status_at": "2015-04-29T16:48:56-04:00", 
  "updated_at": "2016-08-01T13:27:21Z"
}