{
  "actions": [
    {
      "acted_at": "2015-06-01T17:21:23-04:00", 
      "action_code": "H32140", 
      "references": [
        {
          "reference": "CR H3612", 
          "type": "consideration"
        }
      ], 
      "text": "By unanimous consent, the Graves (LA) amendment was withdrawn.", 
      "type": "action"
    }, 
    {
      "acted_at": "2015-06-01T17:13:14-04:00", 
      "action_code": "H3A100", 
      "references": [
        {
          "reference": "CR H3608-3612", 
          "type": "consideration"
        }, 
        {
          "reference": "CR H3608-3610", 
          "type": "text"
        }
      ], 
      "text": "Amendment (A005) offered by Mr. Graves (LA).", 
      "type": "action"
    }, 
    {
      "acted_at": "2015-06-01", 
      "action_code": "", 
      "references": [], 
      "text": "", 
      "type": "action"
    }, 
    {
      "acted_at": "2015-06-01", 
      "action_code": "71000", 
      "references": [], 
      "text": "House amendment offered", 
      "type": "action"
    }, 
    {
      "acted_at": "2015-06-01T17:13:14-04:00", 
      "action_code": "71500", 
      "references": [
        {
          "reference": "CR H3608-3612", 
          "type": "consideration"
        }, 
        {
          "reference": "CR H3608-3610", 
          "type": "text"
        }
      ], 
      "text": "House amendment offered/reported by : Amendment (A005) offered by Mr. Graves (LA).", 
      "type": "action"
    }
  ], 
  "amendment_id": "hamdt266-114", 
  "amendment_type": "hamdt", 
  "amends_amendment": null, 
  "amends_bill": {
    "bill_id": "hr1335-114", 
    "bill_type": "hr", 
    "congress": 114, 
    "number": 1335
  }, 
  "amends_treaty": null, 
  "chamber": "h", 
  "congress": "114", 
  "description": "Add at the end the following:    SEC. 29. TRANSFER TO STATES OF MANAGEMENT OF RED SNAPPER FISHERIES IN THE GULF OF MEXICO.    (a) In General- The Magnuson-Stevens***.", 
  "introduced_at": "2015-06-01", 
  "number": 266, 
  "purpose": "An amendment numbered 6 printed in House Report 114-128 to confer management of snapper fisheries to Gulf of Mexico states similar to the management of Atlantic Striped Bass to Atlantic states. Seeks to improve the science of snapper fisheries monitoring.", 
  "sponsor": {
    "bioguide_id": "G000577", 
    "district": "6", 
    "name": "Graves, Garret", 
    "state": "LA", 
    "thomas_id": "02245", 
    "title": "Rep", 
    "type": "person"
  }, 
  "status": "offered", 
  "status_at": "2015-06-01", 
  "updated_at": "2016-08-17T17:01:07Z"
}