{
  "actions": [
    {
      "acted_at": "2015-06-02T21:39:15-04:00", 
      "action_code": "H32111", 
      "how": "by voice vote", 
      "references": [], 
      "result": "pass", 
      "text": "On agreeing to the Engel amendment (A042) Agreed to by voice vote.", 
      "type": "vote", 
      "vote_type": "vote", 
      "where": "h"
    }, 
    {
      "acted_at": "2015-06-02T21:35:28-04:00", 
      "action_code": "H3A100", 
      "references": [
        {
          "reference": "CR H3724-3725", 
          "type": "consideration"
        }, 
        {
          "reference": "CR H3724", 
          "type": "text"
        }
      ], 
      "text": "Amendment (A042) offered by Mr. Engel.", 
      "type": "action"
    }, 
    {
      "acted_at": "2015-06-02", 
      "action_code": "", 
      "references": [], 
      "text": "", 
      "type": "action"
    }, 
    {
      "acted_at": "2015-06-02", 
      "action_code": "71000", 
      "references": [], 
      "text": "House amendment offered", 
      "type": "action"
    }, 
    {
      "acted_at": "2015-06-02T21:35:28-04:00", 
      "action_code": "71500", 
      "references": [
        {
          "reference": "CR H3724-3725", 
          "type": "consideration"
        }, 
        {
          "reference": "CR H3724", 
          "type": "text"
        }
      ], 
      "text": "House amendment offered/reported by : Amendment (A042) offered by Mr. Engel.", 
      "type": "action"
    }, 
    {
      "acted_at": "2015-06-02T21:39:15-04:00", 
      "action_code": "72000", 
      "references": [], 
      "text": "House amendment agreed to: On agreeing to the Engel amendment (A042) Agreed to by voice vote.", 
      "type": "action"
    }, 
    {
      "acted_at": "2015-06-02T21:39:15-04:00", 
      "action_code": "76000", 
      "references": [], 
      "text": "Amendment agreed to Committee of the Whole", 
      "type": "action"
    }
  ], 
  "amendment_id": "hamdt310-114", 
  "amendment_type": "hamdt", 
  "amends_amendment": null, 
  "amends_bill": {
    "bill_id": "hr2578-114", 
    "bill_type": "hr", 
    "congress": 114, 
    "number": 2578
  }, 
  "amends_treaty": null, 
  "chamber": "h", 
  "congress": "114", 
  "description": "At the end of the bill (before the short title), insert the following:    SEC.___. None of the funds made available by this Act may be used by the Department of Commerce, the Department of Justice, or any other Federal agency to lease or purchase new light duty vehicles for any executive fleet, or for an agency's fleet inventory, except in accordance with Presidential Memorandum--Federal Fleet Performance, dated May 24, 2011.", 
  "introduced_at": "2015-06-02", 
  "number": 310, 
  "purpose": "An amendment to prohibit use of funds by Federal Agencies to lease or purchase new light duty vehicles for any executive fleet except in accordance with Presidential Memorandum--Federal Fleet Performance, dated May 24, 2011.", 
  "sponsor": {
    "bioguide_id": "E000179", 
    "district": "16", 
    "name": "Engel, Eliot L.", 
    "state": "NY", 
    "thomas_id": "00344", 
    "title": "Rep", 
    "type": "person"
  }, 
  "status": "pass", 
  "status_at": "2015-06-02T21:39:15-04:00", 
  "updated_at": "2016-08-01T13:27:41Z"
}