{
  "actions": [
    {
      "acted_at": "2015-06-09T21:26:00-04:00", 
      "action_code": "H32140", 
      "references": [
        {
          "reference": "CR H3984", 
          "type": "consideration"
        }
      ], 
      "text": "By unanimous consent, the Lewis amendment was withdrawn.", 
      "type": "action"
    }, 
    {
      "acted_at": "2015-06-09T21:21:15-04:00", 
      "action_code": "H3A100", 
      "references": [
        {
          "reference": "CR H3983-3984", 
          "type": "consideration"
        }, 
        {
          "reference": "CR H3983", 
          "type": "text"
        }
      ], 
      "text": "Amendment (A073) offered by Mr. Lewis.", 
      "type": "action"
    }, 
    {
      "acted_at": "2015-06-09", 
      "action_code": "", 
      "references": [], 
      "text": "", 
      "type": "action"
    }, 
    {
      "acted_at": "2015-06-09", 
      "action_code": "71000", 
      "references": [], 
      "text": "House amendment offered", 
      "type": "action"
    }, 
    {
      "acted_at": "2015-06-09T21:21:15-04:00", 
      "action_code": "71500", 
      "references": [
        {
          "reference": "CR H3983-3984", 
          "type": "consideration"
        }, 
        {
          "reference": "CR H3983", 
          "type": "text"
        }
      ], 
      "text": "House amendment offered/reported by : Amendment (A073) offered by Mr. Lewis.", 
      "type": "action"
    }
  ], 
  "amendment_id": "hamdt433-114", 
  "amendment_type": "hamdt", 
  "amends_amendment": null, 
  "amends_bill": {
    "bill_id": "hr2577-114", 
    "bill_type": "hr", 
    "congress": 114, 
    "number": 2577
  }, 
  "amends_treaty": null, 
  "chamber": "h", 
  "congress": "114", 
  "description": null, 
  "introduced_at": "2015-06-09", 
  "number": 433, 
  "purpose": "An amendment to add a new section at the end of the bill pertaining to reverse mortgage survivor benefits.", 
  "sponsor": {
    "bioguide_id": "L000287", 
    "district": "5", 
    "name": "Lewis, John", 
    "state": "GA", 
    "thomas_id": "00688", 
    "title": "Rep", 
    "type": "person"
  }, 
  "status": "offered", 
  "status_at": "2015-06-09", 
  "updated_at": "2016-08-26T08:52:19Z"
}