{
  "actions": [
    {
      "acted_at": "2015-02-26T19:34:07-05:00", 
      "action_code": "H32111", 
      "how": "roll", 
      "references": [], 
      "result": "fail", 
      "roll": 99, 
      "text": "On agreeing to the Moore amendment (A013) Failed by recorded vote: 185 - 239 (Roll no. 99).", 
      "type": "vote", 
      "vote_type": "vote", 
      "where": "h"
    }, 
    {
      "acted_at": "2015-02-26T16:51:36-05:00", 
      "action_code": "H3A100", 
      "references": [
        {
          "reference": "CR H1264-1265, H1269-1270", 
          "type": "consideration"
        }, 
        {
          "reference": "CR H1265", 
          "type": "text"
        }
      ], 
      "text": "Amendment (A013) offered by Ms. Moore.", 
      "type": "action"
    }, 
    {
      "acted_at": "2015-02-26", 
      "action_code": "", 
      "references": [], 
      "text": "", 
      "type": "action"
    }, 
    {
      "acted_at": "2015-02-26", 
      "action_code": "71000", 
      "references": [], 
      "text": "House amendment offered", 
      "type": "action"
    }, 
    {
      "acted_at": "2015-02-26T16:51:36-05:00", 
      "action_code": "71500", 
      "references": [
        {
          "reference": "CR H1264-1265, H1269-1270", 
          "type": "consideration"
        }, 
        {
          "reference": "CR H1265", 
          "type": "text"
        }
      ], 
      "text": "House amendment offered/reported by : Amendment (A013) offered by Ms. Moore.", 
      "type": "action"
    }, 
    {
      "acted_at": "2015-02-26T19:34:07-05:00", 
      "action_code": "73000", 
      "references": [], 
      "text": "House amendment not agreed to: On agreeing to the Moore amendment (A013) Failed by recorded vote: 185 - 239 (Roll no. 99).", 
      "type": "action"
    }, 
    {
      "acted_at": "2015-02-26T19:34:07-05:00", 
      "action_code": "75000", 
      "references": [], 
      "text": "Roll call votes on amendments in House", 
      "type": "action"
    }, 
    {
      "acted_at": "2015-02-26T19:34:07-05:00", 
      "action_code": "77000", 
      "references": [], 
      "text": "Amendment failed in Committee of the Whole", 
      "type": "action"
    }
  ], 
  "amendment_id": "hamdt36-114", 
  "amendment_type": "hamdt", 
  "amends_amendment": null, 
  "amends_bill": {
    "bill_id": "hr5-114", 
    "bill_type": "hr", 
    "congress": 114, 
    "number": 5
  }, 
  "amends_treaty": null, 
  "chamber": "h", 
  "congress": "114", 
  "description": "Amendment sought to ensure that high poverty schools are not adversely affected by the provisions of H.R. 5 with respect to teacher support and the quality of educational services.", 
  "introduced_at": "2015-02-26", 
  "number": 36, 
  "purpose": "An amendment numbered 13 printed in Part B of House Report 114-29 to delay implementation of new Title II formula until the Secretary of Education determines that the implementation will not reduce funding for schools serving high percentages of students in poverty.", 
  "sponsor": {
    "bioguide_id": "M001160", 
    "district": "4", 
    "name": "Moore, Gwen", 
    "state": "WI", 
    "thomas_id": "01811", 
    "title": "Rep", 
    "type": "person"
  }, 
  "status": "fail", 
  "status_at": "2015-02-26T19:34:07-05:00", 
  "updated_at": "2016-08-01T13:26:00Z"
}