{
  "actions": [
    {
      "acted_at": "2015-06-10T22:23:26-04:00", 
      "action_code": "H32111", 
      "how": "roll", 
      "references": [], 
      "result": "fail", 
      "roll": 337, 
      "text": "On agreeing to the Nadler amendment (A028) Failed by recorded vote: 173 - 259 (Roll no. 337).", 
      "type": "vote", 
      "vote_type": "vote", 
      "where": "h"
    }, 
    {
      "acted_at": "2015-06-10T19:41:39-04:00", 
      "action_code": "H3A100", 
      "references": [
        {
          "reference": "CR H4086-4087, H4108", 
          "type": "consideration"
        }, 
        {
          "reference": "CR H4086", 
          "type": "text"
        }
      ], 
      "text": "Amendment (A028) offered by Mr. Nadler.", 
      "type": "action"
    }, 
    {
      "acted_at": "2015-06-10", 
      "action_code": "", 
      "references": [], 
      "text": "", 
      "type": "action"
    }, 
    {
      "acted_at": "2015-06-10", 
      "action_code": "71000", 
      "references": [], 
      "text": "House amendment offered", 
      "type": "action"
    }, 
    {
      "acted_at": "2015-06-10T19:41:39-04:00", 
      "action_code": "71500", 
      "references": [
        {
          "reference": "CR H4086-4087, H4108", 
          "type": "consideration"
        }, 
        {
          "reference": "CR H4086", 
          "type": "text"
        }
      ], 
      "text": "House amendment offered/reported by : Amendment (A028) offered by Mr. Nadler.", 
      "type": "action"
    }, 
    {
      "acted_at": "2015-06-10T22:23:26-04:00", 
      "action_code": "73000", 
      "references": [], 
      "text": "House amendment not agreed to: On agreeing to the Nadler amendment (A028) Failed by recorded vote: 173 - 259 (Roll no. 337).", 
      "type": "action"
    }, 
    {
      "acted_at": "2015-06-10T22:23:26-04:00", 
      "action_code": "75000", 
      "references": [], 
      "text": "Roll call votes on amendments in House", 
      "type": "action"
    }, 
    {
      "acted_at": "2015-06-10T22:23:26-04:00", 
      "action_code": "77000", 
      "references": [], 
      "text": "Amendment failed in Committee of the Whole", 
      "type": "action"
    }
  ], 
  "amendment_id": "hamdt468-114", 
  "amendment_type": "hamdt", 
  "amends_amendment": null, 
  "amends_bill": {
    "bill_id": "hr2685-114", 
    "bill_type": "hr", 
    "congress": 114, 
    "number": 2685
  }, 
  "amends_treaty": null, 
  "chamber": "h", 
  "congress": "114", 
  "description": "Amendment sought to strike section 8101, regarding prohibition of funds for use in replacement of facilities of any individual located at the United States Naval Station, Guantanamo Bay, Cuba.", 
  "introduced_at": "2015-06-10", 
  "number": 468, 
  "purpose": "An amendment to strike section 8101, regarding prohibiting funds for replacement facilities of any individual located at the United States Naval Station, Guantanamo Bay, Cuba.", 
  "sponsor": {
    "bioguide_id": "N000002", 
    "district": "10", 
    "name": "Nadler, Jerrold", 
    "state": "NY", 
    "thomas_id": "00850", 
    "title": "Rep", 
    "type": "person"
  }, 
  "status": "fail", 
  "status_at": "2015-06-10T22:23:26-04:00", 
  "updated_at": "2016-08-01T13:27:47Z"
}