{
  "actions": [
    {
      "acted_at": "2015-04-30T23:25:25-04:00", 
      "action_code": "H32111", 
      "how": "roll", 
      "references": [
        {
          "reference": "CR H2744-2745", 
          "type": "consideration"
        }
      ], 
      "result": "fail", 
      "roll": 198, 
      "text": "On agreeing to the Swalwell (CA) amendment (A017) Failed by recorded vote: 173 - 248 (Roll no. 198).", 
      "type": "vote", 
      "vote_type": "vote", 
      "where": "h"
    }, 
    {
      "acted_at": "2015-04-29T22:51:44-04:00", 
      "action_code": "H3A100", 
      "references": [
        {
          "reference": "CR H2647", 
          "type": "consideration"
        }, 
        {
          "reference": "CR H2647", 
          "type": "text"
        }
      ], 
      "text": "Amendment (A017) offered by Mr. Swalwell (CA).", 
      "type": "action"
    }, 
    {
      "acted_at": "2015-04-29", 
      "action_code": "", 
      "references": [], 
      "text": "", 
      "type": "action"
    }, 
    {
      "acted_at": "2015-04-29", 
      "action_code": "71000", 
      "references": [], 
      "text": "House amendment offered", 
      "type": "action"
    }, 
    {
      "acted_at": "2015-04-29T22:51:44-04:00", 
      "action_code": "71500", 
      "references": [
        {
          "reference": "CR H2647", 
          "type": "consideration"
        }, 
        {
          "reference": "CR H2647", 
          "type": "text"
        }
      ], 
      "text": "House amendment offered/reported by : Amendment (A017) offered by Mr. Swalwell (CA).", 
      "type": "action"
    }, 
    {
      "acted_at": "2015-04-30T23:25:25-04:00", 
      "action_code": "75000", 
      "references": [], 
      "text": "Roll call votes on amendments in House", 
      "type": "action"
    }, 
    {
      "acted_at": "2015-04-30T23:25:25-04:00", 
      "action_code": "73000", 
      "references": [
        {
          "reference": "CR H2744-2745", 
          "type": "consideration"
        }
      ], 
      "text": "House amendment not agreed to: On agreeing to the Swalwell (CA) amendment (A017) Failed by recorded vote: 173 - 248 (Roll no. 198).", 
      "type": "action"
    }, 
    {
      "acted_at": "2015-04-30T23:25:25-04:00", 
      "action_code": "77000", 
      "references": [], 
      "text": "Amendment failed in Committee of the Whole", 
      "type": "action"
    }
  ], 
  "amendment_id": "hamdt167-114", 
  "amendment_type": "hamdt", 
  "amends_amendment": null, 
  "amends_bill": {
    "bill_id": "hr2028-114", 
    "bill_type": "hr", 
    "congress": 114, 
    "number": 2028
  }, 
  "amends_treaty": null, 
  "chamber": "h", 
  "congress": "114", 
  "description": "Amendment sought to increase funding for Energy Efficiency and Renewable Energy by $25.5 million and to reduce funding for Fossil Energy by $34 million.", 
  "introduced_at": "2015-04-29", 
  "number": 167, 
  "purpose": "An amendment to increase funding for Energy Efficiency and Renewable Energy by $25,500,000 and to reduce funding for Fossil Energy by $34,000,000.", 
  "sponsor": {
    "bioguide_id": "S001193", 
    "district": "15", 
    "name": "Swalwell, Eric", 
    "state": "CA", 
    "thomas_id": "02104", 
    "title": "Rep", 
    "type": "person"
  }, 
  "status": "fail", 
  "status_at": "2015-04-30T23:25:25-04:00", 
  "updated_at": "2016-08-01T13:27:19Z"
}