{
  "actions": [
    {
      "acted_at": "2015-02-26T19:17:13-05:00", 
      "action_code": "H32111", 
      "how": "roll", 
      "references": [], 
      "result": "fail", 
      "roll": 96, 
      "text": "On agreeing to the Grothman amendment (A002) Failed by recorded vote: 114 - 311 (Roll no. 96).", 
      "type": "vote", 
      "vote_type": "vote", 
      "where": "h"
    }, 
    {
      "acted_at": "2015-02-26T15:31:29-05:00", 
      "action_code": "H3A100", 
      "references": [
        {
          "reference": "CR H1255-1256, H1267", 
          "type": "consideration"
        }, 
        {
          "reference": "CR H1255", 
          "type": "text"
        }
      ], 
      "text": "Amendment (A002) offered by Mr. Grothman.", 
      "type": "action"
    }, 
    {
      "acted_at": "2015-02-26", 
      "action_code": "", 
      "references": [], 
      "text": "", 
      "type": "action"
    }, 
    {
      "acted_at": "2015-02-26", 
      "action_code": "71000", 
      "references": [], 
      "text": "House amendment offered", 
      "type": "action"
    }, 
    {
      "acted_at": "2015-02-26T15:31:29-05:00", 
      "action_code": "71500", 
      "references": [
        {
          "reference": "CR H1255-1256, H1267", 
          "type": "consideration"
        }, 
        {
          "reference": "CR H1255", 
          "type": "text"
        }
      ], 
      "text": "House amendment offered/reported by : Amendment (A002) offered by Mr. Grothman.", 
      "type": "action"
    }, 
    {
      "acted_at": "2015-02-26T19:17:13-05:00", 
      "action_code": "73000", 
      "references": [], 
      "text": "House amendment not agreed to: On agreeing to the Grothman amendment (A002) Failed by recorded vote: 114 - 311 (Roll no. 96).", 
      "type": "action"
    }, 
    {
      "acted_at": "2015-02-26T19:17:13-05:00", 
      "action_code": "75000", 
      "references": [], 
      "text": "Roll call votes on amendments in House", 
      "type": "action"
    }, 
    {
      "acted_at": "2015-02-26T19:17:13-05:00", 
      "action_code": "77000", 
      "references": [], 
      "text": "Amendment failed in Committee of the Whole", 
      "type": "action"
    }
  ], 
  "amendment_id": "hamdt25-114", 
  "amendment_type": "hamdt", 
  "amends_amendment": null, 
  "amends_bill": {
    "bill_id": "hr5-114", 
    "bill_type": "hr", 
    "congress": 114, 
    "number": 5
  }, 
  "amends_treaty": null, 
  "chamber": "h", 
  "congress": "114", 
  "description": "Amendment sought to shorten authorization from 2021 to 2018.", 
  "introduced_at": "2015-02-26", 
  "number": 25, 
  "purpose": null, 
  "sponsor": {
    "bioguide_id": "G000576", 
    "district": "6", 
    "name": "Grothman, Glenn", 
    "state": "WI", 
    "thomas_id": "02276", 
    "title": "Rep", 
    "type": "person"
  }, 
  "status": "fail", 
  "status_at": "2015-02-26T19:17:13-05:00", 
  "updated_at": "2016-08-01T13:26:00Z"
}