{
  "actions": [
    {
      "acted_at": "2015-04-30T20:24:36-04:00", 
      "action_code": "H32130", 
      "references": [], 
      "text": "Mr. Simpson raised a point of order against the Babin amendment (A037). Mr. Simpson stated that the amendment sought to change existing law and constituted legislation in an appropriations bill. The Chair sustained the point of order.", 
      "type": "action"
    }, 
    {
      "acted_at": "2015-04-30T20:19:51-04:00", 
      "action_code": "H3A100", 
      "references": [
        {
          "reference": "CR H2720-2721", 
          "type": "consideration"
        }, 
        {
          "reference": "CR H2720", 
          "type": "text"
        }
      ], 
      "text": "Amendment (A037) offered by Mr. Babin.", 
      "type": "action"
    }, 
    {
      "acted_at": "2015-04-30", 
      "action_code": "", 
      "references": [], 
      "text": "", 
      "type": "action"
    }, 
    {
      "acted_at": "2015-04-30", 
      "action_code": "71000", 
      "references": [], 
      "text": "House amendment offered", 
      "type": "action"
    }, 
    {
      "acted_at": "2015-04-30T20:19:51-04:00", 
      "action_code": "71500", 
      "references": [
        {
          "reference": "CR H2720-2721", 
          "type": "consideration"
        }, 
        {
          "reference": "CR H2720", 
          "type": "text"
        }
      ], 
      "text": "House amendment offered/reported by : Amendment (A037) offered by Mr. Babin.", 
      "type": "action"
    }
  ], 
  "amendment_id": "hamdt187-114", 
  "amendment_type": "hamdt", 
  "amends_amendment": null, 
  "amends_bill": {
    "bill_id": "hr2028-114", 
    "bill_type": "hr", 
    "congress": 114, 
    "number": 2028
  }, 
  "amends_treaty": null, 
  "chamber": "h", 
  "congress": "114", 
  "description": null, 
  "introduced_at": "2015-04-30", 
  "number": 187, 
  "purpose": "An amendment No. 4 printed in the Congressional Record to prohibit the use of funds under the heading \"Defense Nuclear Nonproliferation\" from being used to enter into new contracts with, or new agreements for, Federal assistance to the Islamic Republic of Iran except for contracts or agreements that include authority for the International Atomic Energy Agency to conduct anytime, anywhere inspections of civil and military sites within the Islamic Republic of Iran.", 
  "sponsor": {
    "bioguide_id": "B001291", 
    "district": "36", 
    "name": "Babin, Brian", 
    "state": "TX", 
    "thomas_id": "02270", 
    "title": "Rep", 
    "type": "person"
  }, 
  "status": "offered", 
  "status_at": "2015-04-30", 
  "updated_at": "2016-08-01T13:27:19Z"
}