{
  "actions": [
    {
      "acted_at": "2015-06-02T21:14:22-04:00", 
      "action_code": "H32140", 
      "references": [
        {
          "reference": "CR H3722", 
          "type": "consideration"
        }
      ], 
      "text": "By unanimous consent, the Esty amendment was withdrawn.", 
      "type": "action"
    }, 
    {
      "acted_at": "2015-06-02T21:13:03-04:00", 
      "action_code": "H3A100", 
      "references": [
        {
          "reference": "CR H3721-3722", 
          "type": "consideration"
        }, 
        {
          "reference": "CR H3721", 
          "type": "text"
        }
      ], 
      "text": "Amendment (A039) offered by Ms. Esty.", 
      "type": "action"
    }, 
    {
      "acted_at": "2015-06-02", 
      "action_code": "", 
      "references": [], 
      "text": "", 
      "type": "action"
    }, 
    {
      "acted_at": "2015-06-02", 
      "action_code": "71000", 
      "references": [], 
      "text": "House amendment offered", 
      "type": "action"
    }, 
    {
      "acted_at": "2015-06-02T21:13:03-04:00", 
      "action_code": "71500", 
      "references": [
        {
          "reference": "CR H3721-3722", 
          "type": "consideration"
        }, 
        {
          "reference": "CR H3721", 
          "type": "text"
        }
      ], 
      "text": "House amendment offered/reported by : Amendment (A039) offered by Ms. Esty.", 
      "type": "action"
    }
  ], 
  "amendment_id": "hamdt307-114", 
  "amendment_type": "hamdt", 
  "amends_amendment": null, 
  "amends_bill": {
    "bill_id": "hr2578-114", 
    "bill_type": "hr", 
    "congress": 114, 
    "number": 2578
  }, 
  "amends_treaty": null, 
  "chamber": "h", 
  "congress": "114", 
  "description": null, 
  "introduced_at": "2015-06-02", 
  "number": 307, 
  "purpose": "An amendment to strike section 532 from the bill which prohibits use of funds to pay the salaries or expenses of personnel to deny, or fail to act on, an application for the importation of any model of shotgun if all other requirements of law with respect to the importation are met and no application for such importation had been denied by the Attorney General prior to January 1, 2011.", 
  "sponsor": {
    "bioguide_id": "E000293", 
    "district": "5", 
    "name": "Esty, Elizabeth H.", 
    "state": "CT", 
    "thomas_id": "02114", 
    "title": "Rep", 
    "type": "person"
  }, 
  "status": "offered", 
  "status_at": "2015-06-02", 
  "updated_at": "2016-08-01T13:27:41Z"
}