{
  "actions": [
    {
      "acted_at": "2015-02-05T10:31:03-05:00", 
      "action_code": "H32111", 
      "how": "by voice vote", 
      "references": [], 
      "result": "fail", 
      "text": "On agreeing to the Johnson (GA) amendment (A004) Failed by voice vote.", 
      "type": "vote", 
      "vote_type": "vote", 
      "where": "h"
    }, 
    {
      "acted_at": "2015-02-05T10:22:35-05:00", 
      "action_code": "H3A100", 
      "references": [
        {
          "reference": "CR H827-828", 
          "type": "consideration"
        }, 
        {
          "reference": "CR H827", 
          "type": "text"
        }
      ], 
      "text": "Amendment (A004) offered by Mr. Johnson (GA).", 
      "type": "action"
    }, 
    {
      "acted_at": "2015-02-05", 
      "action_code": "", 
      "references": [], 
      "text": "", 
      "type": "action"
    }, 
    {
      "acted_at": "2015-02-05", 
      "action_code": "71000", 
      "references": [], 
      "text": "House amendment offered", 
      "type": "action"
    }, 
    {
      "acted_at": "2015-02-05T10:22:35-05:00", 
      "action_code": "71500", 
      "references": [
        {
          "reference": "CR H827-828", 
          "type": "consideration"
        }, 
        {
          "reference": "CR H827", 
          "type": "text"
        }
      ], 
      "text": "House amendment offered/reported by : Amendment (A004) offered by Mr. Johnson (GA).", 
      "type": "action"
    }, 
    {
      "acted_at": "2015-02-05T10:31:03-05:00", 
      "action_code": "73000", 
      "references": [], 
      "text": "House amendment not agreed to: On agreeing to the Johnson (GA) amendment (A004) Failed by voice vote.", 
      "type": "action"
    }, 
    {
      "acted_at": "2015-02-05T10:31:03-05:00", 
      "action_code": "77000", 
      "references": [], 
      "text": "Amendment failed in Committee of the Whole", 
      "type": "action"
    }
  ], 
  "amendment_id": "hamdt19-114", 
  "amendment_type": "hamdt", 
  "amends_amendment": null, 
  "amends_bill": {
    "bill_id": "hr527-114", 
    "bill_type": "hr", 
    "congress": 114, 
    "number": 527
  }, 
  "amends_treaty": null, 
  "chamber": "h", 
  "congress": "114", 
  "description": "Amendment sought to strike section 10 of the bill which provides for establishment and approval of small business concern size standards by the chief counsel for advocacy.", 
  "introduced_at": "2015-02-05", 
  "number": 19, 
  "purpose": null, 
  "sponsor": {
    "bioguide_id": "J000288", 
    "district": "4", 
    "name": "Johnson, Henry C. \"Hank,\" Jr.", 
    "state": "GA", 
    "thomas_id": "01843", 
    "title": "Rep", 
    "type": "person"
  }, 
  "status": "fail", 
  "status_at": "2015-02-05T10:31:03-05:00", 
  "updated_at": "2016-08-01T13:26:21Z"
}