{
  "actions": [
    {
      "acted_at": "2015-07-08T17:48:01-04:00", 
      "action_code": "H32111", 
      "how": "roll", 
      "references": [
        {
          "reference": "CR H4926", 
          "type": "consideration"
        }
      ], 
      "result": "fail", 
      "roll": 412, 
      "text": "On agreeing to the Grayson amendment (A032) Failed by recorded vote: 199 - 228 (Roll no. 412).", 
      "type": "vote", 
      "vote_type": "vote", 
      "where": "h"
    }, 
    {
      "acted_at": "2015-02-26T21:26:03-05:00", 
      "action_code": "H3A100", 
      "references": [
        {
          "reference": "CR H1285-1286", 
          "type": "consideration"
        }, 
        {
          "reference": "CR H1286", 
          "type": "text"
        }
      ], 
      "text": "Amendment (A032) offered by Mr. Grayson.", 
      "type": "action"
    }, 
    {
      "acted_at": "2015-02-26", 
      "action_code": "", 
      "references": [], 
      "text": "", 
      "type": "action"
    }, 
    {
      "acted_at": "2015-02-26", 
      "action_code": "71000", 
      "references": [], 
      "text": "House amendment offered", 
      "type": "action"
    }, 
    {
      "acted_at": "2015-02-26T21:26:03-05:00", 
      "action_code": "71500", 
      "references": [
        {
          "reference": "CR H1285-1286", 
          "type": "consideration"
        }, 
        {
          "reference": "CR H1286", 
          "type": "text"
        }
      ], 
      "text": "House amendment offered/reported by : Amendment (A032) offered by Mr. Grayson.", 
      "type": "action"
    }, 
    {
      "acted_at": "2015-07-08T17:48:01-04:00", 
      "action_code": "73000", 
      "references": [
        {
          "reference": "CR H4926", 
          "type": "consideration"
        }
      ], 
      "text": "House amendment not agreed to: On agreeing to the Grayson amendment (A032) Failed by recorded vote: 199 - 228 (Roll no. 412).", 
      "type": "action"
    }, 
    {
      "acted_at": "2015-07-08T17:48:01-04:00", 
      "action_code": "75000", 
      "references": [], 
      "text": "Roll call votes on amendments in House", 
      "type": "action"
    }, 
    {
      "acted_at": "2015-07-08T17:48:01-04:00", 
      "action_code": "77000", 
      "references": [], 
      "text": "Amendment failed in Committee of the Whole", 
      "type": "action"
    }
  ], 
  "amendment_id": "hamdt55-114", 
  "amendment_type": "hamdt", 
  "amends_amendment": null, 
  "amends_bill": {
    "bill_id": "hr5-114", 
    "bill_type": "hr", 
    "congress": 114, 
    "number": 5
  }, 
  "amends_treaty": null, 
  "chamber": "h", 
  "congress": "114", 
  "description": "Amendment sought to require the Secretary of Education to conduct an assessment of the impact of school start times on student health, well-being, and performance.", 
  "introduced_at": "2015-02-26", 
  "number": 55, 
  "purpose": "An amendment No. 32 printed in part B of House Report 114-29 to require the Secretary of Education to conduct an assessment of the impact of school start times on student health, well-being, and performance.", 
  "sponsor": {
    "bioguide_id": "G000556", 
    "district": "9", 
    "name": "Grayson, Alan", 
    "state": "FL", 
    "thomas_id": "01914", 
    "title": "Rep", 
    "type": "person"
  }, 
  "status": "fail", 
  "status_at": "2015-07-08T17:48:01-04:00", 
  "updated_at": "2016-08-01T13:26:00Z"
}