{
  "actions": [
    {
      "acted_at": "2015-05-01T10:07:33-04:00", 
      "action_code": "H32111", 
      "how": "roll", 
      "references": [
        {
          "reference": "CR H2778-2779", 
          "type": "consideration"
        }
      ], 
      "result": "fail", 
      "roll": 210, 
      "text": "On agreeing to the Blackburn amendment (A056) Failed by recorded vote: 159 - 248 (Roll no. 210).", 
      "type": "vote", 
      "vote_type": "vote", 
      "where": "h"
    }, 
    {
      "acted_at": "2015-05-01T01:02:17-04:00", 
      "action_code": "H3A100", 
      "references": [
        {
          "reference": "CR 04/30/2015 H2759-2761", 
          "type": "consideration"
        }, 
        {
          "reference": "CR 04/30/2015 H2759", 
          "type": "text"
        }
      ], 
      "text": "Amendment (A056) offered by Mrs. Blackburn.", 
      "type": "action"
    }, 
    {
      "acted_at": "2015-05-01", 
      "action_code": "", 
      "references": [], 
      "text": "", 
      "type": "action"
    }, 
    {
      "acted_at": "2015-05-01", 
      "action_code": "71000", 
      "references": [], 
      "text": "House amendment offered", 
      "type": "action"
    }, 
    {
      "acted_at": "2015-05-01T01:02:17-04:00", 
      "action_code": "71500", 
      "references": [
        {
          "reference": "CR 04/30/2015 H2759-2761", 
          "type": "consideration"
        }, 
        {
          "reference": "CR 04/30/2015 H2759", 
          "type": "text"
        }
      ], 
      "text": "House amendment offered/reported by : Amendment (A056) offered by Mrs. Blackburn.", 
      "type": "action"
    }, 
    {
      "acted_at": "2015-05-01T10:07:33-04:00", 
      "action_code": "73000", 
      "references": [
        {
          "reference": "CR H2778-2779", 
          "type": "consideration"
        }
      ], 
      "text": "House amendment not agreed to: On agreeing to the Blackburn amendment (A056) Failed by recorded vote: 159 - 248 (Roll no. 210).", 
      "type": "action"
    }, 
    {
      "acted_at": "2015-05-01T10:07:33-04:00", 
      "action_code": "75000", 
      "references": [], 
      "text": "Roll call votes on amendments in House", 
      "type": "action"
    }, 
    {
      "acted_at": "2015-05-01T10:07:33-04:00", 
      "action_code": "77000", 
      "references": [], 
      "text": "Amendment failed in Committee of the Whole", 
      "type": "action"
    }
  ], 
  "amendment_id": "hamdt206-114", 
  "amendment_type": "hamdt", 
  "amends_amendment": null, 
  "amends_bill": {
    "bill_id": "hr2028-114", 
    "bill_type": "hr", 
    "congress": 114, 
    "number": 2028
  }, 
  "amends_treaty": null, 
  "chamber": "h", 
  "congress": "114", 
  "description": "At the end of the bill (before the short title), insert the following:    Sec.___. Each amount made available by this Act is hereby reduced by 1 percent.", 
  "introduced_at": "2015-05-01", 
  "number": 206, 
  "purpose": "An amendment No. 12 printed in the Congressional Record to reduce funding in the bill by 1 percent across-the-board.", 
  "sponsor": {
    "bioguide_id": "B001243", 
    "district": "7", 
    "name": "Blackburn, Marsha", 
    "state": "TN", 
    "thomas_id": "01748", 
    "title": "Rep", 
    "type": "person"
  }, 
  "status": "fail", 
  "status_at": "2015-05-01T10:07:33-04:00", 
  "updated_at": "2016-08-01T13:27:19Z"
}