{
  "actions": [
    {
      "acted_at": "2015-06-02T16:05:39-04:00", 
      "action_code": "H32111", 
      "how": "by voice vote", 
      "references": [], 
      "result": "pass", 
      "text": "On agreeing to the Nugent amendment (A006) Agreed to by voice vote.", 
      "type": "vote", 
      "vote_type": "vote", 
      "where": "h"
    }, 
    {
      "acted_at": "2015-06-02T16:00:35-04:00", 
      "action_code": "H3A100", 
      "references": [
        {
          "reference": "CR H3679-3680", 
          "type": "consideration"
        }, 
        {
          "reference": "CR H3679", 
          "type": "text"
        }
      ], 
      "text": "Amendment (A006) offered by Mr. Nugent.", 
      "type": "action"
    }, 
    {
      "acted_at": "2015-06-02", 
      "action_code": "", 
      "references": [], 
      "text": "", 
      "type": "action"
    }, 
    {
      "acted_at": "2015-06-02", 
      "action_code": "71000", 
      "references": [], 
      "text": "House amendment offered", 
      "type": "action"
    }, 
    {
      "acted_at": "2015-06-02T16:00:35-04:00", 
      "action_code": "71500", 
      "references": [
        {
          "reference": "CR H3679-3680", 
          "type": "consideration"
        }, 
        {
          "reference": "CR H3679", 
          "type": "text"
        }
      ], 
      "text": "House amendment offered/reported by : Amendment (A006) offered by Mr. Nugent.", 
      "type": "action"
    }, 
    {
      "acted_at": "2015-06-02T16:05:39-04:00", 
      "action_code": "72000", 
      "references": [], 
      "text": "House amendment agreed to: On agreeing to the Nugent amendment (A006) Agreed to by voice vote.", 
      "type": "action"
    }, 
    {
      "acted_at": "2015-06-02T16:05:39-04:00", 
      "action_code": "76000", 
      "references": [], 
      "text": "Amendment agreed to Committee of the Whole", 
      "type": "action"
    }
  ], 
  "amendment_id": "hamdt274-114", 
  "amendment_type": "hamdt", 
  "amends_amendment": null, 
  "amends_bill": {
    "bill_id": "hr2578-114", 
    "bill_type": "hr", 
    "congress": 114, 
    "number": 2578
  }, 
  "amends_treaty": null, 
  "chamber": "h", 
  "congress": "114", 
  "description": "Amendment increases funding for programs under the Mentally Ill Offender Treatment and Crime Reduction Act and for Veterans Treatment Courts by $4 million.", 
  "introduced_at": "2015-06-02", 
  "number": 274, 
  "purpose": "An amendment to reduce funding for the Bureau of the Census Current Surveys and Programs by $ 4 million and increase the Office of Justice Programs State and Local Law Enforcement Assistance by $4 million.", 
  "sponsor": {
    "bioguide_id": "N000185", 
    "district": "11", 
    "name": "Nugent, Richard B.", 
    "state": "FL", 
    "thomas_id": "02001", 
    "title": "Rep", 
    "type": "person"
  }, 
  "status": "pass", 
  "status_at": "2015-06-02T16:05:39-04:00", 
  "updated_at": "2016-08-01T13:27:41Z"
}