{
  "actions": [
    {
      "acted_at": "2015-06-02T23:16:06-04:00", 
      "action_code": "H32111", 
      "how": "by voice vote", 
      "references": [], 
      "result": "pass", 
      "text": "On agreeing to the Carter (TX) amendment (A052) Agreed to by voice vote.", 
      "type": "vote", 
      "vote_type": "vote", 
      "where": "h"
    }, 
    {
      "acted_at": "2015-06-02T23:08:36-04:00", 
      "action_code": "H3A100", 
      "references": [
        {
          "reference": "CR H3735-3736", 
          "type": "consideration"
        }, 
        {
          "reference": "CR H3735", 
          "type": "text"
        }
      ], 
      "text": "Amendment (A052) offered by Mr. Carter (TX).", 
      "type": "action"
    }, 
    {
      "acted_at": "2015-06-02", 
      "action_code": "", 
      "references": [], 
      "text": "", 
      "type": "action"
    }, 
    {
      "acted_at": "2015-06-02", 
      "action_code": "71000", 
      "references": [], 
      "text": "House amendment offered", 
      "type": "action"
    }, 
    {
      "acted_at": "2015-06-02T23:08:36-04:00", 
      "action_code": "71500", 
      "references": [
        {
          "reference": "CR H3735-3736", 
          "type": "consideration"
        }, 
        {
          "reference": "CR H3735", 
          "type": "text"
        }
      ], 
      "text": "House amendment offered/reported by : Amendment (A052) offered by Mr. Carter (TX).", 
      "type": "action"
    }, 
    {
      "acted_at": "2015-06-02T23:16:06-04:00", 
      "action_code": "72000", 
      "references": [], 
      "text": "House amendment agreed to: On agreeing to the Carter (TX) amendment (A052) Agreed to by voice vote.", 
      "type": "action"
    }, 
    {
      "acted_at": "2015-06-02T23:16:06-04:00", 
      "action_code": "76000", 
      "references": [], 
      "text": "Amendment agreed to Committee of the Whole", 
      "type": "action"
    }
  ], 
  "amendment_id": "hamdt320-114", 
  "amendment_type": "hamdt", 
  "amends_amendment": null, 
  "amends_bill": {
    "bill_id": "hr2578-114", 
    "bill_type": "hr", 
    "congress": 114, 
    "number": 2578
  }, 
  "amends_treaty": null, 
  "chamber": "h", 
  "congress": "114", 
  "description": "Amendment prohibits the use of funds to propose or to issue a rule that would change the Chief Law Enforcement Officer certificate requirement with respect to purchase of suppressors and other firearms regulated by the National Firearms Act.", 
  "introduced_at": "2015-06-02", 
  "number": 320, 
  "purpose": "An amendment to prohibit the use of funds to propose or to issue a rule that would change the Chief Law Enforcement Officer certificate requirement in a manner that has the same substance as the proposed rule published on Sept. 9, 2013 (786 Fed. Reg. 55014).", 
  "sponsor": {
    "bioguide_id": "C001051", 
    "district": "31", 
    "name": "Carter, John R.", 
    "state": "TX", 
    "thomas_id": "01752", 
    "title": "Rep", 
    "type": "person"
  }, 
  "status": "pass", 
  "status_at": "2015-06-02T23:16:06-04:00", 
  "updated_at": "2016-08-01T13:27:41Z"
}