{
  "actions": [
    {
      "acted_at": "2015-06-04T12:04:44-04:00", 
      "action_code": "H32111", 
      "how": "roll", 
      "references": [
        {
          "reference": "CR H3898-3899", 
          "type": "consideration"
        }
      ], 
      "result": "fail", 
      "roll": 301, 
      "text": "On agreeing to the Cartwright amendment (A016) Failed by recorded vote: 176 - 247 (Roll no. 301).", 
      "type": "vote", 
      "vote_type": "vote", 
      "where": "h"
    }, 
    {
      "acted_at": "2015-06-03T21:33:28-04:00", 
      "action_code": "H3A100", 
      "references": [
        {
          "reference": "CR H3844-3845", 
          "type": "consideration"
        }, 
        {
          "reference": "CR H3844", 
          "type": "text"
        }
      ], 
      "text": "Amendment (A016) offered by Mr. Cartwright.", 
      "type": "action"
    }, 
    {
      "acted_at": "2015-06-03", 
      "action_code": "", 
      "references": [], 
      "text": "", 
      "type": "action"
    }, 
    {
      "acted_at": "2015-06-03", 
      "action_code": "71000", 
      "references": [], 
      "text": "House amendment offered", 
      "type": "action"
    }, 
    {
      "acted_at": "2015-06-03T21:33:28-04:00", 
      "action_code": "71500", 
      "references": [
        {
          "reference": "CR H3844-3845", 
          "type": "consideration"
        }, 
        {
          "reference": "CR H3844", 
          "type": "text"
        }
      ], 
      "text": "House amendment offered/reported by : Amendment (A016) offered by Mr. Cartwright.", 
      "type": "action"
    }, 
    {
      "acted_at": "2015-06-04T12:04:44-04:00", 
      "action_code": "73000", 
      "references": [
        {
          "reference": "CR H3898-3899", 
          "type": "consideration"
        }
      ], 
      "text": "House amendment not agreed to: On agreeing to the Cartwright amendment (A016) Failed by recorded vote: 176 - 247 (Roll no. 301).", 
      "type": "action"
    }, 
    {
      "acted_at": "2015-06-04T12:04:44-04:00", 
      "action_code": "75000", 
      "references": [], 
      "text": "Roll call votes on amendments in House", 
      "type": "action"
    }, 
    {
      "acted_at": "2015-06-04T12:04:44-04:00", 
      "action_code": "77000", 
      "references": [], 
      "text": "Amendment failed in Committee of the Whole", 
      "type": "action"
    }
  ], 
  "amendment_id": "hamdt371-114", 
  "amendment_type": "hamdt", 
  "amends_amendment": null, 
  "amends_bill": {
    "bill_id": "hr2577-114", 
    "bill_type": "hr", 
    "congress": 114, 
    "number": 2577
  }, 
  "amends_treaty": null, 
  "chamber": "h", 
  "congress": "114", 
  "description": "Amendment sought to strike section 134 which prohibits the use of funds to develop, issue, or implement any regulation that increases levels of minimum financial responsibility for transporting passengers or property as in effect on January 1, 2014.", 
  "introduced_at": "2015-06-03", 
  "number": 371, 
  "purpose": "An amendment to strike section 134 which prohibits the use of funds to develop, issue, or implement any regulation that increases levels of minimum financial responsibility for transporting passengers or property as in effect on January 1, 2014.", 
  "sponsor": {
    "bioguide_id": "C001090", 
    "district": "17", 
    "name": "Cartwright, Matt", 
    "state": "PA", 
    "thomas_id": "02159", 
    "title": "Rep", 
    "type": "person"
  }, 
  "status": "fail", 
  "status_at": "2015-06-04T12:04:44-04:00", 
  "updated_at": "2016-08-26T08:52:19Z"
}