{
  "actions": [
    {
      "acted_at": "2015-06-11T00:21:23-04:00", 
      "action_code": "H32111", 
      "how": "by voice vote", 
      "references": [], 
      "result": "pass", 
      "text": "On agreeing to the Conyers amendment (A052) Agreed to by voice vote.", 
      "type": "vote", 
      "vote_type": "vote", 
      "where": "h"
    }, 
    {
      "acted_at": "2015-06-11T00:17:32-04:00", 
      "action_code": "H3A100", 
      "references": [
        {
          "reference": "CR 06/10/2015 H4123", 
          "type": "consideration"
        }, 
        {
          "reference": "CR 06/10/2015 H4123", 
          "type": "text"
        }
      ], 
      "text": "Amendment (A052) offered by Mr. Conyers.", 
      "type": "action"
    }, 
    {
      "acted_at": "2015-06-11", 
      "action_code": "", 
      "references": [], 
      "text": "", 
      "type": "action"
    }, 
    {
      "acted_at": "2015-06-11", 
      "action_code": "71000", 
      "references": [], 
      "text": "House amendment offered", 
      "type": "action"
    }, 
    {
      "acted_at": "2015-06-11T00:17:32-04:00", 
      "action_code": "71500", 
      "references": [
        {
          "reference": "CR 06/10/2015 H4123", 
          "type": "consideration"
        }, 
        {
          "reference": "CR 06/10/2015 H4123", 
          "type": "text"
        }
      ], 
      "text": "House amendment offered/reported by : Amendment (A052) offered by Mr. Conyers.", 
      "type": "action"
    }, 
    {
      "acted_at": "2015-06-11T00:21:23-04:00", 
      "action_code": "72000", 
      "references": [], 
      "text": "House amendment agreed to: On agreeing to the Conyers amendment (A052) Agreed to by voice vote.", 
      "type": "action"
    }, 
    {
      "acted_at": "2015-06-11T00:21:23-04:00", 
      "action_code": "76000", 
      "references": [], 
      "text": "Amendment agreed to Committee of the Whole", 
      "type": "action"
    }
  ], 
  "amendment_id": "hamdt492-114", 
  "amendment_type": "hamdt", 
  "amends_amendment": null, 
  "amends_bill": {
    "bill_id": "hr2685-114", 
    "bill_type": "hr", 
    "congress": 114, 
    "number": 2685
  }, 
  "amends_treaty": null, 
  "chamber": "h", 
  "congress": "114", 
  "description": "At the end of the bill (before the short title), add the following:    SEC.___. None of the funds made available by this Act may be used to provide arms, training, or other assistance to the Azov Battalion.", 
  "introduced_at": "2015-06-11", 
  "number": 492, 
  "purpose": "An amendment to prohibit use of funds to provide arms, training, or other assistance to the Azov Battalion.", 
  "sponsor": {
    "bioguide_id": "C000714", 
    "district": "13", 
    "name": "Conyers, John, Jr.", 
    "state": "MI", 
    "thomas_id": "00229", 
    "title": "Rep", 
    "type": "person"
  }, 
  "status": "pass", 
  "status_at": "2015-06-11T00:21:23-04:00", 
  "updated_at": "2016-08-01T13:27:47Z"
}