{
  "actions": [
    {
      "acted_at": "2015-05-20", 
      "action_code": "", 
      "references": [], 
      "text": "", 
      "type": "action"
    }, 
    {
      "acted_at": "2015-05-20", 
      "action_code": "71000", 
      "references": [], 
      "text": "House amendment offered", 
      "type": "action"
    }
  ], 
  "amendment_id": "hamdt242-114", 
  "amendment_type": "hamdt", 
  "amends_amendment": null, 
  "amends_bill": {
    "bill_id": "hr880-114", 
    "bill_type": "hr", 
    "congress": 114, 
    "number": 880
  }, 
  "amends_treaty": null, 
  "chamber": "h", 
  "congress": "114", 
  "description": null, 
  "introduced_at": "2015-05-20", 
  "number": 242, 
  "purpose": "Pursuant to the provisions of H.Res. 273 the amendment in the nature of a substitute, modified by the amendment printed in Part B of House Report 114-127 is considered as adopted.", 
  "sponsor": {
    "name": "House Rules", 
    "type": "committee"
  }, 
  "status": "offered", 
  "status_at": "2015-05-20", 
  "updated_at": "2016-08-01T13:26:35Z"
}