{
  "actions": [
    {
      "acted_at": "2015-05-20T18:46:02-04:00", 
      "action_code": "H32111", 
      "how": "roll", 
      "references": [], 
      "result": "fail", 
      "roll": 256, 
      "text": "On agreeing to the Beyer amendment (A011) Failed by recorded vote: 190 - 232 (Roll no. 256).", 
      "type": "vote", 
      "vote_type": "vote", 
      "where": "h"
    }, 
    {
      "acted_at": "2015-05-20T17:31:42-04:00", 
      "action_code": "H3A100", 
      "references": [
        {
          "reference": "CR H3458-3459, H3488", 
          "type": "consideration"
        }, 
        {
          "reference": "H3458", 
          "type": "text"
        }
      ], 
      "text": "Amendment (A011) offered by Mr. Beyer.", 
      "type": "action"
    }, 
    {
      "acted_at": "2015-05-20", 
      "action_code": "", 
      "references": [], 
      "text": "", 
      "type": "action"
    }, 
    {
      "acted_at": "2015-05-20", 
      "action_code": "71000", 
      "references": [], 
      "text": "House amendment offered", 
      "type": "action"
    }, 
    {
      "acted_at": "2015-05-20T17:31:42-04:00", 
      "action_code": "71500", 
      "references": [
        {
          "reference": "CR H3458-3459, H3488", 
          "type": "consideration"
        }, 
        {
          "reference": "H3458", 
          "type": "text"
        }
      ], 
      "text": "House amendment offered/reported by : Amendment (A011) offered by Mr. Beyer.", 
      "type": "action"
    }, 
    {
      "acted_at": "2015-05-20T18:46:02-04:00", 
      "action_code": "73000", 
      "references": [], 
      "text": "House amendment not agreed to: On agreeing to the Beyer amendment (A011) Failed by recorded vote: 190 - 232 (Roll no. 256).", 
      "type": "action"
    }, 
    {
      "acted_at": "2015-05-20T18:46:02-04:00", 
      "action_code": "75000", 
      "references": [], 
      "text": "Roll call votes on amendments in House", 
      "type": "action"
    }, 
    {
      "acted_at": "2015-05-20T18:46:02-04:00", 
      "action_code": "77000", 
      "references": [], 
      "text": "Amendment failed in Committee of the Whole", 
      "type": "action"
    }
  ], 
  "amendment_id": "hamdt253-114", 
  "amendment_type": "hamdt", 
  "amends_amendment": null, 
  "amends_bill": {
    "bill_id": "hr1806-114", 
    "bill_type": "hr", 
    "congress": 114, 
    "number": 1806
  }, 
  "amends_treaty": null, 
  "chamber": "h", 
  "congress": "114", 
  "description": "Amendment sought to restore the ARPA-E goal of developing energy technologies that result in reductions in energy-related emissions, including greenhouse gases.", 
  "introduced_at": "2015-05-20", 
  "number": 253, 
  "purpose": "An amendment No. 11 printed in part A of House Report 114-120 to remove `reductions of energy-related emissions, including greenhouse gases' from goals of ARPA-E.", 
  "sponsor": {
    "bioguide_id": "B001292", 
    "district": "8", 
    "name": "Beyer, Donald S., Jr.", 
    "state": "VA", 
    "thomas_id": "02272", 
    "title": "Rep", 
    "type": "person"
  }, 
  "status": "fail", 
  "status_at": "2015-05-20T18:46:02-04:00", 
  "updated_at": "2016-08-01T13:27:11Z"
}