{
  "actions": [
    {
      "acted_at": "2015-06-03T23:05:25-04:00", 
      "action_code": "H32111", 
      "how": "by voice vote", 
      "references": [], 
      "result": "pass", 
      "text": "On agreeing to the Capps amendment (A027) Agreed to by voice vote.", 
      "type": "vote", 
      "vote_type": "vote", 
      "where": "h"
    }, 
    {
      "acted_at": "2015-06-03T22:59:49-04:00", 
      "action_code": "H3A100", 
      "references": [
        {
          "reference": "CR H3856", 
          "type": "consideration"
        }, 
        {
          "reference": "CR H3856", 
          "type": "text"
        }
      ], 
      "text": "Amendment (A027) offered by Mrs. Capps.", 
      "type": "action"
    }, 
    {
      "acted_at": "2015-06-03", 
      "action_code": "", 
      "references": [], 
      "text": "", 
      "type": "action"
    }, 
    {
      "acted_at": "2015-06-03", 
      "action_code": "71000", 
      "references": [], 
      "text": "House amendment offered", 
      "type": "action"
    }, 
    {
      "acted_at": "2015-06-03T22:59:49-04:00", 
      "action_code": "71500", 
      "references": [
        {
          "reference": "CR H3856", 
          "type": "consideration"
        }, 
        {
          "reference": "CR H3856", 
          "type": "text"
        }
      ], 
      "text": "House amendment offered/reported by : Amendment (A027) offered by Mrs. Capps.", 
      "type": "action"
    }, 
    {
      "acted_at": "2015-06-03T23:05:25-04:00", 
      "action_code": "72000", 
      "references": [], 
      "text": "House amendment agreed to: On agreeing to the Capps amendment (A027) Agreed to by voice vote.", 
      "type": "action"
    }, 
    {
      "acted_at": "2015-06-03T23:05:25-04:00", 
      "action_code": "76000", 
      "references": [], 
      "text": "Amendment agreed to Committee of the Whole", 
      "type": "action"
    }
  ], 
  "amendment_id": "hamdt382-114", 
  "amendment_type": "hamdt", 
  "amends_amendment": null, 
  "amends_bill": {
    "bill_id": "hr2577-114", 
    "bill_type": "hr", 
    "congress": 114, 
    "number": 2577
  }, 
  "amends_treaty": null, 
  "chamber": "h", 
  "congress": "114", 
  "description": "Amendment sets aside $1 million in funding for Pipeline and Hazardous Materials Safety Administration (PHMSA) for the finalization and implementation of pipeline safety and spill mitigation rules.", 
  "introduced_at": "2015-06-03", 
  "number": 382, 
  "purpose": "An amendment to add a new proviso that not less than $1,000,000 of the funds provided under this heading shall be for the finalization and implementation of rules required under section 60102(n) of title 49, United States Code, and section 8(b)(3) of the Pipeline Safety, Regulatory Certainity, and Job Creation Act of 2011.", 
  "sponsor": {
    "bioguide_id": "C001036", 
    "district": "24", 
    "name": "Capps, Lois", 
    "state": "CA", 
    "thomas_id": "01471", 
    "title": "Rep", 
    "type": "person"
  }, 
  "status": "pass", 
  "status_at": "2015-06-03T23:05:25-04:00", 
  "updated_at": "2016-08-26T08:52:19Z"
}