{
  "actions": [
    {
      "acted_at": "2015-06-02T22:18:50-04:00", 
      "action_code": "H32140", 
      "references": [
        {
          "reference": "CR H3729", 
          "type": "consideration"
        }
      ], 
      "text": "By unanimous consent, the Scott (VA) amendment was withdrawn.", 
      "type": "action"
    }, 
    {
      "acted_at": "2015-06-02T22:13:14-04:00", 
      "action_code": "H3A100", 
      "references": [
        {
          "reference": "CR H3729", 
          "type": "consideration"
        }, 
        {
          "reference": "CR H3729", 
          "type": "text"
        }
      ], 
      "text": "Amendment (A046) offered by Mr. Scott (VA).", 
      "type": "action"
    }, 
    {
      "acted_at": "2015-06-02", 
      "action_code": "", 
      "references": [], 
      "text": "", 
      "type": "action"
    }, 
    {
      "acted_at": "2015-06-02", 
      "action_code": "71000", 
      "references": [], 
      "text": "House amendment offered", 
      "type": "action"
    }, 
    {
      "acted_at": "2015-06-02T22:13:14-04:00", 
      "action_code": "71500", 
      "references": [
        {
          "reference": "CR H3729", 
          "type": "consideration"
        }, 
        {
          "reference": "CR H3729", 
          "type": "text"
        }
      ], 
      "text": "House amendment offered/reported by : Amendment (A046) offered by Mr. Scott (VA).", 
      "type": "action"
    }
  ], 
  "amendment_id": "hamdt314-114", 
  "amendment_type": "hamdt", 
  "amends_amendment": null, 
  "amends_bill": {
    "bill_id": "hr2578-114", 
    "bill_type": "hr", 
    "congress": 114, 
    "number": 2578
  }, 
  "amends_treaty": null, 
  "chamber": "h", 
  "congress": "114", 
  "description": null, 
  "introduced_at": "2015-06-02", 
  "number": 314, 
  "purpose": "An amendment to revise amounts in the bill by reducing the amount made available for the Federal Prison Systems--Salaries and Expenses, and increasing the amount made available for Office of Justice Programs--Office of Juvenile Justice Delinquency and Prevention by $69,515,000.", 
  "sponsor": {
    "bioguide_id": "S000185", 
    "district": "3", 
    "name": "Scott, Robert C. \"Bobby\"", 
    "state": "VA", 
    "thomas_id": "01037", 
    "title": "Rep", 
    "type": "person"
  }, 
  "status": "offered", 
  "status_at": "2015-06-02", 
  "updated_at": "2016-08-01T13:27:41Z"
}