{
  "actions": [
    {
      "acted_at": "2015-03-04T14:41:22-05:00", 
      "action_code": "H32111", 
      "how": "roll", 
      "references": [], 
      "result": "fail", 
      "roll": 110, 
      "text": "On agreeing to the McClintock amendment (A006) Failed by recorded vote: 147 - 272 (Roll no. 110).", 
      "type": "vote", 
      "vote_type": "vote", 
      "where": "h"
    }, 
    {
      "acted_at": "2015-03-04T13:51:50-05:00", 
      "action_code": "H3A100", 
      "references": [
        {
          "reference": "CR H1597-1599, H1600", 
          "type": "consideration"
        }, 
        {
          "reference": "CR H1597", 
          "type": "text"
        }
      ], 
      "text": "Amendment (A006) offered by Mr. McClintock.", 
      "type": "action"
    }, 
    {
      "acted_at": "2015-03-04", 
      "action_code": "", 
      "references": [], 
      "text": "", 
      "type": "action"
    }, 
    {
      "acted_at": "2015-03-04", 
      "action_code": "71000", 
      "references": [], 
      "text": "House amendment offered", 
      "type": "action"
    }, 
    {
      "acted_at": "2015-03-04T13:51:50-05:00", 
      "action_code": "71500", 
      "references": [
        {
          "reference": "CR H1597-1599, H1600", 
          "type": "consideration"
        }, 
        {
          "reference": "CR H1597", 
          "type": "text"
        }
      ], 
      "text": "House amendment offered/reported by : Amendment (A006) offered by Mr. McClintock.", 
      "type": "action"
    }, 
    {
      "acted_at": "2015-03-04T14:41:22-05:00", 
      "action_code": "73000", 
      "references": [], 
      "text": "House amendment not agreed to: On agreeing to the McClintock amendment (A006) Failed by recorded vote: 147 - 272 (Roll no. 110).", 
      "type": "action"
    }, 
    {
      "acted_at": "2015-03-04T14:41:22-05:00", 
      "action_code": "75000", 
      "references": [], 
      "text": "Roll call votes on amendments in House", 
      "type": "action"
    }, 
    {
      "acted_at": "2015-03-04T14:41:22-05:00", 
      "action_code": "77000", 
      "references": [], 
      "text": "Amendment failed in Committee of the Whole", 
      "type": "action"
    }
  ], 
  "amendment_id": "hamdt72-114", 
  "amendment_type": "hamdt", 
  "amends_amendment": null, 
  "amends_bill": {
    "bill_id": "hr749-114", 
    "bill_type": "hr", 
    "congress": 114, 
    "number": 749
  }, 
  "amends_treaty": null, 
  "chamber": "h", 
  "congress": "114", 
  "description": "Amendment sought to strike section 101 from the bill which provides authorization for Amtrak.", 
  "introduced_at": "2015-03-04", 
  "number": 72, 
  "purpose": null, 
  "sponsor": {
    "bioguide_id": "M001177", 
    "district": "4", 
    "name": "McClintock, Tom", 
    "state": "CA", 
    "thomas_id": "01908", 
    "title": "Rep", 
    "type": "person"
  }, 
  "status": "fail", 
  "status_at": "2015-03-04T14:41:22-05:00", 
  "updated_at": "2016-08-01T13:26:31Z"
}