{
  "actions": [
    {
      "acted_at": "2015-01-14T11:17:15-05:00", 
      "action_code": "H32111", 
      "how": "roll", 
      "references": [], 
      "result": "pass", 
      "roll": 29, 
      "text": "On agreeing to the Aderholt amendment (A001) Agreed to by recorded vote: 237 - 190 (Roll no. 29).", 
      "type": "vote", 
      "vote_type": "vote", 
      "where": "h"
    }, 
    {
      "acted_at": "2015-01-14T09:18:35-05:00", 
      "action_code": "H3A100", 
      "references": [
        {
          "reference": "CR H374-379, H388-389", 
          "type": "consideration"
        }, 
        {
          "reference": "CR H374-375", 
          "type": "text"
        }
      ], 
      "text": "Amendment (A001) offered by Mr. Aderholt.", 
      "type": "action"
    }, 
    {
      "acted_at": "2015-01-14", 
      "action_code": "", 
      "references": [], 
      "text": "", 
      "type": "action"
    }, 
    {
      "acted_at": "2015-01-14", 
      "action_code": "71000", 
      "references": [], 
      "text": "House amendment offered", 
      "type": "action"
    }, 
    {
      "acted_at": "2015-01-14T09:18:35-05:00", 
      "action_code": "71500", 
      "references": [
        {
          "reference": "CR H374-379, H388-389", 
          "type": "consideration"
        }, 
        {
          "reference": "CR H374-375", 
          "type": "text"
        }
      ], 
      "text": "House amendment offered/reported by : Amendment (A001) offered by Mr. Aderholt.", 
      "type": "action"
    }, 
    {
      "acted_at": "2015-01-14T11:17:15-05:00", 
      "action_code": "72000", 
      "references": [], 
      "text": "House amendment agreed to: On agreeing to the Aderholt amendment (A001) Agreed to by recorded vote: 237 - 190 (Roll no. 29).", 
      "type": "action"
    }, 
    {
      "acted_at": "2015-01-14T11:17:15-05:00", 
      "action_code": "75000", 
      "references": [], 
      "text": "Roll call votes on amendments in House", 
      "type": "action"
    }, 
    {
      "acted_at": "2015-01-14T11:17:15-05:00", 
      "action_code": "76000", 
      "references": [], 
      "text": "Amendment agreed to Committee of the Whole", 
      "type": "action"
    }
  ], 
  "amendment_id": "hamdt6-114", 
  "amendment_type": "hamdt", 
  "amends_amendment": null, 
  "amends_bill": {
    "bill_id": "hr240-114", 
    "bill_type": "hr", 
    "congress": 114, 
    "number": 240
  }, 
  "amends_treaty": null, 
  "chamber": "h", 
  "congress": "114", 
  "description": "Amendment prevents use of any funds to: (1) carry-out the Executive actions announced on November 20, 2014 to grant deferred action to certain unlawful aliens and for other purposes, or four of the \"Morton Memos\" on prosecutorial discretion and immigration enforcement priorities issued in 2011 and 2012 that effectively prevent certain classes of unlawful aliens from being removed from the country; 2) declares that no funds may be used to carry-out any substantially similar policies to those defunded; 3) declares that the policies defunded and any substantially similar policies have no statutory or constitutional basis and therefore no legal effect; and 4) provides that no funds may be used to grant any Federal benefit to any alien as a result of the policies defunded.", 
  "introduced_at": "2015-01-14", 
  "number": 6, 
  "purpose": "An amendment numbered 1 printed in Part B of House Report 114-2 to prevent any funds from whatever source to be used to carry-out (1) the Executive actions announced on November 20, 2014 to grant deferred action to certain unlawful aliens and for other purposes, and (2) four of the `Morton Memos' on prosecutorial discretion and immigration enforcement priorities issued in 2011 and 2012 that effectively prevent certain classes of unlawful aliens from being removed from the country. 2) Declares that no funds may be used to carry-out any substantially similar policies to those defunded. 3) Declares that the policies defunded and any substantially similar policies have no statutory or constitutional basis and therefore no legal effect. 4) Provides that no funds may be used to grant any Federal benefit to any alien as a result of the policies defunded.", 
  "sponsor": {
    "bioguide_id": "A000055", 
    "district": "4", 
    "name": "Aderholt, Robert B.", 
    "state": "AL", 
    "thomas_id": "01460", 
    "title": "Rep", 
    "type": "person"
  }, 
  "status": "pass", 
  "status_at": "2015-01-14T11:17:15-05:00", 
  "updated_at": "2016-08-01T13:26:12Z"
}