{
  "actions": [
    {
      "acted_at": "2015-02-04", 
      "action_code": "", 
      "references": [], 
      "text": "", 
      "type": "action"
    }, 
    {
      "acted_at": "2015-02-04", 
      "action_code": "71000", 
      "references": [], 
      "text": "House amendment offered", 
      "type": "action"
    }
  ], 
  "amendment_id": "hamdt12-114", 
  "amendment_type": "hamdt", 
  "amends_amendment": null, 
  "amends_bill": {
    "bill_id": "hr50-114", 
    "bill_type": "hr", 
    "congress": 114, 
    "number": 50
  }, 
  "amends_treaty": null, 
  "chamber": "h", 
  "congress": "114", 
  "description": null, 
  "introduced_at": "2015-02-04", 
  "number": 12, 
  "purpose": "Amendment consistiong of the text of Rules Committee Print 114-4, modified by the amendment printed in part B of House Report 114-14, as adopted.", 
  "sponsor": {
    "name": "House Rules", 
    "type": "committee"
  }, 
  "status": "offered", 
  "status_at": "2015-02-04", 
  "updated_at": "2016-08-01T13:26:05Z"
}