{
  "actions": [
    {
      "acted_at": "2015-06-03T16:12:43-04:00", 
      "action_code": "H32130", 
      "references": [], 
      "text": "Mr. Farr raised a point of order against the Lamborn amendment (A080). Mr. Farr stated that the amendment seeks to change existing law and constitutes legislation in an appropriations bill. The Chair sustained the point of order.", 
      "type": "action"
    }, 
    {
      "acted_at": "2015-06-03T16:06:04-04:00", 
      "action_code": "H3A100", 
      "references": [
        {
          "reference": "CR H3798-3799", 
          "type": "consideration"
        }, 
        {
          "reference": "CR H3798", 
          "type": "text"
        }
      ], 
      "text": "Amendment (A080) offered by Mr. Lamborn.", 
      "type": "action"
    }, 
    {
      "acted_at": "2015-06-03", 
      "action_code": "", 
      "references": [], 
      "text": "", 
      "type": "action"
    }, 
    {
      "acted_at": "2015-06-03", 
      "action_code": "71000", 
      "references": [], 
      "text": "House amendment offered", 
      "type": "action"
    }, 
    {
      "acted_at": "2015-06-03T16:06:04-04:00", 
      "action_code": "71500", 
      "references": [
        {
          "reference": "CR H3798-3799", 
          "type": "consideration"
        }, 
        {
          "reference": "CR H3798", 
          "type": "text"
        }
      ], 
      "text": "House amendment offered/reported by : Amendment (A080) offered by Mr. Lamborn.", 
      "type": "action"
    }
  ], 
  "amendment_id": "hamdt348-114", 
  "amendment_type": "hamdt", 
  "amends_amendment": null, 
  "amends_bill": {
    "bill_id": "hr2578-114", 
    "bill_type": "hr", 
    "congress": 114, 
    "number": 2578
  }, 
  "amends_treaty": null, 
  "chamber": "h", 
  "congress": "114", 
  "description": null, 
  "introduced_at": "2015-06-03", 
  "number": 348, 
  "purpose": "An amendment to prohibit the use of funds to collect information about individuals attending gun shows, by means of an automatic license plate reader, or to retain any information so collected.", 
  "sponsor": {
    "bioguide_id": "L000564", 
    "district": "5", 
    "name": "Lamborn, Doug", 
    "state": "CO", 
    "thomas_id": "01834", 
    "title": "Rep", 
    "type": "person"
  }, 
  "status": "offered", 
  "status_at": "2015-06-03", 
  "updated_at": "2016-08-01T13:27:41Z"
}