{
  "actions": [
    {
      "acted_at": "2015-04-29T19:18:22-04:00", 
      "action_code": "H32111", 
      "how": "by voice vote", 
      "references": [], 
      "result": "pass", 
      "text": "On agreeing to the Ratcliffe amendment (A032) Agreed to by voice vote.", 
      "type": "vote", 
      "vote_type": "vote", 
      "where": "h"
    }, 
    {
      "acted_at": "2015-04-29T19:13:04-04:00", 
      "action_code": "H3A100", 
      "references": [
        {
          "reference": "CR H2615-2616", 
          "type": "consideration"
        }, 
        {
          "reference": "CR H2615", 
          "type": "text"
        }
      ], 
      "text": "Amendment (A032) offered by Mr. Ratcliffe.", 
      "type": "action"
    }, 
    {
      "acted_at": "2015-04-29", 
      "action_code": "", 
      "references": [], 
      "text": "", 
      "type": "action"
    }, 
    {
      "acted_at": "2015-04-29", 
      "action_code": "71000", 
      "references": [], 
      "text": "House amendment offered", 
      "type": "action"
    }, 
    {
      "acted_at": "2015-04-29T19:13:04-04:00", 
      "action_code": "71500", 
      "references": [
        {
          "reference": "CR H2615-2616", 
          "type": "consideration"
        }, 
        {
          "reference": "CR H2615", 
          "type": "text"
        }
      ], 
      "text": "House amendment offered/reported by : Amendment (A032) offered by Mr. Ratcliffe.", 
      "type": "action"
    }, 
    {
      "acted_at": "2015-04-29T19:18:22-04:00", 
      "action_code": "72000", 
      "references": [], 
      "text": "House amendment agreed to: On agreeing to the Ratcliffe amendment (A032) Agreed to by voice vote.", 
      "type": "action"
    }, 
    {
      "acted_at": "2015-04-29T19:18:22-04:00", 
      "action_code": "76000", 
      "references": [], 
      "text": "Amendment agreed to Committee of the Whole", 
      "type": "action"
    }
  ], 
  "amendment_id": "hamdt139-114", 
  "amendment_type": "hamdt", 
  "amends_amendment": null, 
  "amends_bill": {
    "bill_id": "hr2029-114", 
    "bill_type": "hr", 
    "congress": 114, 
    "number": 2029
  }, 
  "amends_treaty": null, 
  "chamber": "h", 
  "congress": "114", 
  "description": "At the end of the bill (before the short title), add the following new section:    SEC.5___. None of the funds made available by this Act may be used to propose, plan for, or execute a new or additional Base Realignment and Closure (BRAC) round.", 
  "introduced_at": "2015-04-29", 
  "number": 139, 
  "purpose": "An amendment to prohibit use of funds in the bill for a new round of Base Realignment and Closures (BRAC).", 
  "sponsor": {
    "bioguide_id": "R000601", 
    "district": "4", 
    "name": "Ratcliffe, John", 
    "state": "TX", 
    "thomas_id": "02268", 
    "title": "Rep", 
    "type": "person"
  }, 
  "status": "pass", 
  "status_at": "2015-04-29T19:18:22-04:00", 
  "updated_at": "2016-08-01T13:27:20Z"
}