{
  "actions": [
    {
      "acted_at": "2015-06-09T21:33:25-04:00", 
      "action_code": "H32111", 
      "how": "by voice vote", 
      "references": [], 
      "result": "pass", 
      "text": "On agreeing to the Denham amendment (A074) Agreed to by voice vote.", 
      "type": "vote", 
      "vote_type": "vote", 
      "where": "h"
    }, 
    {
      "acted_at": "2015-06-09T21:26:06-04:00", 
      "action_code": "H3A100", 
      "references": [
        {
          "reference": "CR H3984-3985", 
          "type": "consideration"
        }, 
        {
          "reference": "CR H3984", 
          "type": "text"
        }
      ], 
      "text": "Amendment (A074) offered by Mr. Denham.", 
      "type": "action"
    }, 
    {
      "acted_at": "2015-06-09", 
      "action_code": "", 
      "references": [], 
      "text": "", 
      "type": "action"
    }, 
    {
      "acted_at": "2015-06-09", 
      "action_code": "71000", 
      "references": [], 
      "text": "House amendment offered", 
      "type": "action"
    }, 
    {
      "acted_at": "2015-06-09T21:26:06-04:00", 
      "action_code": "71500", 
      "references": [
        {
          "reference": "CR H3984-3985", 
          "type": "consideration"
        }, 
        {
          "reference": "CR H3984", 
          "type": "text"
        }
      ], 
      "text": "House amendment offered/reported by : Amendment (A074) offered by Mr. Denham.", 
      "type": "action"
    }, 
    {
      "acted_at": "2015-06-09T21:33:25-04:00", 
      "action_code": "72000", 
      "references": [], 
      "text": "House amendment agreed to: On agreeing to the Denham amendment (A074) Agreed to by voice vote.", 
      "type": "action"
    }, 
    {
      "acted_at": "2015-06-09T21:33:25-04:00", 
      "action_code": "76000", 
      "references": [], 
      "text": "Amendment agreed to Committee of the Whole", 
      "type": "action"
    }
  ], 
  "amendment_id": "hamdt434-114", 
  "amendment_type": "hamdt", 
  "amends_amendment": null, 
  "amends_bill": {
    "bill_id": "hr2577-114", 
    "bill_type": "hr", 
    "congress": 114, 
    "number": 2577
  }, 
  "amends_treaty": null, 
  "chamber": "h", 
  "congress": "114", 
  "description": "Amendment to prohibit the use of funds for high-speed rail in the State of California or for the California High-Speed Rail Authority, nor may any funds be used by the Federal Railroad Administration to administer a grant agreement with the California High-Speed Rail Authority that contains a tapered matching requirement.", 
  "introduced_at": "2015-06-09", 
  "number": 434, 
  "purpose": "An amendment to prohibit the use of funds for high-speed rail in the State of California or for the California High-Speed Rail Authority, nor may any funds be used by the Federal Railroad Administration to administer a grant agreement with the California High-Speed Rail Authority that contains a tapered matching requirement.", 
  "sponsor": {
    "bioguide_id": "D000612", 
    "district": "10", 
    "name": "Denham, Jeff", 
    "state": "CA", 
    "thomas_id": "01995", 
    "title": "Rep", 
    "type": "person"
  }, 
  "status": "pass", 
  "status_at": "2015-06-09T21:33:25-04:00", 
  "updated_at": "2016-08-26T08:52:19Z"
}