{
  "actions": [
    {
      "acted_at": "2015-06-03T20:11:27-04:00", 
      "action_code": "H32111", 
      "how": "by voice vote", 
      "references": [], 
      "result": "pass", 
      "text": "On agreeing to the Meehan amendment (A003) Agreed to by voice vote.", 
      "type": "vote", 
      "vote_type": "vote", 
      "where": "h"
    }, 
    {
      "acted_at": "2015-06-03T20:08:18-04:00", 
      "action_code": "H3A100", 
      "references": [
        {
          "reference": "CR H3832", 
          "type": "consideration"
        }, 
        {
          "reference": "CR H3832", 
          "type": "text"
        }
      ], 
      "text": "Amendment (A003) offered by Mr. Meehan.", 
      "type": "action"
    }, 
    {
      "acted_at": "2015-06-03", 
      "action_code": "", 
      "references": [], 
      "text": "", 
      "type": "action"
    }, 
    {
      "acted_at": "2015-06-03", 
      "action_code": "71000", 
      "references": [], 
      "text": "House amendment offered", 
      "type": "action"
    }, 
    {
      "acted_at": "2015-06-03T20:08:18-04:00", 
      "action_code": "71500", 
      "references": [
        {
          "reference": "CR H3832", 
          "type": "consideration"
        }, 
        {
          "reference": "CR H3832", 
          "type": "text"
        }
      ], 
      "text": "House amendment offered/reported by : Amendment (A003) offered by Mr. Meehan.", 
      "type": "action"
    }, 
    {
      "acted_at": "2015-06-03T20:11:27-04:00", 
      "action_code": "72000", 
      "references": [], 
      "text": "House amendment agreed to: On agreeing to the Meehan amendment (A003) Agreed to by voice vote.", 
      "type": "action"
    }, 
    {
      "acted_at": "2015-06-03T20:11:27-04:00", 
      "action_code": "76000", 
      "references": [], 
      "text": "Amendment agreed to Committee of the Whole", 
      "type": "action"
    }
  ], 
  "amendment_id": "hamdt358-114", 
  "amendment_type": "hamdt", 
  "amends_amendment": null, 
  "amends_bill": {
    "bill_id": "hr2577-114", 
    "bill_type": "hr", 
    "congress": 114, 
    "number": 2577
  }, 
  "amends_treaty": null, 
  "chamber": "h", 
  "congress": "114", 
  "description": "Amendment increases funding for the Federal Railroad Administration by $3.5 million for additional cars to inspect the more than 14,000 miles of crude oil rail routes nationwide.", 
  "introduced_at": "2015-06-03", 
  "number": 358, 
  "purpose": "An amendment to increase funding for the Federal Railroad Administration Safety and Operations by $3.5 million and to reduce funding for the Office of the Secretary Salaries and Expenses by $4 million.", 
  "sponsor": {
    "bioguide_id": "M001181", 
    "district": "7", 
    "name": "Meehan, Patrick", 
    "state": "PA", 
    "thomas_id": "02052", 
    "title": "Rep", 
    "type": "person"
  }, 
  "status": "pass", 
  "status_at": "2015-06-03T20:11:27-04:00", 
  "updated_at": "2016-08-26T08:52:18Z"
}