{
  "actions": [
    {
      "acted_at": "2015-04-29T18:58:00-04:00", 
      "action_code": "H32130", 
      "references": [], 
      "text": "Mr. Dent raised a point of order against the Pocan amendment (A029). Mr. Dent stated that the provisions of the Pocan amendment sought to change existing law by imposing new duties and constituted legislation in an appropriations bill. The Chair sustained the point of order.", 
      "type": "action"
    }, 
    {
      "acted_at": "2015-04-29T18:55:04-04:00", 
      "action_code": "H3A100", 
      "references": [
        {
          "reference": "CR H2613-2614", 
          "type": "consideration"
        }, 
        {
          "reference": "CR H2613", 
          "type": "text"
        }
      ], 
      "text": "Amendment (A029) offered by Mr. Pocan.", 
      "type": "action"
    }, 
    {
      "acted_at": "2015-04-29", 
      "action_code": "", 
      "references": [], 
      "text": "", 
      "type": "action"
    }, 
    {
      "acted_at": "2015-04-29", 
      "action_code": "71000", 
      "references": [], 
      "text": "House amendment offered", 
      "type": "action"
    }, 
    {
      "acted_at": "2015-04-29T18:55:04-04:00", 
      "action_code": "71500", 
      "references": [
        {
          "reference": "CR H2613-2614", 
          "type": "consideration"
        }, 
        {
          "reference": "CR H2613", 
          "type": "text"
        }
      ], 
      "text": "House amendment offered/reported by : Amendment (A029) offered by Mr. Pocan.", 
      "type": "action"
    }
  ], 
  "amendment_id": "hamdt136-114", 
  "amendment_type": "hamdt", 
  "amends_amendment": null, 
  "amends_bill": {
    "bill_id": "hr2029-114", 
    "bill_type": "hr", 
    "congress": 114, 
    "number": 2029
  }, 
  "amends_treaty": null, 
  "chamber": "h", 
  "congress": "114", 
  "description": null, 
  "introduced_at": "2015-04-29", 
  "number": 136, 
  "purpose": "An amendment to prohibit use of funds to withold any report of an Inspector General from any member of Congress in any case where the member of Congress has requested that such report be provided.", 
  "sponsor": {
    "bioguide_id": "P000607", 
    "district": "2", 
    "name": "Pocan, Mark", 
    "state": "WI", 
    "thomas_id": "02171", 
    "title": "Rep", 
    "type": "person"
  }, 
  "status": "offered", 
  "status_at": "2015-04-29", 
  "updated_at": "2016-08-01T13:27:20Z"
}