{
  "actions": [
    {
      "acted_at": "2015-06-11T14:32:59-04:00", 
      "action_code": "H32111", 
      "how": "roll", 
      "references": [
        {
          "reference": "CR H4224", 
          "type": "consideration"
        }
      ], 
      "result": "fail", 
      "roll": 355, 
      "text": "On agreeing to the Smith (MO) amendment (A060) Failed by recorded vote: 133 - 297 (Roll no. 355).", 
      "type": "vote", 
      "vote_type": "vote", 
      "where": "h"
    }, 
    {
      "acted_at": "2015-06-11T01:02:41-04:00", 
      "action_code": "H3A100", 
      "references": [
        {
          "reference": "CR 06/10/2015 H4128-4129", 
          "type": "consideration"
        }, 
        {
          "reference": "CR 06/10/2015 H4128", 
          "type": "text"
        }
      ], 
      "text": "Amendment (A060) offered by Mr. Smith (MO).", 
      "type": "action"
    }, 
    {
      "acted_at": "2015-06-11", 
      "action_code": "", 
      "references": [], 
      "text": "", 
      "type": "action"
    }, 
    {
      "acted_at": "2015-06-11", 
      "action_code": "71000", 
      "references": [], 
      "text": "House amendment offered", 
      "type": "action"
    }, 
    {
      "acted_at": "2015-06-11T01:02:41-04:00", 
      "action_code": "71500", 
      "references": [
        {
          "reference": "CR 06/10/2015 H4128-4129", 
          "type": "consideration"
        }, 
        {
          "reference": "CR 06/10/2015 H4128", 
          "type": "text"
        }
      ], 
      "text": "House amendment offered/reported by : Amendment (A060) offered by Mr. Smith (MO).", 
      "type": "action"
    }, 
    {
      "acted_at": "2015-06-11T14:32:59-04:00", 
      "action_code": "73000", 
      "references": [
        {
          "reference": "CR H4224", 
          "type": "consideration"
        }
      ], 
      "text": "House amendment not agreed to: On agreeing to the Smith (MO) amendment (A060) Failed by recorded vote: 133 - 297 (Roll no. 355).", 
      "type": "action"
    }, 
    {
      "acted_at": "2015-06-11T14:32:59-04:00", 
      "action_code": "75000", 
      "references": [], 
      "text": "Roll call votes on amendments in House", 
      "type": "action"
    }, 
    {
      "acted_at": "2015-06-11T14:32:59-04:00", 
      "action_code": "77000", 
      "references": [], 
      "text": "Amendment failed in Committee of the Whole", 
      "type": "action"
    }
  ], 
  "amendment_id": "hamdt500-114", 
  "amendment_type": "hamdt", 
  "amends_amendment": null, 
  "amends_bill": {
    "bill_id": "hr2685-114", 
    "bill_type": "hr", 
    "congress": 114, 
    "number": 2685
  }, 
  "amends_treaty": null, 
  "chamber": "h", 
  "congress": "114", 
  "description": "Amendment sought to prohibit use of funds to provide for defense counsel for any foreign terrorists detained at Guantanamo Bay.", 
  "introduced_at": "2015-06-11", 
  "number": 500, 
  "purpose": "An amendment to prohibit use of funds to provide for defense counsel for any individual described in section 8101(c).", 
  "sponsor": {
    "bioguide_id": "S001195", 
    "district": "8", 
    "name": "Smith, Jason", 
    "state": "MO", 
    "thomas_id": "02191", 
    "title": "Rep", 
    "type": "person"
  }, 
  "status": "fail", 
  "status_at": "2015-06-11T14:32:59-04:00", 
  "updated_at": "2016-08-01T13:27:47Z"
}