{
  "actions": [
    {
      "acted_at": "2015-02-26T20:01:00-05:00", 
      "action_code": "H32111", 
      "how": "by voice vote", 
      "references": [], 
      "result": "pass", 
      "text": "On agreeing to the Clark (MA) amendment (A017) Agreed to by voice vote.", 
      "type": "vote", 
      "vote_type": "vote", 
      "where": "h"
    }, 
    {
      "acted_at": "2015-02-26T19:56:11-05:00", 
      "action_code": "H3A100", 
      "references": [
        {
          "reference": "CR H1272-1273", 
          "type": "consideration"
        }, 
        {
          "reference": "CR H1272", 
          "type": "text"
        }
      ], 
      "text": "Amendment (A017) offered by Ms. Clark (MA).", 
      "type": "action"
    }, 
    {
      "acted_at": "2015-02-26", 
      "action_code": "", 
      "references": [], 
      "text": "", 
      "type": "action"
    }, 
    {
      "acted_at": "2015-02-26", 
      "action_code": "71000", 
      "references": [], 
      "text": "House amendment offered", 
      "type": "action"
    }, 
    {
      "acted_at": "2015-02-26T19:56:11-05:00", 
      "action_code": "71500", 
      "references": [
        {
          "reference": "CR H1272-1273", 
          "type": "consideration"
        }, 
        {
          "reference": "CR H1272", 
          "type": "text"
        }
      ], 
      "text": "House amendment offered/reported by : Amendment (A017) offered by Ms. Clark (MA).", 
      "type": "action"
    }, 
    {
      "acted_at": "2015-02-26T20:01:00-05:00", 
      "action_code": "72000", 
      "references": [], 
      "text": "House amendment agreed to: On agreeing to the Clark (MA) amendment (A017) Agreed to by voice vote.", 
      "type": "action"
    }, 
    {
      "acted_at": "2015-02-26T20:01:00-05:00", 
      "action_code": "76000", 
      "references": [], 
      "text": "Amendment agreed to Committee of the Whole", 
      "type": "action"
    }
  ], 
  "amendment_id": "hamdt40-114", 
  "amendment_type": "hamdt", 
  "amends_amendment": null, 
  "amends_bill": {
    "bill_id": "hr5-114", 
    "bill_type": "hr", 
    "congress": 114, 
    "number": 5
  }, 
  "amends_treaty": null, 
  "chamber": "h", 
  "congress": "114", 
  "description": "Amendment clarifies that professional development for early grade teachers is an acceptable use of funds under the bill.", 
  "introduced_at": "2015-02-26", 
  "number": 40, 
  "purpose": "An amendment numbered 17 printed in Part B of House Report 114-29 to clarify that early childhood education-focused professional development is an acceptable use of funds.", 
  "sponsor": {
    "bioguide_id": "C001101", 
    "district": "5", 
    "name": "Clark, Katherine M.", 
    "state": "MA", 
    "thomas_id": "02196", 
    "title": "Rep", 
    "type": "person"
  }, 
  "status": "pass", 
  "status_at": "2015-02-26T20:01:00-05:00", 
  "updated_at": "2016-08-01T13:26:00Z"
}