{
  "actions": [
    {
      "acted_at": "2015-05-01T09:14:28-04:00", 
      "action_code": "H32111", 
      "how": "by voice vote", 
      "references": [], 
      "result": "pass", 
      "text": "On agreeing to the Duncan (SC) amendment (A061) Agreed to by voice vote.", 
      "type": "vote", 
      "vote_type": "vote", 
      "where": "h"
    }, 
    {
      "acted_at": "2015-05-01T09:11:30-04:00", 
      "action_code": "H3A100", 
      "references": [
        {
          "reference": "CR H2776-2777", 
          "type": "consideration"
        }, 
        {
          "reference": "CR H2776", 
          "type": "text"
        }
      ], 
      "text": "Amendment (A061) offered by Mr. Duncan (SC).", 
      "type": "action"
    }, 
    {
      "acted_at": "2015-05-01", 
      "action_code": "", 
      "references": [], 
      "text": "", 
      "type": "action"
    }, 
    {
      "acted_at": "2015-05-01", 
      "action_code": "71000", 
      "references": [], 
      "text": "House amendment offered", 
      "type": "action"
    }, 
    {
      "acted_at": "2015-05-01T09:11:30-04:00", 
      "action_code": "71500", 
      "references": [
        {
          "reference": "CR H2776-2777", 
          "type": "consideration"
        }, 
        {
          "reference": "CR H2776", 
          "type": "text"
        }
      ], 
      "text": "House amendment offered/reported by : Amendment (A061) offered by Mr. Duncan (SC).", 
      "type": "action"
    }, 
    {
      "acted_at": "2015-05-01T09:14:28-04:00", 
      "action_code": "72000", 
      "references": [], 
      "text": "House amendment agreed to: On agreeing to the Duncan (SC) amendment (A061) Agreed to by voice vote.", 
      "type": "action"
    }, 
    {
      "acted_at": "2015-05-01T09:14:28-04:00", 
      "action_code": "76000", 
      "references": [], 
      "text": "Amendment agreed to Committee of the Whole", 
      "type": "action"
    }
  ], 
  "amendment_id": "hamdt211-114", 
  "amendment_type": "hamdt", 
  "amends_amendment": null, 
  "amends_bill": {
    "bill_id": "hr2028-114", 
    "bill_type": "hr", 
    "congress": 114, 
    "number": 2028
  }, 
  "amends_treaty": null, 
  "chamber": "h", 
  "congress": "114", 
  "description": "Amendment provides additional funds for the deepening of ports and harbors, including the Charleston Port in South Carolina.", 
  "introduced_at": "2015-05-01", 
  "number": 211, 
  "purpose": "An amendment to appropriate additional funds for \"Corps of Engineers, Civil, Department of the Army, Investigations\" by reducing funds for Department of Energy, Energy Programs, Departmental Administration\" by $2,500,000.", 
  "sponsor": {
    "bioguide_id": "D000615", 
    "district": "3", 
    "name": "Duncan, Jeff", 
    "state": "SC", 
    "thomas_id": "02057", 
    "title": "Rep", 
    "type": "person"
  }, 
  "status": "pass", 
  "status_at": "2015-05-01T09:14:28-04:00", 
  "updated_at": "2016-08-01T13:27:19Z"
}