{
  "actions": [
    {
      "acted_at": "2015-05-14T18:10:55-04:00", 
      "action_code": "H32111", 
      "how": "by voice vote", 
      "references": [], 
      "result": "pass", 
      "text": "On agreeing to the Hunter amendment (A008) Agreed to by voice vote.", 
      "type": "vote", 
      "vote_type": "vote", 
      "where": "h"
    }, 
    {
      "acted_at": "2015-05-14T18:03:01-04:00", 
      "action_code": "H3A100", 
      "references": [
        {
          "reference": "CR H3170-3172", 
          "type": "consideration"
        }, 
        {
          "reference": "CR H3170-3171", 
          "type": "text"
        }
      ], 
      "text": "Amendment (A008) offered by Mr. Hunter.", 
      "type": "action"
    }, 
    {
      "acted_at": "2015-05-14", 
      "action_code": "", 
      "references": [], 
      "text": "", 
      "type": "action"
    }, 
    {
      "acted_at": "2015-05-14", 
      "action_code": "71000", 
      "references": [], 
      "text": "House amendment offered", 
      "type": "action"
    }, 
    {
      "acted_at": "2015-05-14T18:03:01-04:00", 
      "action_code": "71500", 
      "references": [
        {
          "reference": "CR H3170-3172", 
          "type": "consideration"
        }, 
        {
          "reference": "CR H3170-3171", 
          "type": "text"
        }
      ], 
      "text": "House amendment offered/reported by : Amendment (A008) offered by Mr. Hunter.", 
      "type": "action"
    }, 
    {
      "acted_at": "2015-05-14T18:10:55-04:00", 
      "action_code": "72000", 
      "references": [], 
      "text": "House amendment agreed to: On agreeing to the Hunter amendment (A008) Agreed to by voice vote.", 
      "type": "action"
    }, 
    {
      "acted_at": "2015-05-14T18:10:55-04:00", 
      "action_code": "76000", 
      "references": [], 
      "text": "Amendment agreed to Committee of the Whole", 
      "type": "action"
    }
  ], 
  "amendment_id": "hamdt223-114", 
  "amendment_type": "hamdt", 
  "amends_amendment": null, 
  "amends_bill": {
    "bill_id": "hr1735-114", 
    "bill_type": "hr", 
    "congress": 114, 
    "number": 1735
  }, 
  "amends_treaty": null, 
  "chamber": "h", 
  "congress": "114", 
  "description": "Amendment establishes an Interagency Hostage Recovery Coordinator to direct hostage rescue efforts.", 
  "introduced_at": "2015-05-14", 
  "number": 223, 
  "purpose": "An amendment numbered 21 printed in House Report 114-112 to establish an Interagency Hostage Recovery Coordinator to direct hostage rescue efforts.", 
  "sponsor": {
    "bioguide_id": "H001048", 
    "district": "50", 
    "name": "Hunter, Duncan D.", 
    "state": "CA", 
    "thomas_id": "01909", 
    "title": "Rep", 
    "type": "person"
  }, 
  "status": "pass", 
  "status_at": "2015-05-14T18:10:55-04:00", 
  "updated_at": "2016-06-15T13:41:50Z"
}