{
  "actions": [
    {
      "acted_at": "2015-04-29T19:02:42-04:00", 
      "action_code": "H32111", 
      "how": "by voice vote", 
      "references": [], 
      "result": "pass", 
      "text": "On agreeing to the Noem amendment (A030) Agreed to by voice vote.", 
      "type": "vote", 
      "vote_type": "vote", 
      "where": "h"
    }, 
    {
      "acted_at": "2015-04-29T18:59:45-04:00", 
      "action_code": "H3A100", 
      "references": [
        {
          "reference": "CR H2614", 
          "type": "consideration"
        }, 
        {
          "reference": "CR H2614", 
          "type": "text"
        }
      ], 
      "text": "Amendment (A030) offered by Mrs. Noem.", 
      "type": "action"
    }, 
    {
      "acted_at": "2015-04-29", 
      "action_code": "", 
      "references": [], 
      "text": "", 
      "type": "action"
    }, 
    {
      "acted_at": "2015-04-29", 
      "action_code": "71000", 
      "references": [], 
      "text": "House amendment offered", 
      "type": "action"
    }, 
    {
      "acted_at": "2015-04-29T18:59:45-04:00", 
      "action_code": "71500", 
      "references": [
        {
          "reference": "CR H2614", 
          "type": "consideration"
        }, 
        {
          "reference": "CR H2614", 
          "type": "text"
        }
      ], 
      "text": "House amendment offered/reported by : Amendment (A030) offered by Mrs. Noem.", 
      "type": "action"
    }, 
    {
      "acted_at": "2015-04-29T19:02:42-04:00", 
      "action_code": "72000", 
      "references": [], 
      "text": "House amendment agreed to: On agreeing to the Noem amendment (A030) Agreed to by voice vote.", 
      "type": "action"
    }, 
    {
      "acted_at": "2015-04-29T19:02:42-04:00", 
      "action_code": "76000", 
      "references": [], 
      "text": "Amendment agreed to Committee of the Whole", 
      "type": "action"
    }
  ], 
  "amendment_id": "hamdt137-114", 
  "amendment_type": "hamdt", 
  "amends_amendment": null, 
  "amends_bill": {
    "bill_id": "hr2029-114", 
    "bill_type": "hr", 
    "congress": 114, 
    "number": 2029
  }, 
  "amends_treaty": null, 
  "chamber": "h", 
  "congress": "114", 
  "description": "Amendment prohibits use of funds by the VA to curtail healthcare services at historic facilities located in rural areas.", 
  "introduced_at": "2015-04-29", 
  "number": 137, 
  "purpose": "An amendment to prohibit use of funds to end, suspend, or relocate, hospital-based services with respect to a VA health care facility that is the subject of an environmental impact statement, designated as a National Historic Landmark, or located in a highly rural area.", 
  "sponsor": {
    "bioguide_id": "N000184", 
    "district": null, 
    "name": "Noem, Kristi L.", 
    "state": "SD", 
    "thomas_id": "02060", 
    "title": "Rep", 
    "type": "person"
  }, 
  "status": "pass", 
  "status_at": "2015-04-29T19:02:42-04:00", 
  "updated_at": "2016-08-01T13:27:20Z"
}