{
  "actions": [
    {
      "acted_at": "2015-06-02T23:07:56-04:00", 
      "action_code": "H32111", 
      "how": "by voice vote", 
      "references": [], 
      "result": "fail", 
      "text": "On agreeing to the Blumenauer amendment (A051) Failed by voice vote.", 
      "type": "vote", 
      "vote_type": "vote", 
      "where": "h"
    }, 
    {
      "acted_at": "2015-06-02T22:57:21-04:00", 
      "action_code": "H3A100", 
      "references": [
        {
          "reference": "CR H3734-3735", 
          "type": "consideration"
        }, 
        {
          "reference": "CR H3734", 
          "type": "text"
        }
      ], 
      "text": "Amendment (A051) offered by Mr. Blumenauer.", 
      "type": "action"
    }, 
    {
      "acted_at": "2015-06-02", 
      "action_code": "", 
      "references": [], 
      "text": "", 
      "type": "action"
    }, 
    {
      "acted_at": "2015-06-02", 
      "action_code": "71000", 
      "references": [], 
      "text": "House amendment offered", 
      "type": "action"
    }, 
    {
      "acted_at": "2015-06-02T22:57:21-04:00", 
      "action_code": "71500", 
      "references": [
        {
          "reference": "CR H3734-3735", 
          "type": "consideration"
        }, 
        {
          "reference": "CR H3734", 
          "type": "text"
        }
      ], 
      "text": "House amendment offered/reported by : Amendment (A051) offered by Mr. Blumenauer.", 
      "type": "action"
    }, 
    {
      "acted_at": "2015-06-02T23:07:56-04:00", 
      "action_code": "73000", 
      "references": [], 
      "text": "House amendment not agreed to: On agreeing to the Blumenauer amendment (A051) Failed by voice vote.", 
      "type": "action"
    }, 
    {
      "acted_at": "2015-06-02T23:07:56-04:00", 
      "action_code": "77000", 
      "references": [], 
      "text": "Amendment failed in Committee of the Whole", 
      "type": "action"
    }
  ], 
  "amendment_id": "hamdt319-114", 
  "amendment_type": "hamdt", 
  "amends_amendment": null, 
  "amends_bill": {
    "bill_id": "hr2578-114", 
    "bill_type": "hr", 
    "congress": 114, 
    "number": 2578
  }, 
  "amends_treaty": null, 
  "chamber": "h", 
  "congress": "114", 
  "description": "Amendment sought to prohibit use of funds by the DEA to enforce inspections of physicians who prescribe buprenorphine for treatment of patients who are at-risk of addiction.", 
  "introduced_at": "2015-06-02", 
  "number": 319, 
  "purpose": "An amendment to prohibit the use of funds for any inspection under the Controlled Substances Act with respect to narcotic drugs or combinations of such drugs, being dispensed for maintenance or detoxification treatment.", 
  "sponsor": {
    "bioguide_id": "B000574", 
    "district": "3", 
    "name": "Blumenauer, Earl", 
    "state": "OR", 
    "thomas_id": "00099", 
    "title": "Rep", 
    "type": "person"
  }, 
  "status": "fail", 
  "status_at": "2015-06-02T23:07:56-04:00", 
  "updated_at": "2016-08-01T13:27:41Z"
}