{
  "actions": [
    {
      "acted_at": "2015-04-29T23:02:54-04:00", 
      "action_code": "H32140", 
      "references": [
        {
          "reference": "CR H2648", 
          "type": "consideration"
        }
      ], 
      "text": "By unanimous consent, the Perry amendment was withdrawn.", 
      "type": "action"
    }, 
    {
      "acted_at": "2015-04-29T22:57:39-04:00", 
      "action_code": "H3A100", 
      "references": [
        {
          "reference": "CR H2647-2648", 
          "type": "consideration"
        }, 
        {
          "reference": "CR H2647", 
          "type": "text"
        }
      ], 
      "text": "Amendment (A018) offered by Mr. Perry.", 
      "type": "action"
    }, 
    {
      "acted_at": "2015-04-29", 
      "action_code": "", 
      "references": [], 
      "text": "", 
      "type": "action"
    }, 
    {
      "acted_at": "2015-04-29", 
      "action_code": "71000", 
      "references": [], 
      "text": "House amendment offered", 
      "type": "action"
    }, 
    {
      "acted_at": "2015-04-29T22:57:39-04:00", 
      "action_code": "71500", 
      "references": [
        {
          "reference": "CR H2647-2648", 
          "type": "consideration"
        }, 
        {
          "reference": "CR H2647", 
          "type": "text"
        }
      ], 
      "text": "House amendment offered/reported by : Amendment (A018) offered by Mr. Perry.", 
      "type": "action"
    }
  ], 
  "amendment_id": "hamdt168-114", 
  "amendment_type": "hamdt", 
  "amends_amendment": null, 
  "amends_bill": {
    "bill_id": "hr2028-114", 
    "bill_type": "hr", 
    "congress": 114, 
    "number": 2028
  }, 
  "amends_treaty": null, 
  "chamber": "h", 
  "congress": "114", 
  "description": null, 
  "introduced_at": "2015-04-29", 
  "number": 168, 
  "purpose": "An amendment to increase funding for Energy Efficiency and Renewable Energy by $22,300,000 and to reduce funding for Departmental Administration by a similar amount.", 
  "sponsor": {
    "bioguide_id": "P000605", 
    "district": "4", 
    "name": "Perry, Scott", 
    "state": "PA", 
    "thomas_id": "02157", 
    "title": "Rep", 
    "type": "person"
  }, 
  "status": "offered", 
  "status_at": "2015-04-29", 
  "updated_at": "2016-08-01T13:27:19Z"
}