{
  "actions": [
    {
      "acted_at": "2015-04-29T15:18:39-04:00", 
      "action_code": "H32130", 
      "references": [], 
      "text": "Mr. Dent raised a point of order against the Bishop (GA) amendment (A001). Mr. Dent stated that the amendment sought to strike portions of the bill not yet read. The Chair sustained the point of order.", 
      "type": "action"
    }, 
    {
      "acted_at": "2015-04-29T15:15:21-04:00", 
      "action_code": "H3A100", 
      "references": [
        {
          "reference": "CR H2583-2586", 
          "type": "consideration"
        }, 
        {
          "reference": "CR H2583", 
          "type": "text"
        }
      ], 
      "text": "Amendment (A001) offered by Mr. Bishop (GA).", 
      "type": "action"
    }, 
    {
      "acted_at": "2015-04-29", 
      "action_code": "", 
      "references": [], 
      "text": "", 
      "type": "action"
    }, 
    {
      "acted_at": "2015-04-29", 
      "action_code": "71000", 
      "references": [], 
      "text": "House amendment offered", 
      "type": "action"
    }, 
    {
      "acted_at": "2015-04-29T15:15:21-04:00", 
      "action_code": "71500", 
      "references": [
        {
          "reference": "CR H2583-2586", 
          "type": "consideration"
        }, 
        {
          "reference": "CR H2583", 
          "type": "text"
        }
      ], 
      "text": "House amendment offered/reported by : Amendment (A001) offered by Mr. Bishop (GA).", 
      "type": "action"
    }
  ], 
  "amendment_id": "hamdt108-114", 
  "amendment_type": "hamdt", 
  "amends_amendment": null, 
  "amends_bill": {
    "bill_id": "hr2029-114", 
    "bill_type": "hr", 
    "congress": 114, 
    "number": 2029
  }, 
  "amends_treaty": null, 
  "chamber": "h", 
  "congress": "114", 
  "description": null, 
  "introduced_at": "2015-04-29", 
  "number": 108, 
  "purpose": "An amendment to decrease and then increase funding for military construction, army, by $1; to increase funding for VHA medical services by $154,643,000; to increase funding for medical support and compliance by $69,691,000; to increase funding for medical facilities by $105,132,000; to increase funding for Departmental Administration by $10 million; to increase funding for information technology systems by $95 million; increase funding for major project construction by $582 million; and to strike Secs. 233, 238 and 240, each of which provides for a recession of funds.", 
  "sponsor": {
    "bioguide_id": "B000490", 
    "district": "2", 
    "name": "Bishop, Sanford D., Jr.", 
    "state": "GA", 
    "thomas_id": "00091", 
    "title": "Rep", 
    "type": "person"
  }, 
  "status": "offered", 
  "status_at": "2015-04-29", 
  "updated_at": "2016-08-01T13:27:20Z"
}