{
  "actions": [
    {
      "acted_at": "2015-04-30T15:53:43-04:00", 
      "action_code": "H32111", 
      "how": "by voice vote", 
      "references": [], 
      "result": "fail", 
      "text": "On agreeing to the Titus amendment (A027) Failed by voice vote.", 
      "type": "vote", 
      "vote_type": "vote", 
      "where": "h"
    }, 
    {
      "acted_at": "2015-04-30T15:46:05-04:00", 
      "action_code": "H3A100", 
      "references": [
        {
          "reference": "CR H2689-2691", 
          "type": "consideration"
        }, 
        {
          "reference": "CR H2689", 
          "type": "text"
        }
      ], 
      "text": "Amendment (A027) offered by Ms. Titus.", 
      "type": "action"
    }, 
    {
      "acted_at": "2015-04-30", 
      "action_code": "", 
      "references": [], 
      "text": "", 
      "type": "action"
    }, 
    {
      "acted_at": "2015-04-30", 
      "action_code": "71000", 
      "references": [], 
      "text": "House amendment offered", 
      "type": "action"
    }, 
    {
      "acted_at": "2015-04-30T15:46:05-04:00", 
      "action_code": "71500", 
      "references": [
        {
          "reference": "CR H2689-2691", 
          "type": "consideration"
        }, 
        {
          "reference": "CR H2689", 
          "type": "text"
        }
      ], 
      "text": "House amendment offered/reported by : Amendment (A027) offered by Ms. Titus.", 
      "type": "action"
    }, 
    {
      "acted_at": "2015-04-30T15:53:43-04:00", 
      "action_code": "73000", 
      "references": [], 
      "text": "House amendment not agreed to: On agreeing to the Titus amendment (A027) Failed by voice vote.", 
      "type": "action"
    }, 
    {
      "acted_at": "2015-04-30T15:53:43-04:00", 
      "action_code": "77000", 
      "references": [], 
      "text": "Amendment failed in Committee of the Whole", 
      "type": "action"
    }
  ], 
  "amendment_id": "hamdt177-114", 
  "amendment_type": "hamdt", 
  "amends_amendment": null, 
  "amends_bill": {
    "bill_id": "hr2028-114", 
    "bill_type": "hr", 
    "congress": 114, 
    "number": 2028
  }, 
  "amends_treaty": null, 
  "chamber": "h", 
  "congress": "114", 
  "description": "Amendment sought to reduce funding for Nuclear Waste Disposal by $150 million and to apply the savings to the spending reduction account.", 
  "introduced_at": "2015-04-30", 
  "number": 177, 
  "purpose": "An amendment to reduce funding for Nuclear Waste Disposal by $150 million and to apply the savings to the spending reduction account.", 
  "sponsor": {
    "bioguide_id": "T000468", 
    "district": "1", 
    "name": "Titus, Dina", 
    "state": "NV", 
    "thomas_id": "01940", 
    "title": "Rep", 
    "type": "person"
  }, 
  "status": "fail", 
  "status_at": "2015-04-30T15:53:43-04:00", 
  "updated_at": "2016-08-01T13:27:19Z"
}