{
  "actions": [
    {
      "acted_at": "2015-05-14T20:23:21-04:00", 
      "action_code": "H32111", 
      "how": "by voice vote", 
      "references": [], 
      "result": "pass", 
      "text": "On agreeing to the Thornberry amendments (A014) Agreed to by voice vote.", 
      "type": "vote", 
      "vote_type": "vote", 
      "where": "h"
    }, 
    {
      "acted_at": "2015-05-14T20:12:17-04:00", 
      "action_code": "H3A100", 
      "references": [
        {
          "reference": "CR H3187-3190", 
          "type": "consideration"
        }, 
        {
          "reference": "CR H3187-3189", 
          "type": "text en bloc"
        }
      ], 
      "text": "Amendments en bloc (A014) offered by Mr. Thornberry.", 
      "type": "action"
    }, 
    {
      "acted_at": "2015-05-14", 
      "action_code": "", 
      "references": [], 
      "text": "", 
      "type": "action"
    }, 
    {
      "acted_at": "2015-05-14", 
      "action_code": "71000", 
      "references": [], 
      "text": "House amendment offered", 
      "type": "action"
    }, 
    {
      "acted_at": "2015-05-14T20:12:17-04:00", 
      "action_code": "71500", 
      "references": [
        {
          "reference": "CR H3187-3190", 
          "type": "consideration"
        }, 
        {
          "reference": "CR H3187-3189", 
          "type": "text en bloc"
        }
      ], 
      "text": "House amendment offered/reported by : Amendments en bloc (A014) offered by Mr. Thornberry.", 
      "type": "action"
    }, 
    {
      "acted_at": "2015-05-14T20:23:21-04:00", 
      "action_code": "72000", 
      "references": [], 
      "text": "House amendment agreed to: On agreeing to the Thornberry amendments (A014) Agreed to by voice vote.", 
      "type": "action"
    }, 
    {
      "acted_at": "2015-05-14T20:23:21-04:00", 
      "action_code": "76000", 
      "references": [], 
      "text": "Amendment agreed to Committee of the Whole", 
      "type": "action"
    }
  ], 
  "amendment_id": "hamdt229-114", 
  "amendment_type": "hamdt", 
  "amends_amendment": null, 
  "amends_bill": {
    "bill_id": "hr1735-114", 
    "bill_type": "hr", 
    "congress": 114, 
    "number": 1735
  }, 
  "amends_treaty": null, 
  "chamber": "h", 
  "congress": "114", 
  "description": "Amendments en bloc comprised of amendments numbered 37, 39, 42, 44, 45, 46, 51, 53, 54, 55, 56, 57, 59, 63, 64 and 66 printed in House Report 114-112. See page D542 of the Congressional Record of May 14, 2015 for description of en bloc amendments.", 
  "introduced_at": "2015-05-14", 
  "number": 229, 
  "purpose": "An amendment comprised of amendments Nos. 37, 39, 42, 44, 45, 46, 51, 53, 54, 55, 56, 57, 59, 63, 64 and 66 printed in House Report 114-112 offered enbloc.", 
  "sponsor": {
    "bioguide_id": "T000238", 
    "district": "13", 
    "name": "Thornberry, Mac", 
    "state": "TX", 
    "thomas_id": "01155", 
    "title": "Rep", 
    "type": "person"
  }, 
  "status": "pass", 
  "status_at": "2015-05-14T20:23:21-04:00", 
  "updated_at": "2016-06-15T13:41:50Z"
}