{
  "actions": [
    {
      "acted_at": "2015-05-01T09:58:26-04:00", 
      "action_code": "H32111", 
      "how": "roll", 
      "references": [
        {
          "reference": "CR H2777", 
          "type": "consideration"
        }
      ], 
      "result": "pass", 
      "roll": 208, 
      "text": "On agreeing to the Rothfus amendment (A049) Agreed to by recorded vote: 232 - 172 (Roll no. 208).", 
      "type": "vote", 
      "vote_type": "vote", 
      "where": "h"
    }, 
    {
      "acted_at": "2015-05-01T00:21:08-04:00", 
      "action_code": "H3A100", 
      "references": [
        {
          "reference": "CR 04/30/2015 H2754-2755", 
          "type": "consideration"
        }, 
        {
          "reference": "CR 04/30/2015 H2754", 
          "type": "text"
        }
      ], 
      "text": "Amendment (A049) offered by Mr. Rothfus.", 
      "type": "action"
    }, 
    {
      "acted_at": "2015-05-01", 
      "action_code": "", 
      "references": [], 
      "text": "", 
      "type": "action"
    }, 
    {
      "acted_at": "2015-05-01", 
      "action_code": "71000", 
      "references": [], 
      "text": "House amendment offered", 
      "type": "action"
    }, 
    {
      "acted_at": "2015-05-01T00:21:08-04:00", 
      "action_code": "71500", 
      "references": [
        {
          "reference": "CR 04/30/2015 H2754-2755", 
          "type": "consideration"
        }, 
        {
          "reference": "CR 04/30/2015 H2754", 
          "type": "text"
        }
      ], 
      "text": "House amendment offered/reported by : Amendment (A049) offered by Mr. Rothfus.", 
      "type": "action"
    }, 
    {
      "acted_at": "2015-05-01T09:58:26-04:00", 
      "action_code": "72000", 
      "references": [
        {
          "reference": "CR H2777", 
          "type": "consideration"
        }
      ], 
      "text": "House amendment agreed to: On agreeing to the Rothfus amendment (A049) Agreed to by recorded vote: 232 - 172 (Roll no. 208).", 
      "type": "action"
    }, 
    {
      "acted_at": "2015-05-01T09:58:26-04:00", 
      "action_code": "75000", 
      "references": [], 
      "text": "Roll call votes on amendments in House", 
      "type": "action"
    }, 
    {
      "acted_at": "2015-05-01T09:58:26-04:00", 
      "action_code": "76000", 
      "references": [], 
      "text": "Amendment agreed to Committee of the Whole", 
      "type": "action"
    }
  ], 
  "amendment_id": "hamdt199-114", 
  "amendment_type": "hamdt", 
  "amends_amendment": null, 
  "amends_bill": {
    "bill_id": "hr2028-114", 
    "bill_type": "hr", 
    "congress": 114, 
    "number": 2028
  }, 
  "amends_treaty": null, 
  "chamber": "h", 
  "congress": "114", 
  "description": "Amendment to prohibit use of funds to apply the report entitled \"Life Cycle Greenhouse Gas Perspective on Exporting Liquified Natural Gas from the United States\" in any public interest determination under the Natural Gas Act.", 
  "introduced_at": "2015-05-01", 
  "number": 199, 
  "purpose": "An amendment No. 5 printed in the Congressional Record to prohibit use of funds to apply the report entitled \"Life Cycle Greenhouse Gas Perspective on Exporting Liquified Natural Gas from the United States\" in any public interest determination under the Natural Gas Act.", 
  "sponsor": {
    "bioguide_id": "R000598", 
    "district": "12", 
    "name": "Rothfus, Keith J.", 
    "state": "PA", 
    "thomas_id": "02158", 
    "title": "Rep", 
    "type": "person"
  }, 
  "status": "pass", 
  "status_at": "2015-05-01T09:58:26-04:00", 
  "updated_at": "2016-08-01T13:27:19Z"
}