{
  "actions": [
    {
      "acted_at": "2015-02-26T19:25:20-05:00", 
      "action_code": "H32111", 
      "how": "roll", 
      "references": [], 
      "result": "fail", 
      "roll": 97, 
      "text": "On agreeing to the Castro (TX) amendment (A006) Failed by recorded vote: 182 - 243 (Roll no. 97).", 
      "type": "vote", 
      "vote_type": "vote", 
      "where": "h"
    }, 
    {
      "acted_at": "2015-02-26T16:04:31-05:00", 
      "action_code": "H3A100", 
      "references": [
        {
          "reference": "CR H1259, H1268", 
          "type": "consideration"
        }, 
        {
          "reference": "CR H1259", 
          "type": "text"
        }
      ], 
      "text": "Amendment (A006) offered by Mr. Castro (TX).", 
      "type": "action"
    }, 
    {
      "acted_at": "2015-02-26", 
      "action_code": "", 
      "references": [], 
      "text": "", 
      "type": "action"
    }, 
    {
      "acted_at": "2015-02-26", 
      "action_code": "71000", 
      "references": [], 
      "text": "House amendment offered", 
      "type": "action"
    }, 
    {
      "acted_at": "2015-02-26T16:04:31-05:00", 
      "action_code": "71500", 
      "references": [
        {
          "reference": "CR H1259, H1268", 
          "type": "consideration"
        }, 
        {
          "reference": "CR H1259", 
          "type": "text"
        }
      ], 
      "text": "House amendment offered/reported by : Amendment (A006) offered by Mr. Castro (TX).", 
      "type": "action"
    }, 
    {
      "acted_at": "2015-02-26T19:25:20-05:00", 
      "action_code": "73000", 
      "references": [], 
      "text": "House amendment not agreed to: On agreeing to the Castro (TX) amendment (A006) Failed by recorded vote: 182 - 243 (Roll no. 97).", 
      "type": "action"
    }, 
    {
      "acted_at": "2015-02-26T19:25:20-05:00", 
      "action_code": "75000", 
      "references": [], 
      "text": "Roll call votes on amendments in House", 
      "type": "action"
    }, 
    {
      "acted_at": "2015-02-26T19:25:20-05:00", 
      "action_code": "77000", 
      "references": [], 
      "text": "Amendment failed in Committee of the Whole", 
      "type": "action"
    }
  ], 
  "amendment_id": "hamdt29-114", 
  "amendment_type": "hamdt", 
  "amends_amendment": null, 
  "amends_bill": {
    "bill_id": "hr5-114", 
    "bill_type": "hr", 
    "congress": 114, 
    "number": 5
  }, 
  "amends_treaty": null, 
  "chamber": "h", 
  "congress": "114", 
  "description": "Amendment sought to appoint a neutral Ombudsman within the Department of Education to ensure K-12 textbooks are held to high academic standards.", 
  "introduced_at": "2015-02-26", 
  "number": 29, 
  "purpose": "An amendment numbered 6 printed in Part B of House Report 114-29 to appoint a neutral Ombudsman within the Department of Education to ensure K-12 textbooks are held to high academic standards.", 
  "sponsor": {
    "bioguide_id": "C001091", 
    "district": "20", 
    "name": "Castro, Joaquin", 
    "state": "TX", 
    "thomas_id": "02163", 
    "title": "Rep", 
    "type": "person"
  }, 
  "status": "fail", 
  "status_at": "2015-02-26T19:25:20-05:00", 
  "updated_at": "2016-08-01T13:26:00Z"
}