{
  "actions": [
    {
      "acted_at": "2015-04-29T18:43:10-04:00", 
      "action_code": "H32111", 
      "how": "by voice vote", 
      "references": [], 
      "result": "pass", 
      "text": "On agreeing to the Rothfus amendment (A026) Agreed to by voice vote.", 
      "type": "vote", 
      "vote_type": "vote", 
      "where": "h"
    }, 
    {
      "acted_at": "2015-04-29T18:34:50-04:00", 
      "action_code": "H3A100", 
      "references": [
        {
          "reference": "CR H2610-2612", 
          "type": "consideration"
        }, 
        {
          "reference": "CR H2610", 
          "type": "text"
        }
      ], 
      "text": "Amendment (A026) offered by Mr. Rothfus.", 
      "type": "action"
    }, 
    {
      "acted_at": "2015-04-29", 
      "action_code": "", 
      "references": [], 
      "text": "", 
      "type": "action"
    }, 
    {
      "acted_at": "2015-04-29", 
      "action_code": "71000", 
      "references": [], 
      "text": "House amendment offered", 
      "type": "action"
    }, 
    {
      "acted_at": "2015-04-29T18:34:50-04:00", 
      "action_code": "71500", 
      "references": [
        {
          "reference": "CR H2610-2612", 
          "type": "consideration"
        }, 
        {
          "reference": "CR H2610", 
          "type": "text"
        }
      ], 
      "text": "House amendment offered/reported by : Amendment (A026) offered by Mr. Rothfus.", 
      "type": "action"
    }, 
    {
      "acted_at": "2015-04-29T18:43:10-04:00", 
      "action_code": "72000", 
      "references": [], 
      "text": "House amendment agreed to: On agreeing to the Rothfus amendment (A026) Agreed to by voice vote.", 
      "type": "action"
    }, 
    {
      "acted_at": "2015-04-29T18:43:10-04:00", 
      "action_code": "76000", 
      "references": [], 
      "text": "Amendment agreed to Committee of the Whole", 
      "type": "action"
    }
  ], 
  "amendment_id": "hamdt133-114", 
  "amendment_type": "hamdt", 
  "amends_amendment": null, 
  "amends_bill": {
    "bill_id": "hr2029-114", 
    "bill_type": "hr", 
    "congress": 114, 
    "number": 2029
  }, 
  "amends_treaty": null, 
  "chamber": "h", 
  "congress": "114", 
  "description": "At the end of the bill (before the short title), insert the following:    SEC.___. None of the funds made available by this Act may be used by the Secretary of Veterans Affairs to pay a performance award under section 5384 of title 5, United States Code.", 
  "introduced_at": "2015-04-29", 
  "number": 133, 
  "purpose": "An amendment numbered 2 printed in the Congressional Record to prohibit the use of funds used by the Secretary of Veterans Affairs to pay a performance award under section 5384 of title 5, United States Code.", 
  "sponsor": {
    "bioguide_id": "R000598", 
    "district": "12", 
    "name": "Rothfus, Keith J.", 
    "state": "PA", 
    "thomas_id": "02158", 
    "title": "Rep", 
    "type": "person"
  }, 
  "status": "pass", 
  "status_at": "2015-04-29T18:43:10-04:00", 
  "updated_at": "2016-08-01T13:27:20Z"
}