{
  "actions": [
    {
      "acted_at": "2015-05-20T18:49:42-04:00", 
      "action_code": "H32111", 
      "how": "roll", 
      "references": [], 
      "result": "fail", 
      "roll": 257, 
      "text": "On agreeing to the Johnson, E. B. amendment (A012) Failed by recorded vote: 179 - 239 (Roll no. 257).", 
      "type": "vote", 
      "vote_type": "vote", 
      "where": "h"
    }, 
    {
      "acted_at": "2015-05-20T17:40:43-04:00", 
      "action_code": "H3A100", 
      "references": [
        {
          "reference": "CR H3459-3485, H3488-3489", 
          "type": "consideration"
        }, 
        {
          "reference": "CR H3459-3483", 
          "type": "text"
        }
      ], 
      "text": "Amendment (A012) offered by Ms. Johnson, E. B..", 
      "type": "action"
    }, 
    {
      "acted_at": "2015-05-20", 
      "action_code": "", 
      "references": [], 
      "text": "", 
      "type": "action"
    }, 
    {
      "acted_at": "2015-05-20", 
      "action_code": "71000", 
      "references": [], 
      "text": "House amendment offered", 
      "type": "action"
    }, 
    {
      "acted_at": "2015-05-20T17:40:43-04:00", 
      "action_code": "71500", 
      "references": [
        {
          "reference": "CR H3459-3485, H3488-3489", 
          "type": "consideration"
        }, 
        {
          "reference": "CR H3459-3483", 
          "type": "text"
        }
      ], 
      "text": "House amendment offered/reported by : Amendment (A012) offered by Ms. Johnson, E. B..", 
      "type": "action"
    }, 
    {
      "acted_at": "2015-05-20T18:49:42-04:00", 
      "action_code": "73000", 
      "references": [], 
      "text": "House amendment not agreed to: On agreeing to the Johnson, E. B. amendment (A012) Failed by recorded vote: 179 - 239 (Roll no. 257).", 
      "type": "action"
    }, 
    {
      "acted_at": "2015-05-20T18:49:42-04:00", 
      "action_code": "75000", 
      "references": [], 
      "text": "Roll call votes on amendments in House", 
      "type": "action"
    }, 
    {
      "acted_at": "2015-05-20T18:49:42-04:00", 
      "action_code": "77000", 
      "references": [], 
      "text": "Amendment failed in Committee of the Whole", 
      "type": "action"
    }
  ], 
  "amendment_id": "hamdt254-114", 
  "amendment_type": "hamdt", 
  "amends_amendment": null, 
  "amends_bill": {
    "bill_id": "hr1806-114", 
    "bill_type": "hr", 
    "congress": 114, 
    "number": 1806
  }, 
  "amends_treaty": null, 
  "chamber": "h", 
  "congress": "114", 
  "description": "Amendment in the nature of a substitute sought to insert a complete new text which provided for sustained growth and re-empasized policies across the spectrum of scientific agencies that are in keeping with the goals of the original Competes legislation.", 
  "introduced_at": "2015-05-20", 
  "number": 254, 
  "purpose": "An amendment No. 12 printed in Part A of House Report 114-120 to provide for sustained growth and sensible policies across the scientific agencies, in keeping with the goals of the original Competes legislation.", 
  "sponsor": {
    "bioguide_id": "J000126", 
    "district": "30", 
    "name": "Johnson, Eddie Bernice", 
    "state": "TX", 
    "thomas_id": "00599", 
    "title": "Rep", 
    "type": "person"
  }, 
  "status": "fail", 
  "status_at": "2015-05-20T18:49:42-04:00", 
  "updated_at": "2016-08-01T13:27:12Z"
}