{
  "actions": [
    {
      "acted_at": "2015-06-03T13:56:28-04:00", 
      "action_code": "H32111", 
      "how": "roll", 
      "references": [
        {
          "reference": "CR H3782-3783", 
          "type": "consideration"
        }
      ], 
      "result": "fail", 
      "roll": 277, 
      "text": "On agreeing to the Farr amendment (A040) Failed by recorded vote: 153 - 273 (Roll no. 277).", 
      "type": "vote", 
      "vote_type": "vote", 
      "where": "h"
    }, 
    {
      "acted_at": "2015-06-02T21:16:37-04:00", 
      "action_code": "H3A100", 
      "references": [
        {
          "reference": "CR H3722-3724", 
          "type": "consideration"
        }, 
        {
          "reference": "CR H3722", 
          "type": "text"
        }
      ], 
      "text": "Amendment (A040) offered by Mr. Farr.", 
      "type": "action"
    }, 
    {
      "acted_at": "2015-06-02", 
      "action_code": "", 
      "references": [], 
      "text": "", 
      "type": "action"
    }, 
    {
      "acted_at": "2015-06-02", 
      "action_code": "71000", 
      "references": [], 
      "text": "House amendment offered", 
      "type": "action"
    }, 
    {
      "acted_at": "2015-06-02T21:16:37-04:00", 
      "action_code": "71500", 
      "references": [
        {
          "reference": "CR H3722-3724", 
          "type": "consideration"
        }, 
        {
          "reference": "CR H3722", 
          "type": "text"
        }
      ], 
      "text": "House amendment offered/reported by : Amendment (A040) offered by Mr. Farr.", 
      "type": "action"
    }, 
    {
      "acted_at": "2015-06-03T13:56:28-04:00", 
      "action_code": "73000", 
      "references": [
        {
          "reference": "CR H3782-3783", 
          "type": "consideration"
        }
      ], 
      "text": "House amendment not agreed to: On agreeing to the Farr amendment (A040) Failed by recorded vote: 153 - 273 (Roll no. 277).", 
      "type": "action"
    }, 
    {
      "acted_at": "2015-06-03T13:56:28-04:00", 
      "action_code": "75000", 
      "references": [], 
      "text": "Roll call votes on amendments in House", 
      "type": "action"
    }, 
    {
      "acted_at": "2015-06-03T13:56:28-04:00", 
      "action_code": "77000", 
      "references": [], 
      "text": "Amendment failed in Committee of the Whole", 
      "type": "action"
    }
  ], 
  "amendment_id": "hamdt308-114", 
  "amendment_type": "hamdt", 
  "amends_amendment": null, 
  "amends_bill": {
    "bill_id": "hr2578-114", 
    "bill_type": "hr", 
    "congress": 114, 
    "number": 2578
  }, 
  "amends_treaty": null, 
  "chamber": "h", 
  "congress": "114", 
  "description": "Amendment sought to strike section 540 from the bill which prohibits use of funds to facilitate, permit, license, or promote exports to the Cuban military or intelligence service or to any officer of the Cuban military or intelligence service, or an immediate family member thereof.", 
  "introduced_at": "2015-06-02", 
  "number": 308, 
  "purpose": "An amendment to strike section 540 from the bill which prohibits use of funds to facilitate, permit, license, or promote exports to the Cuban military or intelligence service or to any officer of the Cuban military or intelligence service, or an immediate family member thereof.", 
  "sponsor": {
    "bioguide_id": "F000030", 
    "district": "20", 
    "name": "Farr, Sam", 
    "state": "CA", 
    "thomas_id": "00368", 
    "title": "Rep", 
    "type": "person"
  }, 
  "status": "fail", 
  "status_at": "2015-06-03T13:56:28-04:00", 
  "updated_at": "2016-08-01T13:27:41Z"
}