{
  "actions": [
    {
      "acted_at": "2015-06-10T22:31:15-04:00", 
      "action_code": "H32111", 
      "how": "roll", 
      "references": [], 
      "result": "pass", 
      "roll": 339, 
      "text": "On agreeing to the Forbes amendment (A031) Agreed to by recorded vote: 321 - 111 (Roll no. 339).", 
      "type": "vote", 
      "vote_type": "vote", 
      "where": "h"
    }, 
    {
      "acted_at": "2015-06-10T20:15:43-04:00", 
      "action_code": "H3A100", 
      "references": [
        {
          "reference": "CR H4092-4094", 
          "type": "consideration"
        }, 
        {
          "reference": "CR H4092", 
          "type": "text"
        }
      ], 
      "text": "Amendment (A031) offered by Mr. Forbes.", 
      "type": "action"
    }, 
    {
      "acted_at": "2015-06-10", 
      "action_code": "", 
      "references": [], 
      "text": "", 
      "type": "action"
    }, 
    {
      "acted_at": "2015-06-10", 
      "action_code": "71000", 
      "references": [], 
      "text": "House amendment offered", 
      "type": "action"
    }, 
    {
      "acted_at": "2015-06-10T20:15:43-04:00", 
      "action_code": "71500", 
      "references": [
        {
          "reference": "CR H4092-4094", 
          "type": "consideration"
        }, 
        {
          "reference": "CR H4092", 
          "type": "text"
        }
      ], 
      "text": "House amendment offered/reported by : Amendment (A031) offered by Mr. Forbes.", 
      "type": "action"
    }, 
    {
      "acted_at": "2015-06-10T22:31:15-04:00", 
      "action_code": "72000", 
      "references": [], 
      "text": "House amendment agreed to: On agreeing to the Forbes amendment (A031) Agreed to by recorded vote: 321 - 111 (Roll no. 339).", 
      "type": "action"
    }, 
    {
      "acted_at": "2015-06-10T22:31:15-04:00", 
      "action_code": "75000", 
      "references": [], 
      "text": "Roll call votes on amendments in House", 
      "type": "action"
    }, 
    {
      "acted_at": "2015-06-10T22:31:15-04:00", 
      "action_code": "76000", 
      "references": [], 
      "text": "Amendment agreed to Committee of the Whole", 
      "type": "action"
    }
  ], 
  "amendment_id": "hamdt471-114", 
  "amendment_type": "hamdt", 
  "amends_amendment": null, 
  "amends_bill": {
    "bill_id": "hr2685-114", 
    "bill_type": "hr", 
    "congress": 114, 
    "number": 2685
  }, 
  "amends_treaty": null, 
  "chamber": "h", 
  "congress": "114", 
  "description": "Amendment strikes section 8122 regarding the prohibition of the transfer of funds to the National Sea Based Deterrent Fund.", 
  "introduced_at": "2015-06-10", 
  "number": 471, 
  "purpose": "An amendment to strike section 8122 regarding the prohibition of the transfer of funds to the National Sea Based Deterrent Fund.", 
  "sponsor": {
    "bioguide_id": "F000445", 
    "district": "4", 
    "name": "Forbes, J. Randy", 
    "state": "VA", 
    "thomas_id": "01683", 
    "title": "Rep", 
    "type": "person"
  }, 
  "status": "pass", 
  "status_at": "2015-06-10T22:31:15-04:00", 
  "updated_at": "2016-08-01T13:27:47Z"
}