{
  "actions": [
    {
      "acted_at": "2015-04-23T10:03:42-04:00", 
      "action_code": "H32111", 
      "how": "by voice vote", 
      "references": [], 
      "result": "pass", 
      "text": "On agreeing to the McCaul amendment (A001) Agreed to by voice vote.", 
      "type": "vote", 
      "vote_type": "vote", 
      "where": "h"
    }, 
    {
      "acted_at": "2015-04-23T09:59:42-04:00", 
      "action_code": "H3A100", 
      "references": [
        {
          "reference": "CR H2433-2434", 
          "type": "consideration"
        }, 
        {
          "reference": "CR H2433-2434", 
          "type": "text"
        }
      ], 
      "text": "Amendment (A001) offered by Mr. McCaul.", 
      "type": "action"
    }, 
    {
      "acted_at": "2015-04-23", 
      "action_code": "", 
      "references": [], 
      "text": "", 
      "type": "action"
    }, 
    {
      "acted_at": "2015-04-23", 
      "action_code": "71000", 
      "references": [], 
      "text": "House amendment offered", 
      "type": "action"
    }, 
    {
      "acted_at": "2015-04-23T09:59:42-04:00", 
      "action_code": "71500", 
      "references": [
        {
          "reference": "CR H2433-2434", 
          "type": "consideration"
        }, 
        {
          "reference": "CR H2433-2434", 
          "type": "text"
        }
      ], 
      "text": "House amendment offered/reported by : Amendment (A001) offered by Mr. McCaul.", 
      "type": "action"
    }, 
    {
      "acted_at": "2015-04-23T10:03:42-04:00", 
      "action_code": "72000", 
      "references": [], 
      "text": "House amendment agreed to: On agreeing to the McCaul amendment (A001) Agreed to by voice vote.", 
      "type": "action"
    }, 
    {
      "acted_at": "2015-04-23T10:03:42-04:00", 
      "action_code": "76000", 
      "references": [], 
      "text": "Amendment agreed to Committee of the Whole", 
      "type": "action"
    }
  ], 
  "amendment_id": "hamdt97-114", 
  "amendment_type": "hamdt", 
  "amends_amendment": null, 
  "amends_bill": {
    "bill_id": "hr1731-114", 
    "bill_type": "hr", 
    "congress": 114, 
    "number": 1731
  }, 
  "amends_treaty": null, 
  "chamber": "h", 
  "congress": "114", 
  "description": "Manager's amendment makes technical corrections and further clarifies the provisions of the bill.", 
  "introduced_at": "2015-04-23", 
  "number": 97, 
  "purpose": "An amendment numbered 1 printed in Part B of House Report 114-88 to make technical corrections and further clarifies the provisions of the bill.", 
  "sponsor": {
    "bioguide_id": "M001157", 
    "district": "10", 
    "name": "McCaul, Michael T.", 
    "state": "TX", 
    "thomas_id": "01804", 
    "title": "Rep", 
    "type": "person"
  }, 
  "status": "pass", 
  "status_at": "2015-04-23T10:03:42-04:00", 
  "updated_at": "2016-08-01T13:27:04Z"
}