{
  "actions": [
    {
      "acted_at": "2015-04-30T23:31:07-04:00", 
      "action_code": "H32111", 
      "how": "roll", 
      "references": [
        {
          "reference": "CR H2746", 
          "type": "consideration"
        }
      ], 
      "result": "fail", 
      "roll": 200, 
      "text": "On agreeing to the McClintock amendment (A022) Failed by recorded vote: 110 - 311 (Roll no. 200).", 
      "type": "vote", 
      "vote_type": "vote", 
      "where": "h"
    }, 
    {
      "acted_at": "2015-04-29T23:19:46-04:00", 
      "action_code": "H3A100", 
      "references": [
        {
          "reference": "CR H2650", 
          "type": "consideration"
        }, 
        {
          "reference": "CR H2650", 
          "type": "text"
        }
      ], 
      "text": "Amendment (A022) offered by Mr. McClintock.", 
      "type": "action"
    }, 
    {
      "acted_at": "2015-04-29", 
      "action_code": "", 
      "references": [], 
      "text": "", 
      "type": "action"
    }, 
    {
      "acted_at": "2015-04-29", 
      "action_code": "71000", 
      "references": [], 
      "text": "House amendment offered", 
      "type": "action"
    }, 
    {
      "acted_at": "2015-04-29T23:19:46-04:00", 
      "action_code": "71500", 
      "references": [
        {
          "reference": "CR H2650", 
          "type": "consideration"
        }, 
        {
          "reference": "CR H2650", 
          "type": "text"
        }
      ], 
      "text": "House amendment offered/reported by : Amendment (A022) offered by Mr. McClintock.", 
      "type": "action"
    }, 
    {
      "acted_at": "2015-04-30T23:31:07-04:00", 
      "action_code": "73000", 
      "references": [
        {
          "reference": "CR H2746", 
          "type": "consideration"
        }
      ], 
      "text": "House amendment not agreed to: On agreeing to the McClintock amendment (A022) Failed by recorded vote: 110 - 311 (Roll no. 200).", 
      "type": "action"
    }, 
    {
      "acted_at": "2015-04-30T23:31:07-04:00", 
      "action_code": "75000", 
      "references": [], 
      "text": "Roll call votes on amendments in House", 
      "type": "action"
    }, 
    {
      "acted_at": "2015-04-30T23:31:07-04:00", 
      "action_code": "77000", 
      "references": [], 
      "text": "Amendment failed in Committee of the Whole", 
      "type": "action"
    }
  ], 
  "amendment_id": "hamdt172-114", 
  "amendment_type": "hamdt", 
  "amends_amendment": null, 
  "amends_bill": {
    "bill_id": "hr2028-114", 
    "bill_type": "hr", 
    "congress": 114, 
    "number": 2028
  }, 
  "amends_treaty": null, 
  "chamber": "h", 
  "congress": "114", 
  "description": "Amendment sought to zero out funding for Energy Efficiency and Renewable Energy, reduce funding for Nuclear Energy by $691,886,000, and zero out funding for Fossil Energy and to apply the aggregate savings of $2,954,660,000 to the spending reduction account.", 
  "introduced_at": "2015-04-29", 
  "number": 172, 
  "purpose": "An amendment to zero out funding for Energy Efficiency and Renewable Energy, reduce Nuclear Energy by $691,886,000, and zero out funding for Fossil Energy and to apply the aggregate savings of $2,954,660,000 to the spending reduction account.", 
  "sponsor": {
    "bioguide_id": "M001177", 
    "district": "4", 
    "name": "McClintock, Tom", 
    "state": "CA", 
    "thomas_id": "01908", 
    "title": "Rep", 
    "type": "person"
  }, 
  "status": "fail", 
  "status_at": "2015-04-30T23:31:07-04:00", 
  "updated_at": "2016-08-01T13:27:20Z"
}