{
  "actions": [
    {
      "acted_at": "2015-03-25T18:17:35-04:00", 
      "action_code": "H32111", 
      "how": "roll", 
      "references": [], 
      "result": "fail", 
      "roll": 140, 
      "text": "On agreeing to the Price, Tom amendment (A005) Failed by recorded vote: 105 - 319 (Roll no. 140).", 
      "type": "vote", 
      "vote_type": "vote", 
      "where": "h"
    }, 
    {
      "acted_at": "2015-03-25T16:54:33-04:00", 
      "action_code": "H3A100", 
      "references": [
        {
          "reference": "CR H1983-1998, H2017-2018", 
          "type": "consideration"
        }, 
        {
          "reference": "CR H1983-1997", 
          "type": "text"
        }
      ], 
      "text": "Amendment (A005) in the nature of a substitute offered by Mr. Price, Tom.", 
      "type": "action"
    }, 
    {
      "acted_at": "2015-03-25", 
      "action_code": "", 
      "references": [], 
      "text": "", 
      "type": "action"
    }, 
    {
      "acted_at": "2015-03-25", 
      "action_code": "71000", 
      "references": [], 
      "text": "House amendment offered", 
      "type": "action"
    }, 
    {
      "acted_at": "2015-03-25T16:54:33-04:00", 
      "action_code": "71500", 
      "references": [
        {
          "reference": "CR H1983-1998, H2017-2018", 
          "type": "consideration"
        }, 
        {
          "reference": "CR H1983-1997", 
          "type": "text"
        }
      ], 
      "text": "House amendment offered/reported by : Amendment (A005) in the nature of a substitute offered by Mr. Price, Tom.", 
      "type": "action"
    }, 
    {
      "acted_at": "2015-03-25T18:17:35-04:00", 
      "action_code": "73000", 
      "references": [], 
      "text": "House amendment not agreed to: On agreeing to the Price, Tom amendment (A005) Failed by recorded vote: 105 - 319 (Roll no. 140).", 
      "type": "action"
    }, 
    {
      "acted_at": "2015-03-25T18:17:35-04:00", 
      "action_code": "75000", 
      "references": [], 
      "text": "Roll call votes on amendments in House", 
      "type": "action"
    }, 
    {
      "acted_at": "2015-03-25T18:17:35-04:00", 
      "action_code": "77000", 
      "references": [], 
      "text": "Amendment failed in Committee of the Whole", 
      "type": "action"
    }
  ], 
  "amendment_id": "hamdt85-114", 
  "amendment_type": "hamdt", 
  "amends_amendment": null, 
  "amends_bill": {
    "bill_id": "hconres27-114", 
    "bill_type": "hconres", 
    "congress": 114, 
    "number": 27
  }, 
  "amends_treaty": null, 
  "chamber": "h", 
  "congress": "114", 
  "description": "Amendment in the nature of a substitute printed in House Report 114-49 and numbered 5 was offered as the Budget Committe mark substitute.", 
  "introduced_at": "2015-03-25", 
  "number": 85, 
  "purpose": "An amendment in the nature of a substitute numbered 5 printed in House Report 114-49 that is identical to the reported resolution.The total level of new budget authority for the Overseas Contingency Operations/Global War on Terrorism function (Function 970) remains at $94 billion in Fiscal Year 2016. The amendment also retains a deficit-neutral reserve fund for Overseas Contingency Operations/Global War on Terrorism in section 513. This section permits the Chair of the Committee on the Budget to adjust the 302(a) allocations to the Committee on Appropriations, and other appropriate levels, for any appropriations measure that provides new budget authority for Overseas Contingency Operations in excess of $73.5 billion up to $94 billion in Fiscal Year 2016.", 
  "sponsor": {
    "bioguide_id": "P000591", 
    "district": "6", 
    "name": "Price, Tom", 
    "state": "GA", 
    "thomas_id": "01778", 
    "title": "Rep", 
    "type": "person"
  }, 
  "status": "fail", 
  "status_at": "2015-03-25T18:17:35-04:00", 
  "updated_at": "2016-08-01T13:25:25Z"
}