{
  "actions": [
    {
      "acted_at": "2015-06-09T19:20:54-04:00", 
      "action_code": "H32111", 
      "how": "roll", 
      "references": [
        {
          "reference": "CR H3966-3967", 
          "type": "consideration"
        }
      ], 
      "result": "fail", 
      "roll": 312, 
      "text": "On agreeing to the Gosar amendment (A046) Failed by recorded vote: 136 - 286 (Roll no. 312).", 
      "type": "vote", 
      "vote_type": "vote", 
      "where": "h"
    }, 
    {
      "acted_at": "2015-06-04T09:45:12-04:00", 
      "action_code": "H3A100", 
      "references": [
        {
          "reference": "CR H3886-3887", 
          "type": "consideration"
        }, 
        {
          "reference": "CR H3886", 
          "type": "text"
        }
      ], 
      "text": "Amendment (A046) offered by Mr. Gosar.", 
      "type": "action"
    }, 
    {
      "acted_at": "2015-06-04", 
      "action_code": "", 
      "references": [], 
      "text": "", 
      "type": "action"
    }, 
    {
      "acted_at": "2015-06-04", 
      "action_code": "71000", 
      "references": [], 
      "text": "House amendment offered", 
      "type": "action"
    }, 
    {
      "acted_at": "2015-06-04T09:45:12-04:00", 
      "action_code": "71500", 
      "references": [
        {
          "reference": "CR H3886-3887", 
          "type": "consideration"
        }, 
        {
          "reference": "CR H3886", 
          "type": "text"
        }
      ], 
      "text": "House amendment offered/reported by : Amendment (A046) offered by Mr. Gosar.", 
      "type": "action"
    }, 
    {
      "acted_at": "2015-06-09T19:20:54-04:00", 
      "action_code": "75000", 
      "references": [], 
      "text": "Roll call votes on amendments in House", 
      "type": "action"
    }, 
    {
      "acted_at": "2015-06-09T19:20:54-04:00", 
      "action_code": "77000", 
      "references": [], 
      "text": "Amendment failed in Committee of the Whole", 
      "type": "action"
    }, 
    {
      "acted_at": "2015-06-09T19:20:54-04:00", 
      "action_code": "73000", 
      "references": [
        {
          "reference": "CR H3966-3967", 
          "type": "consideration"
        }
      ], 
      "text": "House amendment not agreed to: On agreeing to the Gosar amendment (A046) Failed by recorded vote: 136 - 286 (Roll no. 312).", 
      "type": "action"
    }
  ], 
  "amendment_id": "hamdt401-114", 
  "amendment_type": "hamdt", 
  "amends_amendment": null, 
  "amends_bill": {
    "bill_id": "hr2577-114", 
    "bill_type": "hr", 
    "congress": 114, 
    "number": 2577
  }, 
  "amends_treaty": null, 
  "chamber": "h", 
  "congress": "114", 
  "description": "Amendment sought to prohibit the use of funds to implement, administer, or enforce the rule entitled \"Hazardous Materials: Enhanced Tank Car Standards and Operational Controls for High-Hazard Flammable Trains\".", 
  "introduced_at": "2015-06-04", 
  "number": 401, 
  "purpose": "An amendment to prohibit the use of funds to implement, administer, or enforce the rule entitled \"Hazardous Materials: Enhanced Tank Car Standards and Operational Controls for High-Hazard Flammable Trains\".", 
  "sponsor": {
    "bioguide_id": "G000565", 
    "district": "4", 
    "name": "Gosar, Paul A.", 
    "state": "AZ", 
    "thomas_id": "01992", 
    "title": "Rep", 
    "type": "person"
  }, 
  "status": "fail", 
  "status_at": "2015-06-09T19:20:54-04:00", 
  "updated_at": "2016-08-26T08:52:18Z"
}