{
  "actions": [
    {
      "acted_at": "2015-06-01T17:46:53-04:00", 
      "action_code": "H32111", 
      "how": "by voice vote", 
      "references": [], 
      "result": "fail", 
      "text": "On agreeing to the Huffman amendment (A007) Failed by voice vote.", 
      "type": "vote", 
      "vote_type": "vote", 
      "where": "h"
    }, 
    {
      "acted_at": "2015-06-01T17:29:51-04:00", 
      "action_code": "H3A100", 
      "references": [
        {
          "reference": "CR H3613-3617", 
          "type": "consideration"
        }, 
        {
          "reference": "CR H3613-3614", 
          "type": "text"
        }
      ], 
      "text": "Amendment (A007) in the nature of a substitute offered by Mr. Huffman.", 
      "type": "action"
    }, 
    {
      "acted_at": "2015-06-01", 
      "action_code": "", 
      "references": [], 
      "text": "", 
      "type": "action"
    }, 
    {
      "acted_at": "2015-06-01", 
      "action_code": "71000", 
      "references": [], 
      "text": "House amendment offered", 
      "type": "action"
    }, 
    {
      "acted_at": "2015-06-01T17:29:51-04:00", 
      "action_code": "71500", 
      "references": [
        {
          "reference": "CR H3613-3617", 
          "type": "consideration"
        }, 
        {
          "reference": "CR H3613-3614", 
          "type": "text"
        }
      ], 
      "text": "House amendment offered/reported by : Amendment (A007) in the nature of a substitute offered by Mr. Huffman.", 
      "type": "action"
    }, 
    {
      "acted_at": "2015-06-01T17:46:53-04:00", 
      "action_code": "73000", 
      "references": [], 
      "text": "House amendment not agreed to: On agreeing to the Huffman amendment (A007) Failed by voice vote.", 
      "type": "action"
    }, 
    {
      "acted_at": "2015-06-01T17:46:53-04:00", 
      "action_code": "77000", 
      "references": [], 
      "text": "Amendment failed in Committee of the Whole", 
      "type": "action"
    }
  ], 
  "amendment_id": "hamdt268-114", 
  "amendment_type": "hamdt", 
  "amends_amendment": null, 
  "amends_bill": {
    "bill_id": "hr1335-114", 
    "bill_type": "hr", 
    "congress": 114, 
    "number": 1335
  }, 
  "amends_treaty": null, 
  "chamber": "h", 
  "congress": "114", 
  "description": "Amendment in the nature of a substitute sought to reauthorize the Magnuson-Stevens Fishery Conservation and Management Act and improve fisheries management and data collection.", 
  "introduced_at": "2015-06-01", 
  "number": 268, 
  "purpose": "A substitute amendment No. 8 printed in House Report 114-128 to reauthorize the Magnuson-Stevens Fishery Conservation and Management Act and improves fisheries management and data collection.", 
  "sponsor": {
    "bioguide_id": "H001068", 
    "district": "2", 
    "name": "Huffman, Jared", 
    "state": "CA", 
    "thomas_id": "02101", 
    "title": "Rep", 
    "type": "person"
  }, 
  "status": "fail", 
  "status_at": "2015-06-01T17:46:53-04:00", 
  "updated_at": "2016-08-17T17:01:07Z"
}