{
  "actions": [
    {
      "acted_at": "2015-04-22T14:06:14-04:00", 
      "action_code": "H32111", 
      "how": "roll", 
      "references": [
        {
          "reference": "CR H2378", 
          "type": "consideration"
        }
      ], 
      "result": "pass", 
      "roll": 165, 
      "text": "On agreeing to the Kuster amendment (A001) Agreed to by recorded vote: 244 - 173 (Roll no. 165).", 
      "type": "vote", 
      "vote_type": "vote", 
      "where": "h"
    }, 
    {
      "acted_at": "2015-04-21T17:37:03-04:00", 
      "action_code": "H3A100", 
      "references": [
        {
          "reference": "CR H2378-2379", 
          "type": "consideration"
        }
      ], 
      "text": "Amendment (A001) offered by Ms. Kuster.", 
      "type": "action"
    }, 
    {
      "acted_at": "2015-04-21", 
      "action_code": "", 
      "references": [], 
      "text": "", 
      "type": "action"
    }, 
    {
      "acted_at": "2015-04-21", 
      "action_code": "71000", 
      "references": [], 
      "text": "House amendment offered", 
      "type": "action"
    }, 
    {
      "acted_at": "2015-04-21T17:37:03-04:00", 
      "action_code": "71500", 
      "references": [
        {
          "reference": "CR H2378-2379", 
          "type": "consideration"
        }
      ], 
      "text": "House amendment offered/reported by : Amendment (A001) offered by Ms. Kuster.", 
      "type": "action"
    }, 
    {
      "acted_at": "2015-04-22T14:06:14-04:00", 
      "action_code": "72000", 
      "references": [
        {
          "reference": "CR H2378", 
          "type": "consideration"
        }
      ], 
      "text": "House amendment agreed to: On agreeing to the Kuster amendment (A001) Agreed to by recorded vote: 244 - 173 (Roll no. 165).", 
      "type": "action"
    }, 
    {
      "acted_at": "2015-04-22T14:06:14-04:00", 
      "action_code": "75000", 
      "references": [], 
      "text": "Roll call votes on amendments in House", 
      "type": "action"
    }, 
    {
      "acted_at": "2015-04-22T14:06:14-04:00", 
      "action_code": "76000", 
      "references": [], 
      "text": "Amendment agreed to Committee of the Whole", 
      "type": "action"
    }
  ], 
  "amendment_id": "hamdt90-114", 
  "amendment_type": "hamdt", 
  "amends_amendment": null, 
  "amends_bill": {
    "bill_id": "hr1195-114", 
    "bill_type": "hr", 
    "congress": 114, 
    "number": 1195
  }, 
  "amends_treaty": null, 
  "chamber": "h", 
  "congress": "114", 
  "description": "Amendment requires the CFPB Director to include representatives of minority-and women-owned small business concerns in the membership of the Small Business Advisory Board, and to include financial institutions predominantly serving traditionally under-served communities and populations and their interests in the membership of the Credit Union Advisory Council and Community Bank Advisory Council.", 
  "introduced_at": "2015-04-21", 
  "number": 90, 
  "purpose": "An amendment No. 1 printed in part D of House Report 114-74 to require the CFPB Director to include representatives of minority-and women-owned small business concerns in the membership of the Small Business Advisory Board, and to include financial institutions predominantly serving traditionally under-served communities and populations and their interests in the membership of the Credit Union Advisory Council and Community Bank Advisory Council.", 
  "sponsor": {
    "bioguide_id": "K000382", 
    "district": "2", 
    "name": "Kuster, Ann M.", 
    "state": "NH", 
    "thomas_id": "02145", 
    "title": "Rep", 
    "type": "person"
  }, 
  "status": "pass", 
  "status_at": "2015-04-22T14:06:14-04:00", 
  "updated_at": "2016-08-03T15:26:59Z"
}