{
  "actions": [
    {
      "acted_at": "2015-06-02T16:13:10-04:00", 
      "action_code": "H32111", 
      "how": "by voice vote", 
      "references": [], 
      "result": "pass", 
      "text": "On agreeing to the Poe (TX) amendment (A007) Agreed to by voice vote.", 
      "type": "vote", 
      "vote_type": "vote", 
      "where": "h"
    }, 
    {
      "acted_at": "2015-06-02T16:06:40-04:00", 
      "action_code": "H3A100", 
      "references": [
        {
          "reference": "CR H3681-3682", 
          "type": "consideration"
        }, 
        {
          "reference": "CR H3681", 
          "type": "text"
        }
      ], 
      "text": "Amendment (A007) offered by Mr. Poe (TX).", 
      "type": "action"
    }, 
    {
      "acted_at": "2015-06-02", 
      "action_code": "", 
      "references": [], 
      "text": "", 
      "type": "action"
    }, 
    {
      "acted_at": "2015-06-02", 
      "action_code": "71000", 
      "references": [], 
      "text": "House amendment offered", 
      "type": "action"
    }, 
    {
      "acted_at": "2015-06-02T16:06:40-04:00", 
      "action_code": "71500", 
      "references": [
        {
          "reference": "CR H3681-3682", 
          "type": "consideration"
        }, 
        {
          "reference": "CR H3681", 
          "type": "text"
        }
      ], 
      "text": "House amendment offered/reported by : Amendment (A007) offered by Mr. Poe (TX).", 
      "type": "action"
    }, 
    {
      "acted_at": "2015-06-02T16:13:10-04:00", 
      "action_code": "72000", 
      "references": [], 
      "text": "House amendment agreed to: On agreeing to the Poe (TX) amendment (A007) Agreed to by voice vote.", 
      "type": "action"
    }, 
    {
      "acted_at": "2015-06-02T16:13:10-04:00", 
      "action_code": "76000", 
      "references": [], 
      "text": "Amendment agreed to Committee of the Whole", 
      "type": "action"
    }
  ], 
  "amendment_id": "hamdt275-114", 
  "amendment_type": "hamdt", 
  "amends_amendment": null, 
  "amends_bill": {
    "bill_id": "hr2578-114", 
    "bill_type": "hr", 
    "congress": 114, 
    "number": 2578
  }, 
  "amends_treaty": null, 
  "chamber": "h", 
  "congress": "114", 
  "description": "Amendment increases funding for victims of human sex trafficking by $17.3 million, bringing the funding level back up to a total of $43 million for victim services and victim grants.", 
  "introduced_at": "2015-06-02", 
  "number": 275, 
  "purpose": "An amendment to reduce funding for the Periodic Censuses and Programs by $17.3 million and increase funding for victims services programs for victims of trafficking by a similar amount.", 
  "sponsor": {
    "bioguide_id": "P000592", 
    "district": "2", 
    "name": "Poe, Ted", 
    "state": "TX", 
    "thomas_id": "01802", 
    "title": "Rep", 
    "type": "person"
  }, 
  "status": "pass", 
  "status_at": "2015-06-02T16:13:10-04:00", 
  "updated_at": "2016-08-01T13:27:41Z"
}