{
  "actions": [
    {
      "acted_at": "2015-06-09T19:40:40-04:00", 
      "action_code": "H32111", 
      "how": "roll", 
      "references": [
        {
          "reference": "CR H3970", 
          "type": "consideration"
        }
      ], 
      "result": "fail", 
      "roll": 317, 
      "text": "On agreeing to the Posey amendment (A056) Failed by recorded vote: 148 - 275 (Roll no. 317).", 
      "type": "vote", 
      "vote_type": "vote", 
      "where": "h"
    }, 
    {
      "acted_at": "2015-06-04T11:05:28-04:00", 
      "action_code": "H3A100", 
      "references": [
        {
          "reference": "CR H3895", 
          "type": "consideration"
        }, 
        {
          "reference": "CR H3895", 
          "type": "text"
        }
      ], 
      "text": "Amendment (A056) offered by Mr. Posey.", 
      "type": "action"
    }, 
    {
      "acted_at": "2015-06-04", 
      "action_code": "", 
      "references": [], 
      "text": "", 
      "type": "action"
    }, 
    {
      "acted_at": "2015-06-04", 
      "action_code": "71000", 
      "references": [], 
      "text": "House amendment offered", 
      "type": "action"
    }, 
    {
      "acted_at": "2015-06-04T11:05:28-04:00", 
      "action_code": "71500", 
      "references": [
        {
          "reference": "CR H3895", 
          "type": "consideration"
        }, 
        {
          "reference": "CR H3895", 
          "type": "text"
        }
      ], 
      "text": "House amendment offered/reported by : Amendment (A056) offered by Mr. Posey.", 
      "type": "action"
    }, 
    {
      "acted_at": "2015-06-09T19:40:40-04:00", 
      "action_code": "73000", 
      "references": [
        {
          "reference": "CR H3970", 
          "type": "consideration"
        }
      ], 
      "text": "House amendment not agreed to: On agreeing to the Posey amendment (A056) Failed by recorded vote: 148 - 275 (Roll no. 317).", 
      "type": "action"
    }, 
    {
      "acted_at": "2015-06-09T19:40:40-04:00", 
      "action_code": "75000", 
      "references": [], 
      "text": "Roll call votes on amendments in House", 
      "type": "action"
    }, 
    {
      "acted_at": "2015-06-09T19:40:40-04:00", 
      "action_code": "77000", 
      "references": [], 
      "text": "Amendment failed in Committee of the Whole", 
      "type": "action"
    }
  ], 
  "amendment_id": "hamdt411-114", 
  "amendment_type": "hamdt", 
  "amends_amendment": null, 
  "amends_bill": {
    "bill_id": "hr2577-114", 
    "bill_type": "hr", 
    "congress": 114, 
    "number": 2577
  }, 
  "amends_treaty": null, 
  "chamber": "h", 
  "congress": "114", 
  "description": "Amendment sought to prohibit the use of funds by the Department of Transportation to authorize exempt facility bonds to finance passenger rail projects that cannot attain the speed of 150 mph.", 
  "introduced_at": "2015-06-04", 
  "number": 411, 
  "purpose": "An amendment to prohibit the use of funds by the Department of Transportation to authorize exempt facility bonds to finance passenger rail projects that cannot attain the speed of 150 mph.", 
  "sponsor": {
    "bioguide_id": "P000599", 
    "district": "8", 
    "name": "Posey, Bill", 
    "state": "FL", 
    "thomas_id": "01915", 
    "title": "Rep", 
    "type": "person"
  }, 
  "status": "fail", 
  "status_at": "2015-06-09T19:40:40-04:00", 
  "updated_at": "2016-08-26T08:52:19Z"
}