{
  "actions": [
    {
      "acted_at": "2015-06-04T00:24:55-04:00", 
      "action_code": "H32111", 
      "how": "by voice vote", 
      "references": [], 
      "result": "pass", 
      "text": "On agreeing to the Fitzpatrick amendment (A040) Agreed to by voice vote.", 
      "type": "vote", 
      "vote_type": "vote", 
      "where": "h"
    }, 
    {
      "acted_at": "2015-06-04T00:22:21-04:00", 
      "action_code": "H3A100", 
      "references": [
        {
          "reference": "CR 6/3/2015 H3876", 
          "type": "consideration"
        }, 
        {
          "reference": "CR 6/3/2015 H3876", 
          "type": "text"
        }
      ], 
      "text": "Amendment (A040) offered by Mr. Fitzpatrick.", 
      "type": "action"
    }, 
    {
      "acted_at": "2015-06-04", 
      "action_code": "", 
      "references": [], 
      "text": "", 
      "type": "action"
    }, 
    {
      "acted_at": "2015-06-04", 
      "action_code": "71000", 
      "references": [], 
      "text": "House amendment offered", 
      "type": "action"
    }, 
    {
      "acted_at": "2015-06-04T00:22:21-04:00", 
      "action_code": "71500", 
      "references": [
        {
          "reference": "CR 6/3/2015 H3876", 
          "type": "consideration"
        }, 
        {
          "reference": "CR 6/3/2015 H3876", 
          "type": "text"
        }
      ], 
      "text": "House amendment offered/reported by : Amendment (A040) offered by Mr. Fitzpatrick.", 
      "type": "action"
    }, 
    {
      "acted_at": "2015-06-04T00:24:55-04:00", 
      "action_code": "72000", 
      "references": [], 
      "text": "House amendment agreed to: On agreeing to the Fitzpatrick amendment (A040) Agreed to by voice vote.", 
      "type": "action"
    }, 
    {
      "acted_at": "2015-06-04T00:24:55-04:00", 
      "action_code": "76000", 
      "references": [], 
      "text": "Amendment agreed to Committee of the Whole", 
      "type": "action"
    }
  ], 
  "amendment_id": "hamdt395-114", 
  "amendment_type": "hamdt", 
  "amends_amendment": null, 
  "amends_bill": {
    "bill_id": "hr2577-114", 
    "bill_type": "hr", 
    "congress": 114, 
    "number": 2577
  }, 
  "amends_treaty": null, 
  "chamber": "h", 
  "congress": "114", 
  "description": "Amendment prohibits the use of funds in contravention of the Code of Federal Regulations by ensuring that the FAA is able to certify that aircraft flight decks are protected from intrusion even at times when pilots have to open reinforced doors for the purpose of eating, resting, or bathroom breaks.", 
  "introduced_at": "2015-06-04", 
  "number": 395, 
  "purpose": "An amendment to prohibit the use of funds in contravention of section 121.584 of title 14, Code of Federal Regulations.", 
  "sponsor": {
    "bioguide_id": "F000451", 
    "district": "8", 
    "name": "Fitzpatrick, Michael G.", 
    "state": "PA", 
    "thomas_id": "01797", 
    "title": "Rep", 
    "type": "person"
  }, 
  "status": "pass", 
  "status_at": "2015-06-04T00:24:55-04:00", 
  "updated_at": "2016-08-26T08:52:19Z"
}