{
  "actions": [
    {
      "acted_at": "2015-06-10T21:36:30-04:00", 
      "action_code": "H32111", 
      "how": "by voice vote", 
      "references": [], 
      "result": "fail", 
      "text": "On agreeing to the Rothfus amendment (A030) Failed by voice vote.", 
      "type": "vote", 
      "vote_type": "vote", 
      "where": "h"
    }, 
    {
      "acted_at": "2015-06-10T20:01:44-04:00", 
      "action_code": "H3A100", 
      "references": [
        {
          "reference": "CR H4089-4091", 
          "type": "consideration"
        }, 
        {
          "reference": "CR H4089", 
          "type": "text"
        }
      ], 
      "text": "Amendment (A030) offered by Mr. Rothfus.", 
      "type": "action"
    }, 
    {
      "acted_at": "2015-06-10", 
      "action_code": "", 
      "references": [], 
      "text": "", 
      "type": "action"
    }, 
    {
      "acted_at": "2015-06-10", 
      "action_code": "71000", 
      "references": [], 
      "text": "House amendment offered", 
      "type": "action"
    }, 
    {
      "acted_at": "2015-06-10T20:01:44-04:00", 
      "action_code": "71500", 
      "references": [
        {
          "reference": "CR H4089-4091", 
          "type": "consideration"
        }, 
        {
          "reference": "CR H4089", 
          "type": "text"
        }
      ], 
      "text": "House amendment offered/reported by : Amendment (A030) offered by Mr. Rothfus.", 
      "type": "action"
    }, 
    {
      "acted_at": "2015-06-10T21:36:30-04:00", 
      "action_code": "73000", 
      "references": [], 
      "text": "House amendment not agreed to: On agreeing to the Rothfus amendment (A030) Failed by voice vote.", 
      "type": "action"
    }, 
    {
      "acted_at": "2015-06-10T21:36:30-04:00", 
      "action_code": "77000", 
      "references": [], 
      "text": "Amendment failed in Committee of the Whole", 
      "type": "action"
    }
  ], 
  "amendment_id": "hamdt470-114", 
  "amendment_type": "hamdt", 
  "amends_amendment": null, 
  "amends_bill": {
    "bill_id": "hr2685-114", 
    "bill_type": "hr", 
    "congress": 114, 
    "number": 2685
  }, 
  "amends_treaty": null, 
  "chamber": "h", 
  "congress": "114", 
  "description": "Amendment sought to prohibit the use of funds to transfer or divest AH-64 Apache helicopters from the Army National Guard to the active Army prior to June 30, 2016 and to strike the proviso regarding enforcement of section 8116.", 
  "introduced_at": "2015-06-10", 
  "number": 470, 
  "purpose": "An amendment to prohibit the use of funds to transfer or divest AH-64 Apache helicopters from the Army National Guard to the active Army prior to June 30, 2016 and to strike the proviso regarding enforcement of section 8116.", 
  "sponsor": {
    "bioguide_id": "R000598", 
    "district": "12", 
    "name": "Rothfus, Keith J.", 
    "state": "PA", 
    "thomas_id": "02158", 
    "title": "Rep", 
    "type": "person"
  }, 
  "status": "fail", 
  "status_at": "2015-06-10T21:36:30-04:00", 
  "updated_at": "2016-08-01T13:27:47Z"
}