{
  "actions": [
    {
      "acted_at": "2015-06-03T14:04:07-04:00", 
      "action_code": "H32111", 
      "how": "roll", 
      "references": [
        {
          "reference": "CR H3784", 
          "type": "consideration"
        }
      ], 
      "result": "fail", 
      "roll": 279, 
      "text": "On agreeing to the Foster amendment (A049) Failed by recorded vote: 195 - 232 (Roll no. 279).", 
      "type": "vote", 
      "vote_type": "vote", 
      "where": "h"
    }, 
    {
      "acted_at": "2015-06-02T22:38:31-04:00", 
      "action_code": "H3A100", 
      "references": [
        {
          "reference": "CR H3732-3733", 
          "type": "consideration"
        }, 
        {
          "reference": "CR H3732", 
          "type": "text"
        }
      ], 
      "text": "Amendment (A049) offered by Mr. Foster.", 
      "type": "action"
    }, 
    {
      "acted_at": "2015-06-02", 
      "action_code": "", 
      "references": [], 
      "text": "", 
      "type": "action"
    }, 
    {
      "acted_at": "2015-06-02", 
      "action_code": "71000", 
      "references": [], 
      "text": "House amendment offered", 
      "type": "action"
    }, 
    {
      "acted_at": "2015-06-02T22:38:31-04:00", 
      "action_code": "71500", 
      "references": [
        {
          "reference": "CR H3732-3733", 
          "type": "consideration"
        }, 
        {
          "reference": "CR H3732", 
          "type": "text"
        }
      ], 
      "text": "House amendment offered/reported by : Amendment (A049) offered by Mr. Foster.", 
      "type": "action"
    }, 
    {
      "acted_at": "2015-06-03T14:04:07-04:00", 
      "action_code": "73000", 
      "references": [
        {
          "reference": "CR H3784", 
          "type": "consideration"
        }
      ], 
      "text": "House amendment not agreed to: On agreeing to the Foster amendment (A049) Failed by recorded vote: 195 - 232 (Roll no. 279).", 
      "type": "action"
    }, 
    {
      "acted_at": "2015-06-03T14:04:07-04:00", 
      "action_code": "75000", 
      "references": [], 
      "text": "Roll call votes on amendments in House", 
      "type": "action"
    }, 
    {
      "acted_at": "2015-06-03T14:04:07-04:00", 
      "action_code": "77000", 
      "references": [], 
      "text": "Amendment failed in Committee of the Whole", 
      "type": "action"
    }
  ], 
  "amendment_id": "hamdt317-114", 
  "amendment_type": "hamdt", 
  "amends_amendment": null, 
  "amends_bill": {
    "bill_id": "hr2578-114", 
    "bill_type": "hr", 
    "congress": 114, 
    "number": 2578
  }, 
  "amends_treaty": null, 
  "chamber": "h", 
  "congress": "114", 
  "description": "At the end of the bill (before the short title), insert the following:    SEC 543. None of the funds made available by this Act may be used to fund any Experimental Program to Stimulate Competitive Research (EPSCoR) program.", 
  "introduced_at": "2015-06-02", 
  "number": 317, 
  "purpose": "An amendment to prohibit the use of funds to fund any Experimental Program to Stimulate Competitive Research (EPSCoR) program.", 
  "sponsor": {
    "bioguide_id": "F000454", 
    "district": "11", 
    "name": "Foster, Bill", 
    "state": "IL", 
    "thomas_id": "01888", 
    "title": "Rep", 
    "type": "person"
  }, 
  "status": "fail", 
  "status_at": "2015-06-03T14:04:07-04:00", 
  "updated_at": "2016-08-01T13:27:41Z"
}