{
  "actions": [
    {
      "acted_at": "2015-04-29T18:34:05-04:00", 
      "action_code": "H32140", 
      "references": [
        {
          "reference": "CR H2610", 
          "type": "consideration"
        }
      ], 
      "text": "By unanimous consent, the Adams amendment was withdrawn.", 
      "type": "action"
    }, 
    {
      "acted_at": "2015-04-29T18:34:01-04:00", 
      "action_code": "H3A100", 
      "references": [
        {
          "reference": "CR H2610", 
          "type": "consideration"
        }, 
        {
          "reference": "CR H2610", 
          "type": "text"
        }
      ], 
      "text": "Amendment (A025) offered by Ms. Adams.", 
      "type": "action"
    }, 
    {
      "acted_at": "2015-04-29", 
      "action_code": "", 
      "references": [], 
      "text": "", 
      "type": "action"
    }, 
    {
      "acted_at": "2015-04-29", 
      "action_code": "71000", 
      "references": [], 
      "text": "House amendment offered", 
      "type": "action"
    }, 
    {
      "acted_at": "2015-04-29T18:34:01-04:00", 
      "action_code": "71500", 
      "references": [
        {
          "reference": "CR H2610", 
          "type": "consideration"
        }, 
        {
          "reference": "CR H2610", 
          "type": "text"
        }
      ], 
      "text": "House amendment offered/reported by : Amendment (A025) offered by Ms. Adams.", 
      "type": "action"
    }
  ], 
  "amendment_id": "hamdt132-114", 
  "amendment_type": "hamdt", 
  "amends_amendment": null, 
  "amends_bill": {
    "bill_id": "hr2029-114", 
    "bill_type": "hr", 
    "congress": 114, 
    "number": 2029
  }, 
  "amends_treaty": null, 
  "chamber": "h", 
  "congress": "114", 
  "description": null, 
  "introduced_at": "2015-04-29", 
  "number": 132, 
  "purpose": "An amendment under the General Operating Expenses, Veterans Benefits Administration account for FY 2016 may be used by the Secretary of Veterans Affairs to provide discretionary competitive grants for State and local governments to establish or expand technology systems that develop a coordinated network of private, public and nonprofit services and resources to better serve veterans and their family members.", 
  "sponsor": {
    "bioguide_id": "A000370", 
    "district": "12", 
    "name": "Adams, Alma S.", 
    "state": "NC", 
    "thomas_id": "02201", 
    "title": "Rep", 
    "type": "person"
  }, 
  "status": "offered", 
  "status_at": "2015-04-29", 
  "updated_at": "2016-08-01T13:27:20Z"
}