{
  "actions": [
    {
      "acted_at": "2015-04-30T20:39:11-04:00", 
      "action_code": "H32111", 
      "how": "by voice vote", 
      "references": [], 
      "result": "pass", 
      "text": "On agreeing to the Engel amendment (A039) Agreed to by voice vote.", 
      "type": "vote", 
      "vote_type": "vote", 
      "where": "h"
    }, 
    {
      "acted_at": "2015-04-30T20:35:43-04:00", 
      "action_code": "H3A100", 
      "references": [
        {
          "reference": "CR H2722-2723", 
          "type": "consideration"
        }, 
        {
          "reference": "CR H2722", 
          "type": "text"
        }
      ], 
      "text": "Amendment (A039) offered by Mr. Engel.", 
      "type": "action"
    }, 
    {
      "acted_at": "2015-04-30", 
      "action_code": "", 
      "references": [], 
      "text": "", 
      "type": "action"
    }, 
    {
      "acted_at": "2015-04-30", 
      "action_code": "71000", 
      "references": [], 
      "text": "House amendment offered", 
      "type": "action"
    }, 
    {
      "acted_at": "2015-04-30T20:35:43-04:00", 
      "action_code": "71500", 
      "references": [
        {
          "reference": "CR H2722-2723", 
          "type": "consideration"
        }, 
        {
          "reference": "CR H2722", 
          "type": "text"
        }
      ], 
      "text": "House amendment offered/reported by : Amendment (A039) offered by Mr. Engel.", 
      "type": "action"
    }, 
    {
      "acted_at": "2015-04-30T20:39:11-04:00", 
      "action_code": "72000", 
      "references": [], 
      "text": "House amendment agreed to: On agreeing to the Engel amendment (A039) Agreed to by voice vote.", 
      "type": "action"
    }, 
    {
      "acted_at": "2015-04-30T20:39:11-04:00", 
      "action_code": "76000", 
      "references": [], 
      "text": "Amendment agreed to Committee of the Whole", 
      "type": "action"
    }
  ], 
  "amendment_id": "hamdt189-114", 
  "amendment_type": "hamdt", 
  "amends_amendment": null, 
  "amends_bill": {
    "bill_id": "hr2028-114", 
    "bill_type": "hr", 
    "congress": 114, 
    "number": 2028
  }, 
  "amends_treaty": null, 
  "chamber": "h", 
  "congress": "114", 
  "description": "At the end of the bill (before the short title), insert the following:    SEC.___. None of the funds made available by this Act may be used by the Department of Energy, the Department of the Interior, or any other Federal agency to lease or purchase new light duty vehicles for any executive fleet, or for an agency's fleet inventory, except in accordance with Presidential Memorandum--Federal Fleet Performance, dated May 24, 2011.", 
  "introduced_at": "2015-04-30", 
  "number": 189, 
  "purpose": "An amendment numbered 7 printed in the Congressional Record to prohibit the use of funds to lease or purchase new light duty vehicles for any executive fleet, or for an agency's fleet inventory, except in accordance with Presidential Memorandum- Federal Fleet Performance, dated May 24, 2011.", 
  "sponsor": {
    "bioguide_id": "E000179", 
    "district": "16", 
    "name": "Engel, Eliot L.", 
    "state": "NY", 
    "thomas_id": "00344", 
    "title": "Rep", 
    "type": "person"
  }, 
  "status": "pass", 
  "status_at": "2015-04-30T20:39:11-04:00", 
  "updated_at": "2016-08-01T13:27:19Z"
}