{
  "actions": [
    {
      "acted_at": "2015-05-01T10:19:29-04:00", 
      "action_code": "H32111", 
      "how": "roll", 
      "references": [
        {
          "reference": "CR H2780-2781", 
          "type": "consideration"
        }
      ], 
      "result": "pass", 
      "roll": 213, 
      "text": "On agreeing to the LaMalfa amendment (A060) Agreed to by recorded vote: 228 - 183 (Roll no. 213).", 
      "type": "vote", 
      "vote_type": "vote", 
      "where": "h"
    }, 
    {
      "acted_at": "2015-05-01T01:39:01-04:00", 
      "action_code": "H3A100", 
      "references": [
        {
          "reference": "CR 04/30/2015 H2763-2764", 
          "type": "consideration"
        }, 
        {
          "reference": "CR 04/30/2015 H2763", 
          "type": "text"
        }
      ], 
      "text": "Amendment (A060) offered by Mr. LaMalfa.", 
      "type": "action"
    }, 
    {
      "acted_at": "2015-05-01", 
      "action_code": "", 
      "references": [], 
      "text": "", 
      "type": "action"
    }, 
    {
      "acted_at": "2015-05-01", 
      "action_code": "71000", 
      "references": [], 
      "text": "House amendment offered", 
      "type": "action"
    }, 
    {
      "acted_at": "2015-05-01T01:39:01-04:00", 
      "action_code": "71500", 
      "references": [
        {
          "reference": "CR 04/30/2015 H2763-2764", 
          "type": "consideration"
        }, 
        {
          "reference": "CR 04/30/2015 H2763", 
          "type": "text"
        }
      ], 
      "text": "House amendment offered/reported by : Amendment (A060) offered by Mr. LaMalfa.", 
      "type": "action"
    }, 
    {
      "acted_at": "2015-05-01T10:19:29-04:00", 
      "action_code": "72000", 
      "references": [
        {
          "reference": "CR H2780-2781", 
          "type": "consideration"
        }
      ], 
      "text": "House amendment agreed to: On agreeing to the LaMalfa amendment (A060) Agreed to by recorded vote: 228 - 183 (Roll no. 213).", 
      "type": "action"
    }, 
    {
      "acted_at": "2015-05-01T10:19:29-04:00", 
      "action_code": "75000", 
      "references": [], 
      "text": "Roll call votes on amendments in House", 
      "type": "action"
    }, 
    {
      "acted_at": "2015-05-01T10:19:29-04:00", 
      "action_code": "76000", 
      "references": [], 
      "text": "Amendment agreed to Committee of the Whole", 
      "type": "action"
    }
  ], 
  "amendment_id": "hamdt210-114", 
  "amendment_type": "hamdt", 
  "amends_amendment": null, 
  "amends_bill": {
    "bill_id": "hr2028-114", 
    "bill_type": "hr", 
    "congress": 114, 
    "number": 2028
  }, 
  "amends_treaty": null, 
  "chamber": "h", 
  "congress": "114", 
  "description": "At the end of the bill (before the short title), insert the following:    Sec.___. None of the funds made available by this Act may be used to deliver water to the Trinity River above the minimum requirements of the Trinity Record of Decision or to supplement flows in the Klamath River.", 
  "introduced_at": "2015-05-01", 
  "number": 210, 
  "purpose": "An amendment to prohibit use of funds to deliver water to the Trinity River above the minimum requirements of the Trinity Record of Decision or to supplement flows in the Klamath River.", 
  "sponsor": {
    "bioguide_id": "L000578", 
    "district": "1", 
    "name": "LaMalfa, Doug", 
    "state": "CA", 
    "thomas_id": "02100", 
    "title": "Rep", 
    "type": "person"
  }, 
  "status": "pass", 
  "status_at": "2015-05-01T10:19:29-04:00", 
  "updated_at": "2016-08-01T13:27:19Z"
}