{
  "actions": [
    {
      "acted_at": "2015-06-10T18:27:05-04:00", 
      "action_code": "H32140", 
      "references": [
        {
          "reference": "CR H4070", 
          "type": "consideration"
        }
      ], 
      "text": "By unanimous consent, the Heck (NV) amendment was withdrawn.", 
      "type": "action"
    }, 
    {
      "acted_at": "2015-06-10T18:20:49-04:00", 
      "action_code": "H3A100", 
      "references": [
        {
          "reference": "CR H4070", 
          "type": "consideration"
        }, 
        {
          "reference": "CR H4070", 
          "type": "text"
        }
      ], 
      "text": "Amendment (A019) offered by Mr. Heck (NV).", 
      "type": "action"
    }, 
    {
      "acted_at": "2015-06-10", 
      "action_code": "", 
      "references": [], 
      "text": "", 
      "type": "action"
    }, 
    {
      "acted_at": "2015-06-10", 
      "action_code": "71000", 
      "references": [], 
      "text": "House amendment offered", 
      "type": "action"
    }, 
    {
      "acted_at": "2015-06-10T18:20:49-04:00", 
      "action_code": "71500", 
      "references": [
        {
          "reference": "CR H4070", 
          "type": "consideration"
        }, 
        {
          "reference": "CR H4070", 
          "type": "text"
        }
      ], 
      "text": "House amendment offered/reported by : Amendment (A019) offered by Mr. Heck (NV).", 
      "type": "action"
    }
  ], 
  "amendment_id": "hamdt459-114", 
  "amendment_type": "hamdt", 
  "amends_amendment": null, 
  "amends_bill": {
    "bill_id": "hr2685-114", 
    "bill_type": "hr", 
    "congress": 114, 
    "number": 2685
  }, 
  "amends_treaty": null, 
  "chamber": "h", 
  "congress": "114", 
  "description": null, 
  "introduced_at": "2015-06-10", 
  "number": 459, 
  "purpose": "An amendment to first reduce and then increase funding for Procurement of Weapons and Tracked Combat Vehicles, Army (Bradley upgrades) by $100 million.", 
  "sponsor": {
    "bioguide_id": "H001055", 
    "district": "3", 
    "name": "Heck, Joseph J.", 
    "state": "NV", 
    "thomas_id": "02040", 
    "title": "Rep", 
    "type": "person"
  }, 
  "status": "offered", 
  "status_at": "2015-06-10", 
  "updated_at": "2016-08-01T13:27:47Z"
}