{
  "actions": [
    {
      "acted_at": "2015-07-08T17:55:25-04:00", 
      "action_code": "H32111", 
      "how": "roll", 
      "references": [
        {
          "reference": "CR H4927-4928", 
          "type": "consideration"
        }
      ], 
      "result": "fail", 
      "roll": 414, 
      "text": "On agreeing to the Carson (IN) amendment (A035) Failed by recorded vote: 186 - 245 (Roll no. 414).", 
      "type": "vote", 
      "vote_type": "vote", 
      "where": "h"
    }, 
    {
      "acted_at": "2015-02-26T21:43:44-05:00", 
      "action_code": "H3A100", 
      "references": [
        {
          "reference": "CR H1290-1291", 
          "type": "consideration"
        }, 
        {
          "reference": "CR H1290", 
          "type": "text"
        }
      ], 
      "text": "Amendment (A035) offered by Mr. Carson (IN).", 
      "type": "action"
    }, 
    {
      "acted_at": "2015-02-26", 
      "action_code": "", 
      "references": [], 
      "text": "", 
      "type": "action"
    }, 
    {
      "acted_at": "2015-02-26", 
      "action_code": "71000", 
      "references": [], 
      "text": "House amendment offered", 
      "type": "action"
    }, 
    {
      "acted_at": "2015-02-26T21:43:44-05:00", 
      "action_code": "71500", 
      "references": [
        {
          "reference": "CR H1290-1291", 
          "type": "consideration"
        }, 
        {
          "reference": "CR H1290", 
          "type": "text"
        }
      ], 
      "text": "House amendment offered/reported by : Amendment (A035) offered by Mr. Carson (IN).", 
      "type": "action"
    }, 
    {
      "acted_at": "2015-07-08T17:55:25-04:00", 
      "action_code": "73000", 
      "references": [
        {
          "reference": "CR H4927-4928", 
          "type": "consideration"
        }
      ], 
      "text": "House amendment not agreed to: On agreeing to the Carson (IN) amendment (A035) Failed by recorded vote: 186 - 245 (Roll no. 414).", 
      "type": "action"
    }, 
    {
      "acted_at": "2015-07-08T17:55:25-04:00", 
      "action_code": "75000", 
      "references": [], 
      "text": "Roll call votes on amendments in House", 
      "type": "action"
    }, 
    {
      "acted_at": "2015-07-08T17:55:25-04:00", 
      "action_code": "77000", 
      "references": [], 
      "text": "Amendment failed in Committee of the Whole", 
      "type": "action"
    }
  ], 
  "amendment_id": "hamdt58-114", 
  "amendment_type": "hamdt", 
  "amends_amendment": null, 
  "amends_bill": {
    "bill_id": "hr5-114", 
    "bill_type": "hr", 
    "congress": 114, 
    "number": 5
  }, 
  "amends_treaty": null, 
  "chamber": "h", 
  "congress": "114", 
  "description": "Amendment sought to advance assessments of student achievement and instructional practices, effective teacher preparation and continuing professional development, education administration, and international comparisons. Amendment also sought to support development of a national research strategy to ensure that students, particularly at risk students, have effective teachers and are being prepared for the future.", 
  "introduced_at": "2015-02-26", 
  "number": 58, 
  "purpose": "An amendment No. 35 printed in part B of House Report 114-29 to advance assessments of student achievement and instructional practices, effective teacher preparation and continuing professional development, education administration, and international comparisons. The amendment supports development of a national research strategy to ensure that students, particularly at risk students, have effective teachers and are being prepared for the future.", 
  "sponsor": {
    "bioguide_id": "C001072", 
    "district": "7", 
    "name": "Carson, Andre", 
    "state": "IN", 
    "thomas_id": "01889", 
    "title": "Rep", 
    "type": "person"
  }, 
  "status": "fail", 
  "status_at": "2015-07-08T17:55:25-04:00", 
  "updated_at": "2016-08-01T13:26:00Z"
}