{
  "actions": [
    {
      "acted_at": "2015-06-10T19:01:59-04:00", 
      "action_code": "H32111", 
      "how": "by voice vote", 
      "references": [], 
      "result": "pass", 
      "text": "On agreeing to the Aguilar amendment (A025) Agreed to by voice vote.", 
      "type": "vote", 
      "vote_type": "vote", 
      "where": "h"
    }, 
    {
      "acted_at": "2015-06-10T18:58:39-04:00", 
      "action_code": "H3A100", 
      "references": [
        {
          "reference": "CR H4076", 
          "type": "consideration"
        }, 
        {
          "reference": "CR H4076", 
          "type": "text"
        }
      ], 
      "text": "Amendment (A025) offered by Mr. Aguilar.", 
      "type": "action"
    }, 
    {
      "acted_at": "2015-06-10", 
      "action_code": "", 
      "references": [], 
      "text": "", 
      "type": "action"
    }, 
    {
      "acted_at": "2015-06-10", 
      "action_code": "71000", 
      "references": [], 
      "text": "House amendment offered", 
      "type": "action"
    }, 
    {
      "acted_at": "2015-06-10T18:58:39-04:00", 
      "action_code": "71500", 
      "references": [
        {
          "reference": "CR H4076", 
          "type": "consideration"
        }, 
        {
          "reference": "CR H4076", 
          "type": "text"
        }
      ], 
      "text": "House amendment offered/reported by : Amendment (A025) offered by Mr. Aguilar.", 
      "type": "action"
    }, 
    {
      "acted_at": "2015-06-10T19:01:59-04:00", 
      "action_code": "72000", 
      "references": [], 
      "text": "House amendment agreed to: On agreeing to the Aguilar amendment (A025) Agreed to by voice vote.", 
      "type": "action"
    }, 
    {
      "acted_at": "2015-06-10T19:01:59-04:00", 
      "action_code": "76000", 
      "references": [], 
      "text": "Amendment agreed to Committee of the Whole", 
      "type": "action"
    }
  ], 
  "amendment_id": "hamdt465-114", 
  "amendment_type": "hamdt", 
  "amends_amendment": null, 
  "amends_bill": {
    "bill_id": "hr2685-114", 
    "bill_type": "hr", 
    "congress": 114, 
    "number": 2685
  }, 
  "amends_treaty": null, 
  "chamber": "h", 
  "congress": "114", 
  "description": "Amendment reduces and then increases funding for Defense Health Programs by $1 million and reduces and then increases funding for RDTE by a similar amount in order to address suicide prevention studies.", 
  "introduced_at": "2015-06-10", 
  "number": 465, 
  "purpose": "An amendment to first reduce, then increase funding for Defense Health Program by $1 million and then reduce and increase funding for RDTE (suicide prevention) by a similar amount.", 
  "sponsor": {
    "bioguide_id": "A000371", 
    "district": "31", 
    "name": "Aguilar, Pete", 
    "state": "CA", 
    "thomas_id": "02229", 
    "title": "Rep", 
    "type": "person"
  }, 
  "status": "pass", 
  "status_at": "2015-06-10T19:01:59-04:00", 
  "updated_at": "2016-08-01T13:27:47Z"
}