{
  "actions": [
    {
      "acted_at": "2015-04-29T16:32:23-04:00", 
      "action_code": "H32111", 
      "how": "by voice vote", 
      "references": [], 
      "result": "pass", 
      "text": "On agreeing to the Gosar amendment (A007) Agreed to by voice vote.", 
      "type": "vote", 
      "vote_type": "vote", 
      "where": "h"
    }, 
    {
      "acted_at": "2015-04-29T16:30:06-04:00", 
      "action_code": "H3A100", 
      "references": [
        {
          "reference": "CR H2592-2593", 
          "type": "consideration"
        }, 
        {
          "reference": "CR H2592-2593", 
          "type": "text"
        }
      ], 
      "text": "Amendment (A007) offered by Mr. Gosar.", 
      "type": "action"
    }, 
    {
      "acted_at": "2015-04-29", 
      "action_code": "", 
      "references": [], 
      "text": "", 
      "type": "action"
    }, 
    {
      "acted_at": "2015-04-29", 
      "action_code": "71000", 
      "references": [], 
      "text": "House amendment offered", 
      "type": "action"
    }, 
    {
      "acted_at": "2015-04-29T16:30:06-04:00", 
      "action_code": "71500", 
      "references": [
        {
          "reference": "CR H2592-2593", 
          "type": "consideration"
        }, 
        {
          "reference": "CR H2592-2593", 
          "type": "text"
        }
      ], 
      "text": "House amendment offered/reported by : Amendment (A007) offered by Mr. Gosar.", 
      "type": "action"
    }, 
    {
      "acted_at": "2015-04-29T16:32:23-04:00", 
      "action_code": "72000", 
      "references": [], 
      "text": "House amendment agreed to: On agreeing to the Gosar amendment (A007) Agreed to by voice vote.", 
      "type": "action"
    }, 
    {
      "acted_at": "2015-04-29T16:32:23-04:00", 
      "action_code": "76000", 
      "references": [], 
      "text": "Amendment agreed to Committee of the Whole", 
      "type": "action"
    }
  ], 
  "amendment_id": "hamdt114-114", 
  "amendment_type": "hamdt", 
  "amends_amendment": null, 
  "amends_bill": {
    "bill_id": "hr2029-114", 
    "bill_type": "hr", 
    "congress": 114, 
    "number": 2029
  }, 
  "amends_treaty": null, 
  "chamber": "h", 
  "congress": "114", 
  "description": "Amendment provides an additional $2 million for reduction of the backlog by the Board of Veterans Appeals.", 
  "introduced_at": "2015-04-29", 
  "number": 114, 
  "purpose": "An amendment to redirect $2,000,000 in funding with in the Departmental Administration General Administration in the Department of Veterans Affairs.", 
  "sponsor": {
    "bioguide_id": "G000565", 
    "district": "4", 
    "name": "Gosar, Paul A.", 
    "state": "AZ", 
    "thomas_id": "01992", 
    "title": "Rep", 
    "type": "person"
  }, 
  "status": "pass", 
  "status_at": "2015-04-29T16:32:23-04:00", 
  "updated_at": "2016-08-01T13:27:21Z"
}