{
  "actions": [
    {
      "acted_at": "2015-06-03T18:26:16-04:00", 
      "action_code": "H32111", 
      "how": "roll", 
      "references": [], 
      "result": "pass", 
      "roll": 290, 
      "text": "On agreeing to the Massie amendment (A074) Agreed to by recorded vote: 383 - 43 (Roll no. 290).", 
      "type": "vote", 
      "vote_type": "vote", 
      "where": "h"
    }, 
    {
      "acted_at": "2015-06-03T15:16:54-04:00", 
      "action_code": "H3A100", 
      "references": [
        {
          "reference": "CR H3793-3794, H3810-3811", 
          "type": "consideration"
        }, 
        {
          "reference": "CR H3793", 
          "type": "text"
        }
      ], 
      "text": "Amendment (A074) offered by Mr. Massie.", 
      "type": "action"
    }, 
    {
      "acted_at": "2015-06-03", 
      "action_code": "", 
      "references": [], 
      "text": "", 
      "type": "action"
    }, 
    {
      "acted_at": "2015-06-03", 
      "action_code": "71000", 
      "references": [], 
      "text": "House amendment offered", 
      "type": "action"
    }, 
    {
      "acted_at": "2015-06-03T15:16:54-04:00", 
      "action_code": "71500", 
      "references": [
        {
          "reference": "CR H3793-3794, H3810-3811", 
          "type": "consideration"
        }, 
        {
          "reference": "CR H3793", 
          "type": "text"
        }
      ], 
      "text": "House amendment offered/reported by : Amendment (A074) offered by Mr. Massie.", 
      "type": "action"
    }, 
    {
      "acted_at": "2015-06-03T18:26:16-04:00", 
      "action_code": "72000", 
      "references": [], 
      "text": "House amendment agreed to: On agreeing to the Massie amendment (A074) Agreed to by recorded vote: 383 - 43 (Roll no. 290).", 
      "type": "action"
    }, 
    {
      "acted_at": "2015-06-03T18:26:16-04:00", 
      "action_code": "75000", 
      "references": [], 
      "text": "Roll call votes on amendments in House", 
      "type": "action"
    }, 
    {
      "acted_at": "2015-06-03T18:26:16-04:00", 
      "action_code": "76000", 
      "references": [], 
      "text": "Amendment agreed to Committee of the Whole", 
      "type": "action"
    }
  ], 
  "amendment_id": "hamdt342-114", 
  "amendment_type": "hamdt", 
  "amends_amendment": null, 
  "amends_bill": {
    "bill_id": "hr2578-114", 
    "bill_type": "hr", 
    "congress": 114, 
    "number": 2578
  }, 
  "amends_treaty": null, 
  "chamber": "h", 
  "congress": "114", 
  "description": "Amendment prohibits the use of funds by the National Institute of Standards and Technology to consult with the National Security Agency or the CIA to alter cryptographic or computer standards, except to improve information security.", 
  "introduced_at": "2015-06-03", 
  "number": 342, 
  "purpose": "An amendment to prohibit the use of funds by the National Institute of Standards and Technology to consult with the National Security Agency or the CIA to alter cryptographic or computer standards, except to improve information security.", 
  "sponsor": {
    "bioguide_id": "M001184", 
    "district": "4", 
    "name": "Massie, Thomas", 
    "state": "KY", 
    "thomas_id": "02094", 
    "title": "Rep", 
    "type": "person"
  }, 
  "status": "pass", 
  "status_at": "2015-06-03T18:26:16-04:00", 
  "updated_at": "2016-08-01T13:27:41Z"
}