{
  "actions": [
    {
      "acted_at": "2015-05-20T16:37:22-04:00", 
      "action_code": "H32111", 
      "how": "by voice vote", 
      "references": [], 
      "result": "pass", 
      "text": "On agreeing to the Esty amendment (A004) Agreed to by voice vote.", 
      "type": "vote", 
      "vote_type": "vote", 
      "where": "h"
    }, 
    {
      "acted_at": "2015-05-20T16:31:23-04:00", 
      "action_code": "H3A100", 
      "references": [
        {
          "reference": "CR H3449-3450", 
          "type": "consideration"
        }, 
        {
          "reference": "CR H3449", 
          "type": "text"
        }
      ], 
      "text": "Amendment (A004) offered by Ms. Esty.", 
      "type": "action"
    }, 
    {
      "acted_at": "2015-05-20", 
      "action_code": "", 
      "references": [], 
      "text": "", 
      "type": "action"
    }, 
    {
      "acted_at": "2015-05-20", 
      "action_code": "71000", 
      "references": [], 
      "text": "House amendment offered", 
      "type": "action"
    }, 
    {
      "acted_at": "2015-05-20T16:31:23-04:00", 
      "action_code": "71500", 
      "references": [
        {
          "reference": "CR H3449-3450", 
          "type": "consideration"
        }, 
        {
          "reference": "CR H3449", 
          "type": "text"
        }
      ], 
      "text": "House amendment offered/reported by : Amendment (A004) offered by Ms. Esty.", 
      "type": "action"
    }, 
    {
      "acted_at": "2015-05-20T16:37:22-04:00", 
      "action_code": "72000", 
      "references": [], 
      "text": "House amendment agreed to: On agreeing to the Esty amendment (A004) Agreed to by voice vote.", 
      "type": "action"
    }, 
    {
      "acted_at": "2015-05-20T16:37:22-04:00", 
      "action_code": "76000", 
      "references": [], 
      "text": "Amendment agreed to Committee of the Whole", 
      "type": "action"
    }
  ], 
  "amendment_id": "hamdt246-114", 
  "amendment_type": "hamdt", 
  "amends_amendment": null, 
  "amends_bill": {
    "bill_id": "hr1806-114", 
    "bill_type": "hr", 
    "congress": 114, 
    "number": 1806
  }, 
  "amends_treaty": null, 
  "chamber": "h", 
  "congress": "114", 
  "description": "Amendment increased support for women in entrepreneurship at the National Science Foundation's Innovation Corps, also known as the I-Corps.", 
  "introduced_at": "2015-05-20", 
  "number": 246, 
  "purpose": "An amendment No. 4 printed in part A of House Report 114-120 to instruct NSF's I-Corps to support and invest in female entrepreneurs.", 
  "sponsor": {
    "bioguide_id": "E000293", 
    "district": "5", 
    "name": "Esty, Elizabeth H.", 
    "state": "CT", 
    "thomas_id": "02114", 
    "title": "Rep", 
    "type": "person"
  }, 
  "status": "pass", 
  "status_at": "2015-05-20T16:37:22-04:00", 
  "updated_at": "2016-08-01T13:27:11Z"
}