{
  "actions": [
    {
      "acted_at": "2015-06-10T23:54:57-04:00", 
      "action_code": "H32111", 
      "how": "by voice vote", 
      "references": [], 
      "result": "pass", 
      "text": "On agreeing to the Yoho amendment (A047) Agreed to by voice vote.", 
      "type": "vote", 
      "vote_type": "vote", 
      "where": "h"
    }, 
    {
      "acted_at": "2015-06-10T23:54:49-04:00", 
      "action_code": "H3A100", 
      "references": [
        {
          "reference": "CR H4120", 
          "type": "consideration"
        }, 
        {
          "reference": "CR H4120", 
          "type": "text"
        }
      ], 
      "text": "Amendment (A047) offered by Mr. Yoho.", 
      "type": "action"
    }, 
    {
      "acted_at": "2015-06-10", 
      "action_code": "", 
      "references": [], 
      "text": "", 
      "type": "action"
    }, 
    {
      "acted_at": "2015-06-10", 
      "action_code": "71000", 
      "references": [], 
      "text": "House amendment offered", 
      "type": "action"
    }, 
    {
      "acted_at": "2015-06-10T23:54:49-04:00", 
      "action_code": "71500", 
      "references": [
        {
          "reference": "CR H4120", 
          "type": "consideration"
        }, 
        {
          "reference": "CR H4120", 
          "type": "text"
        }
      ], 
      "text": "House amendment offered/reported by : Amendment (A047) offered by Mr. Yoho.", 
      "type": "action"
    }, 
    {
      "acted_at": "2015-06-10T23:54:57-04:00", 
      "action_code": "72000", 
      "references": [], 
      "text": "House amendment agreed to: On agreeing to the Yoho amendment (A047) Agreed to by voice vote.", 
      "type": "action"
    }, 
    {
      "acted_at": "2015-06-10T23:54:57-04:00", 
      "action_code": "76000", 
      "references": [], 
      "text": "Amendment agreed to Committee of the Whole", 
      "type": "action"
    }
  ], 
  "amendment_id": "hamdt487-114", 
  "amendment_type": "hamdt", 
  "amends_amendment": null, 
  "amends_bill": {
    "bill_id": "hr2685-114", 
    "bill_type": "hr", 
    "congress": 114, 
    "number": 2685
  }, 
  "amends_treaty": null, 
  "chamber": "h", 
  "congress": "114", 
  "description": "At the end of the bill (before the short title), insert the following:    SEC.___. None of the funds made available by this Act under the heading \"Iraq Train and Equip Fund\" may be used to procure or transfer man-portable air defense systems.", 
  "introduced_at": "2015-06-10", 
  "number": 487, 
  "purpose": "An amendment to prohibit use of funds under the heading \"Iraq Train and Equip Fund\" to procure or transfer man-portable air defense systems.", 
  "sponsor": {
    "bioguide_id": "Y000065", 
    "district": "3", 
    "name": "Yoho, Ted S.", 
    "state": "FL", 
    "thomas_id": "02115", 
    "title": "Rep", 
    "type": "person"
  }, 
  "status": "pass", 
  "status_at": "2015-06-10T23:54:57-04:00", 
  "updated_at": "2016-08-01T13:27:47Z"
}