{
  "actions": [
    {
      "acted_at": "2015-05-14T21:27:46-04:00", 
      "action_code": "H32111", 
      "how": "by voice vote", 
      "references": [], 
      "result": "pass", 
      "text": "On agreeing to the Burgess amendment (A020) Agreed to by voice vote.", 
      "type": "vote", 
      "vote_type": "vote", 
      "where": "h"
    }, 
    {
      "acted_at": "2015-05-14T21:17:51-04:00", 
      "action_code": "H3A100", 
      "references": [
        {
          "reference": "CR H3205-3206", 
          "type": "consideration"
        }, 
        {
          "reference": "CR H3205", 
          "type": "text"
        }
      ], 
      "text": "Amendment (A020) offered by Mr. Burgess.", 
      "type": "action"
    }, 
    {
      "acted_at": "2015-05-14", 
      "action_code": "", 
      "references": [], 
      "text": "", 
      "type": "action"
    }, 
    {
      "acted_at": "2015-05-14", 
      "action_code": "71000", 
      "references": [], 
      "text": "House amendment offered", 
      "type": "action"
    }, 
    {
      "acted_at": "2015-05-14T21:17:51-04:00", 
      "action_code": "71500", 
      "references": [
        {
          "reference": "CR H3205-3206", 
          "type": "consideration"
        }, 
        {
          "reference": "CR H3205", 
          "type": "text"
        }
      ], 
      "text": "House amendment offered/reported by : Amendment (A020) offered by Mr. Burgess.", 
      "type": "action"
    }, 
    {
      "acted_at": "2015-05-14T21:27:46-04:00", 
      "action_code": "72000", 
      "references": [], 
      "text": "House amendment agreed to: On agreeing to the Burgess amendment (A020) Agreed to by voice vote.", 
      "type": "action"
    }, 
    {
      "acted_at": "2015-05-14T21:27:46-04:00", 
      "action_code": "76000", 
      "references": [], 
      "text": "Amendment agreed to Committee of the Whole", 
      "type": "action"
    }
  ], 
  "amendment_id": "hamdt235-114", 
  "amendment_type": "hamdt", 
  "amends_amendment": null, 
  "amends_bill": {
    "bill_id": "hr1735-114", 
    "bill_type": "hr", 
    "congress": 114, 
    "number": 1735
  }, 
  "amends_treaty": null, 
  "chamber": "h", 
  "congress": "114", 
  "description": "Page 426, after line 6, insert the following new section:    SEC. 1004. REPORT ON AUDITABLE FINANCIAL STATEMENTS.    Not later than 30 days after the date of enactment of this Act, the Secretary of Defense shall submit to the congressional defense committees a report ranking all military departments and Defense Agencies in order of how advanced they are in achieving auditable financial statements as required by law. The report should not include information otherwise available in other reports to Congress.", 
  "introduced_at": "2015-05-14", 
  "number": 235, 
  "purpose": "An amendment No. 83 printed in House Report 114-112 to require a report ranking all military departments and Defense Agencies in order of how advanced they are in achieving auditable financial statements as required by law.", 
  "sponsor": {
    "bioguide_id": "B001248", 
    "district": "26", 
    "name": "Burgess, Michael C.", 
    "state": "TX", 
    "thomas_id": "01751", 
    "title": "Rep", 
    "type": "person"
  }, 
  "status": "pass", 
  "status_at": "2015-05-14T21:27:46-04:00", 
  "updated_at": "2016-06-15T13:41:45Z"
}