{
  "actions": [
    {
      "acted_at": "2015-06-11T14:08:43-04:00", 
      "action_code": "H32111", 
      "how": "roll", 
      "references": [
        {
          "reference": "CR H4219-4220", 
          "type": "consideration"
        }
      ], 
      "result": "fail", 
      "roll": 348, 
      "text": "On agreeing to the Lee amendment (A044) Failed by recorded vote: 165 - 264 (Roll no. 348).", 
      "type": "vote", 
      "vote_type": "vote", 
      "where": "h"
    }, 
    {
      "acted_at": "2015-06-10T23:36:39-04:00", 
      "action_code": "H3A100", 
      "references": [
        {
          "reference": "CR H4118-4119", 
          "type": "consideration"
        }, 
        {
          "reference": "CR H4118", 
          "type": "text"
        }
      ], 
      "text": "Amendment (A044) offered by Ms. Lee.", 
      "type": "action"
    }, 
    {
      "acted_at": "2015-06-10", 
      "action_code": "", 
      "references": [], 
      "text": "", 
      "type": "action"
    }, 
    {
      "acted_at": "2015-06-10", 
      "action_code": "71000", 
      "references": [], 
      "text": "House amendment offered", 
      "type": "action"
    }, 
    {
      "acted_at": "2015-06-10T23:36:39-04:00", 
      "action_code": "71500", 
      "references": [
        {
          "reference": "CR H4118-4119", 
          "type": "consideration"
        }, 
        {
          "reference": "CR H4118", 
          "type": "text"
        }
      ], 
      "text": "House amendment offered/reported by : Amendment (A044) offered by Ms. Lee.", 
      "type": "action"
    }, 
    {
      "acted_at": "2015-06-11T14:08:43-04:00", 
      "action_code": "73000", 
      "references": [
        {
          "reference": "CR H4219-4220", 
          "type": "consideration"
        }
      ], 
      "text": "House amendment not agreed to: On agreeing to the Lee amendment (A044) Failed by recorded vote: 165 - 264 (Roll no. 348).", 
      "type": "action"
    }, 
    {
      "acted_at": "2015-06-11T14:08:43-04:00", 
      "action_code": "75000", 
      "references": [], 
      "text": "Roll call votes on amendments in House", 
      "type": "action"
    }, 
    {
      "acted_at": "2015-06-11T14:08:43-04:00", 
      "action_code": "77000", 
      "references": [], 
      "text": "Amendment failed in Committee of the Whole", 
      "type": "action"
    }
  ], 
  "amendment_id": "hamdt484-114", 
  "amendment_type": "hamdt", 
  "amends_amendment": null, 
  "amends_bill": {
    "bill_id": "hr2685-114", 
    "bill_type": "hr", 
    "congress": 114, 
    "number": 2685
  }, 
  "amends_treaty": null, 
  "chamber": "h", 
  "congress": "114", 
  "description": "Amendment sought to prohibit the use of funds for obligation or expenditure pursuant to the Authorization for Use of Military Force Against Iraq Resolution of 2002.", 
  "introduced_at": "2015-06-10", 
  "number": 484, 
  "purpose": "An amendment to prohibit the use of funds for obligation or expenditure pursuant to the Authorization for Use of Military Force Against Iraq Resolution of 2002.", 
  "sponsor": {
    "bioguide_id": "L000551", 
    "district": "13", 
    "name": "Lee, Barbara", 
    "state": "CA", 
    "thomas_id": "01501", 
    "title": "Rep", 
    "type": "person"
  }, 
  "status": "fail", 
  "status_at": "2015-06-11T14:08:43-04:00", 
  "updated_at": "2016-08-01T13:27:47Z"
}