{
  "actions": [
    {
      "acted_at": "2015-06-03T14:39:42-04:00", 
      "action_code": "H32111", 
      "how": "roll", 
      "references": [
        {
          "reference": "CR H3789-3790", 
          "type": "consideration"
        }
      ], 
      "result": "pass", 
      "roll": 287, 
      "text": "On agreeing to the Garrett amendment (A069) Agreed to by recorded vote: 232 - 196 (Roll no. 287).", 
      "type": "vote", 
      "vote_type": "vote", 
      "where": "h"
    }, 
    {
      "acted_at": "2015-06-03T01:40:47-04:00", 
      "action_code": "H3A100", 
      "references": [
        {
          "reference": "CR H3752-3753", 
          "type": "consideration"
        }, 
        {
          "reference": "CR H3752", 
          "type": "text"
        }
      ], 
      "text": "Amendment (A069) offered by Mr. Garrett.", 
      "type": "action"
    }, 
    {
      "acted_at": "2015-06-03", 
      "action_code": "", 
      "references": [], 
      "text": "", 
      "type": "action"
    }, 
    {
      "acted_at": "2015-06-03", 
      "action_code": "71000", 
      "references": [], 
      "text": "House amendment offered", 
      "type": "action"
    }, 
    {
      "acted_at": "2015-06-03T01:40:47-04:00", 
      "action_code": "71500", 
      "references": [
        {
          "reference": "CR H3752-3753", 
          "type": "consideration"
        }, 
        {
          "reference": "CR H3752", 
          "type": "text"
        }
      ], 
      "text": "House amendment offered/reported by : Amendment (A069) offered by Mr. Garrett.", 
      "type": "action"
    }, 
    {
      "acted_at": "2015-06-03T14:39:42-04:00", 
      "action_code": "72000", 
      "references": [
        {
          "reference": "CR H3789-3790", 
          "type": "consideration"
        }
      ], 
      "text": "House amendment agreed to: On agreeing to the Garrett amendment (A069) Agreed to by recorded vote: 232 - 196 (Roll no. 287).", 
      "type": "action"
    }, 
    {
      "acted_at": "2015-06-03T14:39:42-04:00", 
      "action_code": "75000", 
      "references": [], 
      "text": "Roll call votes on amendments in House", 
      "type": "action"
    }, 
    {
      "acted_at": "2015-06-03T14:39:42-04:00", 
      "action_code": "76000", 
      "references": [], 
      "text": "Amendment agreed to Committee of the Whole", 
      "type": "action"
    }
  ], 
  "amendment_id": "hamdt337-114", 
  "amendment_type": "hamdt", 
  "amends_amendment": null, 
  "amends_bill": {
    "bill_id": "hr2578-114", 
    "bill_type": "hr", 
    "congress": 114, 
    "number": 2578
  }, 
  "amends_treaty": null, 
  "chamber": "h", 
  "congress": "114", 
  "description": "Amendment prohibits the use of funds to enforce the Fair Housing Act in a manner that relies upon an allegation of liability under section 100.500 of title 24, Code of Federal Regulations (disparate impact).", 
  "introduced_at": "2015-06-03", 
  "number": 337, 
  "purpose": "An amendment to prohibit the use of funds to enforce the Fair Housing Act in a manner that relies upon an allegation of liability under section 100.500 of title 24, Code of Federal Regulations.", 
  "sponsor": {
    "bioguide_id": "G000548", 
    "district": "5", 
    "name": "Garrett, Scott", 
    "state": "NJ", 
    "thomas_id": "01737", 
    "title": "Rep", 
    "type": "person"
  }, 
  "status": "pass", 
  "status_at": "2015-06-03T14:39:42-04:00", 
  "updated_at": "2016-08-01T13:27:41Z"
}