{
  "actions": [
    {
      "acted_at": "2015-03-17T15:10:49-04:00", 
      "action_code": "H32111", 
      "how": "by voice vote", 
      "references": [], 
      "result": "fail", 
      "text": "On agreeing to the Bonamici amendment (A004) Failed by voice vote.", 
      "type": "vote", 
      "vote_type": "vote", 
      "where": "h"
    }, 
    {
      "acted_at": "2015-03-17T14:57:29-04:00", 
      "action_code": "H3A100", 
      "references": [
        {
          "reference": "CR H1688-1691", 
          "type": "consideration"
        }, 
        {
          "reference": "CR H1689", 
          "type": "text"
        }
      ], 
      "text": "Amendment (A004) offered by Ms. Bonamici.", 
      "type": "action"
    }, 
    {
      "acted_at": "2015-03-17", 
      "action_code": "", 
      "references": [], 
      "text": "", 
      "type": "action"
    }, 
    {
      "acted_at": "2015-03-17", 
      "action_code": "71000", 
      "references": [], 
      "text": "House amendment offered", 
      "type": "action"
    }, 
    {
      "acted_at": "2015-03-17T14:57:29-04:00", 
      "action_code": "71500", 
      "references": [
        {
          "reference": "CR H1688-1691", 
          "type": "consideration"
        }, 
        {
          "reference": "CR H1689", 
          "type": "text"
        }
      ], 
      "text": "House amendment offered/reported by : Amendment (A004) offered by Ms. Bonamici.", 
      "type": "action"
    }, 
    {
      "acted_at": "2015-03-17T15:10:49-04:00", 
      "action_code": "73000", 
      "references": [], 
      "text": "House amendment not agreed to: On agreeing to the Bonamici amendment (A004) Failed by voice vote.", 
      "type": "action"
    }, 
    {
      "acted_at": "2015-03-17T15:10:49-04:00", 
      "action_code": "77000", 
      "references": [], 
      "text": "Amendment failed in Committee of the Whole", 
      "type": "action"
    }
  ], 
  "amendment_id": "hamdt77-114", 
  "amendment_type": "hamdt", 
  "amends_amendment": null, 
  "amends_bill": {
    "bill_id": "hr1029-114", 
    "bill_type": "hr", 
    "congress": 114, 
    "number": 1029
  }, 
  "amends_treaty": null, 
  "chamber": "h", 
  "congress": "114", 
  "description": "Amendment sought to improve the selection of members for EPA's Science Advisory Board by increasing transparency and ensuring balance among board participants and promotes public participation in the Board's review process.", 
  "introduced_at": "2015-03-17", 
  "number": 77, 
  "purpose": "An amendment numbered 4 printed in Part A of House Report 114-37 to improve the selection of members for EPA's Science Advisory Board by increasing transparency and ensuring balance among board participants and promotes public participation in the Board's review process.", 
  "sponsor": {
    "bioguide_id": "B001278", 
    "district": "1", 
    "name": "Bonamici, Suzanne", 
    "state": "OR", 
    "thomas_id": "02092", 
    "title": "Rep", 
    "type": "person"
  }, 
  "status": "fail", 
  "status_at": "2015-03-17T15:10:49-04:00", 
  "updated_at": "2016-08-01T13:26:39Z"
}