{
  "actions": [
    {
      "acted_at": "2015-04-29T21:16:51-04:00", 
      "action_code": "H32111", 
      "how": "by voice vote", 
      "references": [], 
      "result": "pass", 
      "text": "On agreeing to the Murphy (FL) amendment (A003) Agreed to by voice vote.", 
      "type": "vote", 
      "vote_type": "vote", 
      "where": "h"
    }, 
    {
      "acted_at": "2015-04-29T21:11:37-04:00", 
      "action_code": "H3A100", 
      "references": [
        {
          "reference": "CR H2633-2624", 
          "type": "consideration"
        }, 
        {
          "reference": "CR H2634", 
          "type": "text"
        }
      ], 
      "text": "Amendment (A003) offered by Mr. Murphy (FL).", 
      "type": "action"
    }, 
    {
      "acted_at": "2015-04-29", 
      "action_code": "", 
      "references": [], 
      "text": "", 
      "type": "action"
    }, 
    {
      "acted_at": "2015-04-29", 
      "action_code": "71000", 
      "references": [], 
      "text": "House amendment offered", 
      "type": "action"
    }, 
    {
      "acted_at": "2015-04-29T21:11:37-04:00", 
      "action_code": "71500", 
      "references": [
        {
          "reference": "CR H2633-2624", 
          "type": "consideration"
        }, 
        {
          "reference": "CR H2634", 
          "type": "text"
        }
      ], 
      "text": "House amendment offered/reported by : Amendment (A003) offered by Mr. Murphy (FL).", 
      "type": "action"
    }, 
    {
      "acted_at": "2015-04-29T21:16:51-04:00", 
      "action_code": "72000", 
      "references": [], 
      "text": "House amendment agreed to: On agreeing to the Murphy (FL) amendment (A003) Agreed to by voice vote.", 
      "type": "action"
    }, 
    {
      "acted_at": "2015-04-29T21:16:51-04:00", 
      "action_code": "76000", 
      "references": [], 
      "text": "Amendment agreed to Committee of the Whole", 
      "type": "action"
    }
  ], 
  "amendment_id": "hamdt153-114", 
  "amendment_type": "hamdt", 
  "amends_amendment": null, 
  "amends_bill": {
    "bill_id": "hr2028-114", 
    "bill_type": "hr", 
    "congress": 114, 
    "number": 2028
  }, 
  "amends_treaty": null, 
  "chamber": "h", 
  "congress": "114", 
  "description": "Amendment increases funding for Army Corps of Engineers Construction by $1 million and reduces funding for Expenses by a similar amount in order to address environmental restoration in the Everglades watershed.", 
  "introduced_at": "2015-04-29", 
  "number": 153, 
  "purpose": "An amendment to increase funding for Army Corps of Engineers Construction by $1 million and reduce funding for Expenses by a similar amount.", 
  "sponsor": {
    "bioguide_id": "M001191", 
    "district": "18", 
    "name": "Murphy, Patrick", 
    "state": "FL", 
    "thomas_id": "02117", 
    "title": "Rep", 
    "type": "person"
  }, 
  "status": "pass", 
  "status_at": "2015-04-29T21:16:51-04:00", 
  "updated_at": "2016-08-01T13:27:19Z"
}