{
  "actions": [
    {
      "acted_at": "2015-06-02T20:03:36-04:00", 
      "action_code": "H32111", 
      "how": "by voice vote", 
      "references": [], 
      "result": "fail", 
      "text": "On agreeing to the Byrne amendment (A033) Failed by voice vote.", 
      "type": "vote", 
      "vote_type": "vote", 
      "where": "h"
    }, 
    {
      "acted_at": "2015-06-02T19:56:29-04:00", 
      "action_code": "H3A100", 
      "references": [
        {
          "reference": "CR H3707-3708", 
          "type": "consideration"
        }, 
        {
          "reference": "CR H3707", 
          "type": "text"
        }
      ], 
      "text": "Amendment (A033) offered by Mr. Byrne.", 
      "type": "action"
    }, 
    {
      "acted_at": "2015-06-02", 
      "action_code": "", 
      "references": [], 
      "text": "", 
      "type": "action"
    }, 
    {
      "acted_at": "2015-06-02", 
      "action_code": "71000", 
      "references": [], 
      "text": "House amendment offered", 
      "type": "action"
    }, 
    {
      "acted_at": "2015-06-02T19:56:29-04:00", 
      "action_code": "71500", 
      "references": [
        {
          "reference": "CR H3707-3708", 
          "type": "consideration"
        }, 
        {
          "reference": "CR H3707", 
          "type": "text"
        }
      ], 
      "text": "House amendment offered/reported by : Amendment (A033) offered by Mr. Byrne.", 
      "type": "action"
    }, 
    {
      "acted_at": "2015-06-02T20:03:36-04:00", 
      "action_code": "73000", 
      "references": [], 
      "text": "House amendment not agreed to: On agreeing to the Byrne amendment (A033) Failed by voice vote.", 
      "type": "action"
    }, 
    {
      "acted_at": "2015-06-02T20:03:36-04:00", 
      "action_code": "77000", 
      "references": [], 
      "text": "Amendment failed in Committee of the Whole", 
      "type": "action"
    }
  ], 
  "amendment_id": "hamdt301-114", 
  "amendment_type": "hamdt", 
  "amends_amendment": null, 
  "amends_bill": {
    "bill_id": "hr2578-114", 
    "bill_type": "hr", 
    "congress": 114, 
    "number": 2578
  }, 
  "amends_treaty": null, 
  "chamber": "h", 
  "congress": "114", 
  "description": "Amendment sought to reduce funding for ATF by 20 percent or $250 million.", 
  "introduced_at": "2015-06-02", 
  "number": 301, 
  "purpose": "An amendment to reduce funding for BATF salaries and expenses by $250 million (20 percent).", 
  "sponsor": {
    "bioguide_id": "B001289", 
    "district": "1", 
    "name": "Byrne, Bradley", 
    "state": "AL", 
    "thomas_id": "02197", 
    "title": "Rep", 
    "type": "person"
  }, 
  "status": "fail", 
  "status_at": "2015-06-02T20:03:36-04:00", 
  "updated_at": "2016-08-01T13:27:41Z"
}