{
  "actions": [
    {
      "acted_at": "2015-04-30T18:50:33-04:00", 
      "action_code": "H32111", 
      "how": "roll", 
      "references": [
        {
          "reference": "CR H2707-2708", 
          "type": "consideration"
        }
      ], 
      "result": "fail", 
      "roll": 191, 
      "text": "On agreeing to the King (IA) amendment (A043) Failed by recorded vote: 186 - 235 (Roll no. 191).", 
      "type": "vote", 
      "vote_type": "vote", 
      "where": "h"
    }, 
    {
      "acted_at": "2015-04-29T20:07:15-04:00", 
      "action_code": "H3A100", 
      "references": [
        {
          "reference": "CR H2622-2623", 
          "type": "consideration"
        }, 
        {
          "reference": "CR H2622", 
          "type": "text"
        }
      ], 
      "text": "Amendment (A043) offered by Mr. King (IA).", 
      "type": "action"
    }, 
    {
      "acted_at": "2015-04-29", 
      "action_code": "", 
      "references": [], 
      "text": "", 
      "type": "action"
    }, 
    {
      "acted_at": "2015-04-29", 
      "action_code": "71000", 
      "references": [], 
      "text": "House amendment offered", 
      "type": "action"
    }, 
    {
      "acted_at": "2015-04-29T20:07:15-04:00", 
      "action_code": "71500", 
      "references": [
        {
          "reference": "CR H2622-2623", 
          "type": "consideration"
        }, 
        {
          "reference": "CR H2622", 
          "type": "text"
        }
      ], 
      "text": "House amendment offered/reported by : Amendment (A043) offered by Mr. King (IA).", 
      "type": "action"
    }, 
    {
      "acted_at": "2015-04-30T18:50:33-04:00", 
      "action_code": "73000", 
      "references": [
        {
          "reference": "CR H2707-2708", 
          "type": "consideration"
        }
      ], 
      "text": "House amendment not agreed to: On agreeing to the King (IA) amendment (A043) Failed by recorded vote: 186 - 235 (Roll no. 191).", 
      "type": "action"
    }, 
    {
      "acted_at": "2015-04-30T18:50:33-04:00", 
      "action_code": "75000", 
      "references": [], 
      "text": "Roll call votes on amendments in House", 
      "type": "action"
    }, 
    {
      "acted_at": "2015-04-30T18:50:33-04:00", 
      "action_code": "77000", 
      "references": [], 
      "text": "Amendment failed in Committee of the Whole", 
      "type": "action"
    }
  ], 
  "amendment_id": "hamdt150-114", 
  "amendment_type": "hamdt", 
  "amends_amendment": null, 
  "amends_bill": {
    "bill_id": "hr2029-114", 
    "bill_type": "hr", 
    "congress": 114, 
    "number": 2029
  }, 
  "amends_treaty": null, 
  "chamber": "h", 
  "congress": "114", 
  "description": "SEC. 514. None of the funds made available by this Act may be used to implement, administer, or enforce the prevailing wage requirements in subchapter IV of chapter 31 of title 40, United States Code (commonly referred to as the Davis-Bacon Act).", 
  "introduced_at": "2015-04-29", 
  "number": 150, 
  "purpose": "An amendment to prohibit use of funds to implement, administer, or enforce the prevailing wage requirements under what is commonly known as the Davis-Bacon Act.", 
  "sponsor": {
    "bioguide_id": "K000362", 
    "district": "4", 
    "name": "King, Steve", 
    "state": "IA", 
    "thomas_id": "01724", 
    "title": "Rep", 
    "type": "person"
  }, 
  "status": "fail", 
  "status_at": "2015-04-30T18:50:33-04:00", 
  "updated_at": "2016-08-01T13:27:20Z"
}