{
  "actions": [
    {
      "acted_at": "2015-06-02T19:19:30-04:00", 
      "action_code": "H32111", 
      "how": "by voice vote", 
      "references": [], 
      "result": "pass", 
      "text": "On agreeing to the Cohen amendment (A027) Agreed to by voice vote.", 
      "type": "vote", 
      "vote_type": "vote", 
      "where": "h"
    }, 
    {
      "acted_at": "2015-06-02T19:14:18-04:00", 
      "action_code": "H3A100", 
      "references": [
        {
          "reference": "CR H3702-3703", 
          "type": "consideration"
        }, 
        {
          "reference": "CR H3702", 
          "type": "text"
        }
      ], 
      "text": "Amendment (A027) offered by Mr. Cohen.", 
      "type": "action"
    }, 
    {
      "acted_at": "2015-06-02", 
      "action_code": "", 
      "references": [], 
      "text": "", 
      "type": "action"
    }, 
    {
      "acted_at": "2015-06-02", 
      "action_code": "71000", 
      "references": [], 
      "text": "House amendment offered", 
      "type": "action"
    }, 
    {
      "acted_at": "2015-06-02T19:14:18-04:00", 
      "action_code": "71500", 
      "references": [
        {
          "reference": "CR H3702-3703", 
          "type": "consideration"
        }, 
        {
          "reference": "CR H3702", 
          "type": "text"
        }
      ], 
      "text": "House amendment offered/reported by : Amendment (A027) offered by Mr. Cohen.", 
      "type": "action"
    }, 
    {
      "acted_at": "2015-06-02T19:19:30-04:00", 
      "action_code": "72000", 
      "references": [], 
      "text": "House amendment agreed to: On agreeing to the Cohen amendment (A027) Agreed to by voice vote.", 
      "type": "action"
    }, 
    {
      "acted_at": "2015-06-02T19:19:30-04:00", 
      "action_code": "76000", 
      "references": [], 
      "text": "Amendment agreed to Committee of the Whole", 
      "type": "action"
    }
  ], 
  "amendment_id": "hamdt295-114", 
  "amendment_type": "hamdt", 
  "amends_amendment": null, 
  "amends_bill": {
    "bill_id": "hr2578-114", 
    "bill_type": "hr", 
    "congress": 114, 
    "number": 2578
  }, 
  "amends_treaty": null, 
  "chamber": "h", 
  "congress": "114", 
  "description": "Amendment increases funding for grants to address the backlog of sexual assault kits at law enforcement agencies by $4 million.", 
  "introduced_at": "2015-06-02", 
  "number": 295, 
  "purpose": "An amendment to increase funds for Sexual Assault Kits by $4,000,000, and then decrease the DEA account by a similar amount.", 
  "sponsor": {
    "bioguide_id": "C001068", 
    "district": "9", 
    "name": "Cohen, Steve", 
    "state": "TN", 
    "thomas_id": "01878", 
    "title": "Rep", 
    "type": "person"
  }, 
  "status": "pass", 
  "status_at": "2015-06-02T19:19:30-04:00", 
  "updated_at": "2016-08-01T13:27:41Z"
}