{
  "actions": [
    {
      "acted_at": "2015-06-10T17:27:25-04:00", 
      "action_code": "H32111", 
      "how": "by voice vote", 
      "references": [], 
      "result": "pass", 
      "text": "On agreeing to the Nolan amendment (A008) Agreed to by voice vote.", 
      "type": "vote", 
      "vote_type": "vote", 
      "where": "h"
    }, 
    {
      "acted_at": "2015-06-10T17:24:45-04:00", 
      "action_code": "H3A100", 
      "references": [
        {
          "reference": "CR H4062-4063", 
          "type": "consideration"
        }, 
        {
          "reference": "CR H4062", 
          "type": "text"
        }
      ], 
      "text": "Amendment (A008) offered by Mr. Nolan.", 
      "type": "action"
    }, 
    {
      "acted_at": "2015-06-10", 
      "action_code": "", 
      "references": [], 
      "text": "", 
      "type": "action"
    }, 
    {
      "acted_at": "2015-06-10", 
      "action_code": "71000", 
      "references": [], 
      "text": "House amendment offered", 
      "type": "action"
    }, 
    {
      "acted_at": "2015-06-10T17:24:45-04:00", 
      "action_code": "71500", 
      "references": [
        {
          "reference": "CR H4062-4063", 
          "type": "consideration"
        }, 
        {
          "reference": "CR H4062", 
          "type": "text"
        }
      ], 
      "text": "House amendment offered/reported by : Amendment (A008) offered by Mr. Nolan.", 
      "type": "action"
    }, 
    {
      "acted_at": "2015-06-10T17:27:25-04:00", 
      "action_code": "72000", 
      "references": [], 
      "text": "House amendment agreed to: On agreeing to the Nolan amendment (A008) Agreed to by voice vote.", 
      "type": "action"
    }, 
    {
      "acted_at": "2015-06-10T17:27:25-04:00", 
      "action_code": "76000", 
      "references": [], 
      "text": "Amendment agreed to Committee of the Whole", 
      "type": "action"
    }
  ], 
  "amendment_id": "hamdt448-114", 
  "amendment_type": "hamdt", 
  "amends_amendment": null, 
  "amends_bill": {
    "bill_id": "hr2685-114", 
    "bill_type": "hr", 
    "congress": 114, 
    "number": 2685
  }, 
  "amends_treaty": null, 
  "chamber": "h", 
  "congress": "114", 
  "description": "Amendment reduces funding for Operation and Maintenance, Defense-Wide by $1 million and increases funding for Defense Health Programs by a similar amount for the purpose of addressing lung cancer research.", 
  "introduced_at": "2015-06-10", 
  "number": 448, 
  "purpose": "An amendment to reduce Operation and Maintenance, Defense-Wide by 1 million and increase Defense Health Program by 1 million.", 
  "sponsor": {
    "bioguide_id": "N000127", 
    "district": "8", 
    "name": "Nolan, Richard M.", 
    "state": "MN", 
    "thomas_id": "00867", 
    "title": "Rep", 
    "type": "person"
  }, 
  "status": "pass", 
  "status_at": "2015-06-10T17:27:25-04:00", 
  "updated_at": "2016-08-01T13:27:47Z"
}