{
  "actions": [
    {
      "acted_at": "2015-06-02T18:01:28-04:00", 
      "action_code": "H32111", 
      "how": "by voice vote", 
      "references": [
        {
          "reference": "CR H3695", 
          "type": "text as modified"
        }
      ], 
      "result": "pass", 
      "text": "On agreeing to the Brownley (CA) amendment (A023) as modified Agreed to by voice vote.", 
      "type": "vote", 
      "vote_type": "vote", 
      "where": "h"
    }, 
    {
      "acted_at": "2015-06-02T17:59:16-04:00", 
      "action_code": "H32160", 
      "references": [], 
      "text": "Brownley (CA) amendment (A023) modified by unanimous consent. Mr. Fattah made technical changes to the amendment.", 
      "type": "action"
    }, 
    {
      "acted_at": "2015-06-02T17:53:31-04:00", 
      "action_code": "H3A100", 
      "references": [
        {
          "reference": "CR H3695-3696", 
          "type": "consideration"
        }, 
        {
          "reference": "CR H3695", 
          "type": "text"
        }
      ], 
      "text": "Amendment (A023) offered by Ms. Brownley (CA).", 
      "type": "action"
    }, 
    {
      "acted_at": "2015-06-02", 
      "action_code": "", 
      "references": [], 
      "text": "", 
      "type": "action"
    }, 
    {
      "acted_at": "2015-06-02", 
      "action_code": "71000", 
      "references": [], 
      "text": "House amendment offered", 
      "type": "action"
    }, 
    {
      "acted_at": "2015-06-02T17:53:31-04:00", 
      "action_code": "71500", 
      "references": [
        {
          "reference": "CR H3695-3696", 
          "type": "consideration"
        }, 
        {
          "reference": "CR H3695", 
          "type": "text"
        }
      ], 
      "text": "House amendment offered/reported by : Amendment (A023) offered by Ms. Brownley (CA).", 
      "type": "action"
    }, 
    {
      "acted_at": "2015-06-02T18:01:28-04:00", 
      "action_code": "72000", 
      "references": [
        {
          "reference": "CR H3695", 
          "type": "text as modified"
        }
      ], 
      "text": "House amendment agreed to: On agreeing to the Brownley (CA) amendment (A023) as modified Agreed to by voice vote.", 
      "type": "action"
    }, 
    {
      "acted_at": "2015-06-02T18:01:28-04:00", 
      "action_code": "76000", 
      "references": [], 
      "text": "Amendment agreed to Committee of the Whole", 
      "type": "action"
    }
  ], 
  "amendment_id": "hamdt291-114", 
  "amendment_type": "hamdt", 
  "amends_amendment": null, 
  "amends_bill": {
    "bill_id": "hr2578-114", 
    "bill_type": "hr", 
    "congress": 114, 
    "number": 2578
  }, 
  "amends_treaty": null, 
  "chamber": "h", 
  "congress": "114", 
  "description": "Amendment increases funding for Veterans Treatment Courts by $2.5 million. As modified, the third amendment instruction was corrected from line 12 to line 7 to depict the proper line number in the bill.", 
  "introduced_at": "2015-06-02", 
  "number": 291, 
  "purpose": "An amendment to reduce the Dept. of Justice salaries and expenses account by $2.5 million and increase funding for the Office of Justice programs by a similar amount.", 
  "sponsor": {
    "bioguide_id": "B001285", 
    "district": "26", 
    "name": "Brownley, Julia", 
    "state": "CA", 
    "thomas_id": "02106", 
    "title": "Rep", 
    "type": "person"
  }, 
  "status": "pass", 
  "status_at": "2015-06-02T18:01:28-04:00", 
  "updated_at": "2016-08-01T13:27:41Z"
}