{
  "actions": [
    {
      "acted_at": "2015-06-10T23:47:11-04:00", 
      "action_code": "H32111", 
      "how": "by voice vote", 
      "references": [], 
      "result": "pass", 
      "text": "On agreeing to the Hunter amendment (A045) Agreed to by voice vote.", 
      "type": "vote", 
      "vote_type": "vote", 
      "where": "h"
    }, 
    {
      "acted_at": "2015-06-10T23:47:07-04:00", 
      "action_code": "H3A100", 
      "references": [
        {
          "reference": "CR H4119", 
          "type": "consideration"
        }, 
        {
          "reference": "CR H4119", 
          "type": "text"
        }
      ], 
      "text": "Amendment (A045) offered by Mr. Hunter.", 
      "type": "action"
    }, 
    {
      "acted_at": "2015-06-10", 
      "action_code": "", 
      "references": [], 
      "text": "", 
      "type": "action"
    }, 
    {
      "acted_at": "2015-06-10", 
      "action_code": "71000", 
      "references": [], 
      "text": "House amendment offered", 
      "type": "action"
    }, 
    {
      "acted_at": "2015-06-10T23:47:07-04:00", 
      "action_code": "71500", 
      "references": [
        {
          "reference": "CR H4119", 
          "type": "consideration"
        }, 
        {
          "reference": "CR H4119", 
          "type": "text"
        }
      ], 
      "text": "House amendment offered/reported by : Amendment (A045) offered by Mr. Hunter.", 
      "type": "action"
    }, 
    {
      "acted_at": "2015-06-10T23:47:11-04:00", 
      "action_code": "72000", 
      "references": [], 
      "text": "House amendment agreed to: On agreeing to the Hunter amendment (A045) Agreed to by voice vote.", 
      "type": "action"
    }, 
    {
      "acted_at": "2015-06-10T23:47:11-04:00", 
      "action_code": "76000", 
      "references": [], 
      "text": "Amendment agreed to Committee of the Whole", 
      "type": "action"
    }
  ], 
  "amendment_id": "hamdt485-114", 
  "amendment_type": "hamdt", 
  "amends_amendment": null, 
  "amends_bill": {
    "bill_id": "hr2685-114", 
    "bill_type": "hr", 
    "congress": 114, 
    "number": 2685
  }, 
  "amends_treaty": null, 
  "chamber": "h", 
  "congress": "114", 
  "description": "Amendment prohibits use of funds by DOD to increase prices at military commissaries, at home and overseas.", 
  "introduced_at": "2015-06-10", 
  "number": 485, 
  "purpose": "An amendment to prohibit use of funds in contravention of section 2483(b)(5) of title 10, United States Code.", 
  "sponsor": {
    "bioguide_id": "H001048", 
    "district": "50", 
    "name": "Hunter, Duncan D.", 
    "state": "CA", 
    "thomas_id": "01909", 
    "title": "Rep", 
    "type": "person"
  }, 
  "status": "pass", 
  "status_at": "2015-06-10T23:47:11-04:00", 
  "updated_at": "2016-08-01T13:27:47Z"
}