{
  "actions": [
    {
      "acted_at": "2015-04-29T16:06:32-04:00", 
      "action_code": "H32130", 
      "references": [], 
      "text": "Mr. Dent raised a point of order against the Gosar amendment (A003). Mr. Dent stated that the amendment sought to strike portions of the bill not yet read. The Chair sustained the point of order.", 
      "type": "action"
    }, 
    {
      "acted_at": "2015-04-29T16:03:35-04:00", 
      "action_code": "H3A100", 
      "references": [
        {
          "reference": "CR H2589-2590", 
          "type": "consideration"
        }, 
        {
          "reference": "CR H2589", 
          "type": "text"
        }
      ], 
      "text": "Amendment (A003) offered by Mr. Gosar.", 
      "type": "action"
    }, 
    {
      "acted_at": "2015-04-29", 
      "action_code": "", 
      "references": [], 
      "text": "", 
      "type": "action"
    }, 
    {
      "acted_at": "2015-04-29", 
      "action_code": "71000", 
      "references": [], 
      "text": "House amendment offered", 
      "type": "action"
    }, 
    {
      "acted_at": "2015-04-29T16:03:35-04:00", 
      "action_code": "71500", 
      "references": [
        {
          "reference": "CR H2589-2590", 
          "type": "consideration"
        }, 
        {
          "reference": "CR H2589", 
          "type": "text"
        }
      ], 
      "text": "House amendment offered/reported by : Amendment (A003) offered by Mr. Gosar.", 
      "type": "action"
    }
  ], 
  "amendment_id": "hamdt110-114", 
  "amendment_type": "hamdt", 
  "amends_amendment": null, 
  "amends_bill": {
    "bill_id": "hr2029-114", 
    "bill_type": "hr", 
    "congress": 114, 
    "number": 2029
  }, 
  "amends_treaty": null, 
  "chamber": "h", 
  "congress": "114", 
  "description": null, 
  "introduced_at": "2015-04-29", 
  "number": 110, 
  "purpose": "An amendment to increase then reduce funds for hospital care and medical services within the VHA by $2,031,000.", 
  "sponsor": {
    "bioguide_id": "G000565", 
    "district": "4", 
    "name": "Gosar, Paul A.", 
    "state": "AZ", 
    "thomas_id": "01992", 
    "title": "Rep", 
    "type": "person"
  }, 
  "status": "offered", 
  "status_at": "2015-04-29", 
  "updated_at": "2016-08-01T13:27:21Z"
}