{
  "actions": [
    {
      "acted_at": "2015-06-02T17:39:39-04:00", 
      "action_code": "H32111", 
      "how": "by voice vote", 
      "references": [], 
      "result": "pass", 
      "text": "On agreeing to the McKinley amendment (A020) Agreed to by voice vote.", 
      "type": "vote", 
      "vote_type": "vote", 
      "where": "h"
    }, 
    {
      "acted_at": "2015-06-02T17:35:34-04:00", 
      "action_code": "H3A100", 
      "references": [
        {
          "reference": "CR H3692-3693", 
          "type": "consideration"
        }, 
        {
          "reference": "CR H3692-3693", 
          "type": "text"
        }
      ], 
      "text": "Amendment (A020) offered by Mr. McKinley.", 
      "type": "action"
    }, 
    {
      "acted_at": "2015-06-02", 
      "action_code": "", 
      "references": [], 
      "text": "", 
      "type": "action"
    }, 
    {
      "acted_at": "2015-06-02", 
      "action_code": "71000", 
      "references": [], 
      "text": "House amendment offered", 
      "type": "action"
    }, 
    {
      "acted_at": "2015-06-02T17:35:34-04:00", 
      "action_code": "71500", 
      "references": [
        {
          "reference": "CR H3692-3693", 
          "type": "consideration"
        }, 
        {
          "reference": "CR H3692-3693", 
          "type": "text"
        }
      ], 
      "text": "House amendment offered/reported by : Amendment (A020) offered by Mr. McKinley.", 
      "type": "action"
    }, 
    {
      "acted_at": "2015-06-02T17:39:39-04:00", 
      "action_code": "72000", 
      "references": [], 
      "text": "House amendment agreed to: On agreeing to the McKinley amendment (A020) Agreed to by voice vote.", 
      "type": "action"
    }, 
    {
      "acted_at": "2015-06-02T17:39:39-04:00", 
      "action_code": "76000", 
      "references": [], 
      "text": "Amendment agreed to Committee of the Whole", 
      "type": "action"
    }
  ], 
  "amendment_id": "hamdt288-114", 
  "amendment_type": "hamdt", 
  "amends_amendment": null, 
  "amends_bill": {
    "bill_id": "hr2578-114", 
    "bill_type": "hr", 
    "congress": 114, 
    "number": 2578
  }, 
  "amends_treaty": null, 
  "chamber": "h", 
  "congress": "114", 
  "description": "Amendment increases funding for the International Trade Commission by $2 million to provide legal and technical assistance to small businesses.", 
  "introduced_at": "2015-06-02", 
  "number": 288, 
  "purpose": "An amendment to decrease DOJ's General administration's account by $2,000,000 and increase the International Trade Commission salaries and expenses account by $2,000,000.", 
  "sponsor": {
    "bioguide_id": "M001180", 
    "district": "1", 
    "name": "McKinley, David B.", 
    "state": "WV", 
    "thomas_id": "02074", 
    "title": "Rep", 
    "type": "person"
  }, 
  "status": "pass", 
  "status_at": "2015-06-02T17:39:39-04:00", 
  "updated_at": "2016-08-01T13:27:41Z"
}