{
  "actions": [
    {
      "acted_at": "2015-04-29T22:47:13-04:00", 
      "action_code": "H32111", 
      "how": "by voice vote", 
      "references": [], 
      "result": "fail", 
      "text": "On agreeing to the Castor (FL) amendment (A015) Failed by voice vote.", 
      "type": "vote", 
      "vote_type": "vote", 
      "where": "h"
    }, 
    {
      "acted_at": "2015-04-29T22:41:55-04:00", 
      "action_code": "H3A100", 
      "references": [
        {
          "reference": "CR H2645-2646", 
          "type": "consideration"
        }, 
        {
          "reference": "CR H2645", 
          "type": "text"
        }
      ], 
      "text": "Amendment (A015) offered by Ms. Castor (FL).", 
      "type": "action"
    }, 
    {
      "acted_at": "2015-04-29", 
      "action_code": "", 
      "references": [], 
      "text": "", 
      "type": "action"
    }, 
    {
      "acted_at": "2015-04-29", 
      "action_code": "71000", 
      "references": [], 
      "text": "House amendment offered", 
      "type": "action"
    }, 
    {
      "acted_at": "2015-04-29T22:41:55-04:00", 
      "action_code": "71500", 
      "references": [
        {
          "reference": "CR H2645-2646", 
          "type": "consideration"
        }, 
        {
          "reference": "CR H2645", 
          "type": "text"
        }
      ], 
      "text": "House amendment offered/reported by : Amendment (A015) offered by Ms. Castor (FL).", 
      "type": "action"
    }, 
    {
      "acted_at": "2015-04-29T22:47:13-04:00", 
      "action_code": "73000", 
      "references": [], 
      "text": "House amendment not agreed to: On agreeing to the Castor (FL) amendment (A015) Failed by voice vote.", 
      "type": "action"
    }, 
    {
      "acted_at": "2015-04-29T22:47:13-04:00", 
      "action_code": "77000", 
      "references": [], 
      "text": "Amendment failed in Committee of the Whole", 
      "type": "action"
    }
  ], 
  "amendment_id": "hamdt165-114", 
  "amendment_type": "hamdt", 
  "amends_amendment": null, 
  "amends_bill": {
    "bill_id": "hr2028-114", 
    "bill_type": "hr", 
    "congress": 114, 
    "number": 2028
  }, 
  "amends_treaty": null, 
  "chamber": "h", 
  "congress": "114", 
  "description": "Amendment sought to increase funding for Energy Efficiency and Renewable Energy by $266,161,000 and reduce funding for Fossil Energy Research and Development by $355,000,000.", 
  "introduced_at": "2015-04-29", 
  "number": 165, 
  "purpose": "An amendment to increase funding for Energy Efficiency and Renewable Energy by $266,161,000 and to reduce funding for Fossil Energy Research and Development by $355,000,000.", 
  "sponsor": {
    "bioguide_id": "C001066", 
    "district": "14", 
    "name": "Castor, Kathy", 
    "state": "FL", 
    "thomas_id": "01839", 
    "title": "Rep", 
    "type": "person"
  }, 
  "status": "fail", 
  "status_at": "2015-04-29T22:47:13-04:00", 
  "updated_at": "2016-08-01T13:27:19Z"
}