{
  "actions": [
    {
      "acted_at": "2015-06-04T09:44:45-04:00", 
      "action_code": "H32111", 
      "how": "by voice vote", 
      "references": [], 
      "result": "fail", 
      "text": "On agreeing to the Norton amendment (A045) Failed by voice vote.", 
      "type": "vote", 
      "vote_type": "vote", 
      "where": "h"
    }, 
    {
      "acted_at": "2015-06-04T09:38:09-04:00", 
      "action_code": "H3A100", 
      "references": [
        {
          "reference": "CR H3885-3886", 
          "type": "consideration"
        }, 
        {
          "reference": "CR H3885", 
          "type": "text"
        }
      ], 
      "text": "Amendment (A045) offered by Ms. Norton.", 
      "type": "action"
    }, 
    {
      "acted_at": "2015-06-04", 
      "action_code": "", 
      "references": [], 
      "text": "", 
      "type": "action"
    }, 
    {
      "acted_at": "2015-06-04", 
      "action_code": "71000", 
      "references": [], 
      "text": "House amendment offered", 
      "type": "action"
    }, 
    {
      "acted_at": "2015-06-04T09:38:09-04:00", 
      "action_code": "71500", 
      "references": [
        {
          "reference": "CR H3885-3886", 
          "type": "consideration"
        }, 
        {
          "reference": "CR H3885", 
          "type": "text"
        }
      ], 
      "text": "House amendment offered/reported by : Amendment (A045) offered by Ms. Norton.", 
      "type": "action"
    }, 
    {
      "acted_at": "2015-06-04T09:44:45-04:00", 
      "action_code": "73000", 
      "references": [], 
      "text": "House amendment not agreed to: On agreeing to the Norton amendment (A045) Failed by voice vote.", 
      "type": "action"
    }, 
    {
      "acted_at": "2015-06-04T09:44:45-04:00", 
      "action_code": "77000", 
      "references": [], 
      "text": "Amendment failed in Committee of the Whole", 
      "type": "action"
    }
  ], 
  "amendment_id": "hamdt400-114", 
  "amendment_type": "hamdt", 
  "amends_amendment": null, 
  "amends_bill": {
    "bill_id": "hr2577-114", 
    "bill_type": "hr", 
    "congress": 114, 
    "number": 2577
  }, 
  "amends_treaty": null, 
  "chamber": "h", 
  "congress": "114", 
  "description": "At the end of the bill (before the short title), insert the following:    SEC.___. None of the funds made available by this Act may be used to permit air transportation service between midnight and 6 a.m. at Ronald Reagan National Airport (DCA).", 
  "introduced_at": "2015-06-04", 
  "number": 400, 
  "purpose": "An amendment to prohibit the use of funds to permit air transportation service between midnight and 6 a.m. at Ronald Reagan National Airport (DCA).", 
  "sponsor": {
    "bioguide_id": "N000147", 
    "district": null, 
    "name": "Norton, Eleanor Holmes", 
    "state": "DC", 
    "thomas_id": "00868", 
    "title": "Rep", 
    "type": "person"
  }, 
  "status": "fail", 
  "status_at": "2015-06-04T09:44:45-04:00", 
  "updated_at": "2016-08-26T08:52:18Z"
}