{
  "actions": [
    {
      "acted_at": "2015-04-30T21:14:42-04:00", 
      "action_code": "H32111", 
      "how": "by voice vote", 
      "references": [], 
      "result": "pass", 
      "text": "On agreeing to the Dent amendment (A043) Agreed to by voice vote.", 
      "type": "vote", 
      "vote_type": "vote", 
      "where": "h"
    }, 
    {
      "acted_at": "2015-04-30T21:05:25-04:00", 
      "action_code": "H3A100", 
      "references": [
        {
          "reference": "CR H2726-2727", 
          "type": "consideration"
        }, 
        {
          "reference": "CR H2726", 
          "type": "text"
        }
      ], 
      "text": "Amendment (A043) offered by Mr. Dent.", 
      "type": "action"
    }, 
    {
      "acted_at": "2015-04-30", 
      "action_code": "", 
      "references": [], 
      "text": "", 
      "type": "action"
    }, 
    {
      "acted_at": "2015-04-30", 
      "action_code": "71000", 
      "references": [], 
      "text": "House amendment offered", 
      "type": "action"
    }, 
    {
      "acted_at": "2015-04-30T21:05:25-04:00", 
      "action_code": "71500", 
      "references": [
        {
          "reference": "CR H2726-2727", 
          "type": "consideration"
        }, 
        {
          "reference": "CR H2726", 
          "type": "text"
        }
      ], 
      "text": "House amendment offered/reported by : Amendment (A043) offered by Mr. Dent.", 
      "type": "action"
    }, 
    {
      "acted_at": "2015-04-30T21:14:42-04:00", 
      "action_code": "72000", 
      "references": [], 
      "text": "House amendment agreed to: On agreeing to the Dent amendment (A043) Agreed to by voice vote.", 
      "type": "action"
    }, 
    {
      "acted_at": "2015-04-30T21:14:42-04:00", 
      "action_code": "76000", 
      "references": [], 
      "text": "Amendment agreed to Committee of the Whole", 
      "type": "action"
    }
  ], 
  "amendment_id": "hamdt193-114", 
  "amendment_type": "hamdt", 
  "amends_amendment": null, 
  "amends_bill": {
    "bill_id": "hr2028-114", 
    "bill_type": "hr", 
    "congress": 114, 
    "number": 2028
  }, 
  "amends_treaty": null, 
  "chamber": "h", 
  "congress": "114", 
  "description": "At the end of the bill (before the short title), insert the following:    SEC.___. None of the funds made available by this Act may be used by the Department of Energy to finalize, implement, or enforce the proposed rule entitled \"Standards Ceiling Fans and Ceiling Fan Light Kits\" and identified by regulation identification number 1904-AC87.", 
  "introduced_at": "2015-04-30", 
  "number": 193, 
  "purpose": "An amendment to prohibit the use of funds by the Department of Energy to finalize, implement, or enforce the proposed rule entitled \"Standard Ceiling Fans and Ceiling Fan Light Kits\".", 
  "sponsor": {
    "bioguide_id": "D000604", 
    "district": "15", 
    "name": "Dent, Charles W.", 
    "state": "PA", 
    "thomas_id": "01799", 
    "title": "Rep", 
    "type": "person"
  }, 
  "status": "pass", 
  "status_at": "2015-04-30T21:14:42-04:00", 
  "updated_at": "2016-08-01T13:27:19Z"
}