{
  "actions": [
    {
      "acted_at": "2015-05-20T17:06:15-04:00", 
      "action_code": "H32111", 
      "how": "by voice vote", 
      "references": [], 
      "result": "pass", 
      "text": "On agreeing to the Kelly (PA) amendment (A007) Agreed to by voice vote.", 
      "type": "vote", 
      "vote_type": "vote", 
      "where": "h"
    }, 
    {
      "acted_at": "2015-05-20T16:57:02-04:00", 
      "action_code": "H3A100", 
      "references": [
        {
          "reference": "CR H3452-3454", 
          "type": "consideration"
        }, 
        {
          "reference": "CR H3452-3453", 
          "type": "text"
        }
      ], 
      "text": "Amendment (A007) offered by Mr. Kelly (PA).", 
      "type": "action"
    }, 
    {
      "acted_at": "2015-05-20", 
      "action_code": "", 
      "references": [], 
      "text": "", 
      "type": "action"
    }, 
    {
      "acted_at": "2015-05-20", 
      "action_code": "71000", 
      "references": [], 
      "text": "House amendment offered", 
      "type": "action"
    }, 
    {
      "acted_at": "2015-05-20T16:57:02-04:00", 
      "action_code": "71500", 
      "references": [
        {
          "reference": "CR H3452-3454", 
          "type": "consideration"
        }, 
        {
          "reference": "CR H3452-3453", 
          "type": "text"
        }
      ], 
      "text": "House amendment offered/reported by : Amendment (A007) offered by Mr. Kelly (PA).", 
      "type": "action"
    }, 
    {
      "acted_at": "2015-05-20T17:06:15-04:00", 
      "action_code": "72000", 
      "references": [], 
      "text": "House amendment agreed to: On agreeing to the Kelly (PA) amendment (A007) Agreed to by voice vote.", 
      "type": "action"
    }, 
    {
      "acted_at": "2015-05-20T17:06:15-04:00", 
      "action_code": "76000", 
      "references": [], 
      "text": "Amendment agreed to Committee of the Whole", 
      "type": "action"
    }
  ], 
  "amendment_id": "hamdt249-114", 
  "amendment_type": "hamdt", 
  "amends_amendment": null, 
  "amends_bill": {
    "bill_id": "hr1806-114", 
    "bill_type": "hr", 
    "congress": 114, 
    "number": 1806
  }, 
  "amends_treaty": null, 
  "chamber": "h", 
  "congress": "114", 
  "description": "Amendment increases the authorized funding for the Manufacturing Extension Partnership by $5 million, while decreasing the authorized funding level for the Office of Energy Efficiency and Renewable Energy by a similar amount.", 
  "introduced_at": "2015-05-20", 
  "number": 249, 
  "purpose": "An amendment No. 7 printed in part A of House Report 114-120 to increase the authorized funding for the Manufacturing Extension Partnership by $5 million, while decreasing the authorized funding level for the Office of Energy Efficiency and Renewable Energy by $5 million.", 
  "sponsor": {
    "bioguide_id": "K000376", 
    "district": "3", 
    "name": "Kelly, Mike", 
    "state": "PA", 
    "thomas_id": "02051", 
    "title": "Rep", 
    "type": "person"
  }, 
  "status": "pass", 
  "status_at": "2015-05-20T17:06:15-04:00", 
  "updated_at": "2016-08-01T13:27:11Z"
}