{
  "actions": [
    {
      "acted_at": "2015-06-11T00:33:51-04:00", 
      "action_code": "H32111", 
      "how": "by voice vote", 
      "references": [], 
      "result": "pass", 
      "text": "On agreeing to the Cole amendment (A054) Agreed to by voice vote.", 
      "type": "vote", 
      "vote_type": "vote", 
      "where": "h"
    }, 
    {
      "acted_at": "2015-06-11T00:28:18-04:00", 
      "action_code": "H3A100", 
      "references": [
        {
          "reference": "CR 06/10/2015 H4124", 
          "type": "consideration"
        }, 
        {
          "reference": "CR 06/10/2015 H4124", 
          "type": "text"
        }
      ], 
      "text": "Amendment (A054) offered by Mr. Cole.", 
      "type": "action"
    }, 
    {
      "acted_at": "2015-06-11", 
      "action_code": "", 
      "references": [], 
      "text": "", 
      "type": "action"
    }, 
    {
      "acted_at": "2015-06-11", 
      "action_code": "71000", 
      "references": [], 
      "text": "House amendment offered", 
      "type": "action"
    }, 
    {
      "acted_at": "2015-06-11T00:28:18-04:00", 
      "action_code": "71500", 
      "references": [
        {
          "reference": "CR 06/10/2015 H4124", 
          "type": "consideration"
        }, 
        {
          "reference": "CR 06/10/2015 H4124", 
          "type": "text"
        }
      ], 
      "text": "House amendment offered/reported by : Amendment (A054) offered by Mr. Cole.", 
      "type": "action"
    }, 
    {
      "acted_at": "2015-06-11T00:33:51-04:00", 
      "action_code": "72000", 
      "references": [], 
      "text": "House amendment agreed to: On agreeing to the Cole amendment (A054) Agreed to by voice vote.", 
      "type": "action"
    }, 
    {
      "acted_at": "2015-06-11T00:33:51-04:00", 
      "action_code": "76000", 
      "references": [], 
      "text": "Amendment agreed to Committee of the Whole", 
      "type": "action"
    }
  ], 
  "amendment_id": "hamdt494-114", 
  "amendment_type": "hamdt", 
  "amends_amendment": null, 
  "amends_bill": {
    "bill_id": "hr2685-114", 
    "bill_type": "hr", 
    "congress": 114, 
    "number": 2685
  }, 
  "amends_treaty": null, 
  "chamber": "h", 
  "congress": "114", 
  "description": "Amendment prohibits use of funds to implement any furlough of civilian employees while funds remain in the defense working capital fund.", 
  "introduced_at": "2015-06-11", 
  "number": 494, 
  "purpose": "An amendment to prohibit use of funds to carry out furloughs of Working Capital Fund civilian employees.", 
  "sponsor": {
    "bioguide_id": "C001053", 
    "district": "4", 
    "name": "Cole, Tom", 
    "state": "OK", 
    "thomas_id": "01742", 
    "title": "Rep", 
    "type": "person"
  }, 
  "status": "pass", 
  "status_at": "2015-06-11T00:33:51-04:00", 
  "updated_at": "2016-08-01T13:27:47Z"
}