{
  "actions": [
    {
      "acted_at": "2015-04-29T18:54:37-04:00", 
      "action_code": "H32111", 
      "how": "by voice vote", 
      "references": [], 
      "result": "pass", 
      "text": "On agreeing to the Roe (TN) amendment (A028) Agreed to by voice vote.", 
      "type": "vote", 
      "vote_type": "vote", 
      "where": "h"
    }, 
    {
      "acted_at": "2015-04-29T18:48:10-04:00", 
      "action_code": "H3A100", 
      "references": [
        {
          "reference": "CR H2612-2613", 
          "type": "consideration"
        }, 
        {
          "reference": "CR H2613", 
          "type": "text"
        }
      ], 
      "text": "Amendment (A028) offered by Mr. Roe (TN).", 
      "type": "action"
    }, 
    {
      "acted_at": "2015-04-29", 
      "action_code": "", 
      "references": [], 
      "text": "", 
      "type": "action"
    }, 
    {
      "acted_at": "2015-04-29", 
      "action_code": "71000", 
      "references": [], 
      "text": "House amendment offered", 
      "type": "action"
    }, 
    {
      "acted_at": "2015-04-29T18:48:10-04:00", 
      "action_code": "71500", 
      "references": [
        {
          "reference": "CR H2612-2613", 
          "type": "consideration"
        }, 
        {
          "reference": "CR H2613", 
          "type": "text"
        }
      ], 
      "text": "House amendment offered/reported by : Amendment (A028) offered by Mr. Roe (TN).", 
      "type": "action"
    }, 
    {
      "acted_at": "2015-04-29T18:54:37-04:00", 
      "action_code": "72000", 
      "references": [], 
      "text": "House amendment agreed to: On agreeing to the Roe (TN) amendment (A028) Agreed to by voice vote.", 
      "type": "action"
    }, 
    {
      "acted_at": "2015-04-29T18:54:37-04:00", 
      "action_code": "76000", 
      "references": [], 
      "text": "Amendment agreed to Committee of the Whole", 
      "type": "action"
    }
  ], 
  "amendment_id": "hamdt135-114", 
  "amendment_type": "hamdt", 
  "amends_amendment": null, 
  "amends_bill": {
    "bill_id": "hr2029-114", 
    "bill_type": "hr", 
    "congress": 114, 
    "number": 2029
  }, 
  "amends_treaty": null, 
  "chamber": "h", 
  "congress": "114", 
  "description": "Amendment reduces funding for the VA's Office of Congressional and Legislative Affairs (OCLA) by $1.5 million.", 
  "introduced_at": "2015-04-29", 
  "number": 135, 
  "purpose": "An amendment No. 6 printed in the Congressional Record to provide that not more than $4,400,000 of the funds provided may be used for the Office of Congressional and Legislative Affairs, and the amount provided under that heading is reduced by $1.5 million.", 
  "sponsor": {
    "bioguide_id": "R000582", 
    "district": "1", 
    "name": "Roe, David P.", 
    "state": "TN", 
    "thomas_id": "01954", 
    "title": "Rep", 
    "type": "person"
  }, 
  "status": "pass", 
  "status_at": "2015-04-29T18:54:37-04:00", 
  "updated_at": "2016-08-01T13:27:20Z"
}