{
  "actions": [
    {
      "acted_at": "2015-06-03T18:19:04-04:00", 
      "action_code": "H32111", 
      "how": "roll", 
      "references": [], 
      "result": "pass", 
      "roll": 289, 
      "text": "On agreeing to the Massie amendment (A073) Agreed to by recorded vote: 250 - 171 (Roll no. 289).", 
      "type": "vote", 
      "vote_type": "vote", 
      "where": "h"
    }, 
    {
      "acted_at": "2015-06-03T14:57:20-04:00", 
      "action_code": "H3A100", 
      "references": [
        {
          "reference": "CR H3791-3793, H3810", 
          "type": "consideration"
        }, 
        {
          "reference": "CR H3791", 
          "type": "text"
        }
      ], 
      "text": "Amendment (A073) offered by Mr. Massie.", 
      "type": "action"
    }, 
    {
      "acted_at": "2015-06-03", 
      "action_code": "", 
      "references": [], 
      "text": "", 
      "type": "action"
    }, 
    {
      "acted_at": "2015-06-03", 
      "action_code": "71000", 
      "references": [], 
      "text": "House amendment offered", 
      "type": "action"
    }, 
    {
      "acted_at": "2015-06-03T14:57:20-04:00", 
      "action_code": "71500", 
      "references": [
        {
          "reference": "CR H3791-3793, H3810", 
          "type": "consideration"
        }, 
        {
          "reference": "CR H3791", 
          "type": "text"
        }
      ], 
      "text": "House amendment offered/reported by : Amendment (A073) offered by Mr. Massie.", 
      "type": "action"
    }, 
    {
      "acted_at": "2015-06-03T18:19:04-04:00", 
      "action_code": "72000", 
      "references": [], 
      "text": "House amendment agreed to: On agreeing to the Massie amendment (A073) Agreed to by recorded vote: 250 - 171 (Roll no. 289).", 
      "type": "action"
    }, 
    {
      "acted_at": "2015-06-03T18:19:04-04:00", 
      "action_code": "75000", 
      "references": [], 
      "text": "Roll call votes on amendments in House", 
      "type": "action"
    }, 
    {
      "acted_at": "2015-06-03T18:19:04-04:00", 
      "action_code": "76000", 
      "references": [], 
      "text": "Amendment agreed to Committee of the Whole", 
      "type": "action"
    }
  ], 
  "amendment_id": "hamdt341-114", 
  "amendment_type": "hamdt", 
  "amends_amendment": null, 
  "amends_bill": {
    "bill_id": "hr2578-114", 
    "bill_type": "hr", 
    "congress": 114, 
    "number": 2578
  }, 
  "amends_treaty": null, 
  "chamber": "h", 
  "congress": "114", 
  "description": "At the end of the bill (before the short title), insert the following:    SEC.___. None of the funds made available by this Act may be used to treat ammunition as armor piercing for purposes of chapter 44 of title 18, United States Code, except for ammunition designed and intended for use in a handgun (in accordance with 18 U.S.C. section 921(a)(17)).", 
  "introduced_at": "2015-06-03", 
  "number": 341, 
  "purpose": "An amendment to prohibit the use of funds to treat ammunition as armor piercing for purposes of chapter 44 of title 18, United States Code, except for ammunition designed and intended for use in a handgun.", 
  "sponsor": {
    "bioguide_id": "M001184", 
    "district": "4", 
    "name": "Massie, Thomas", 
    "state": "KY", 
    "thomas_id": "02094", 
    "title": "Rep", 
    "type": "person"
  }, 
  "status": "pass", 
  "status_at": "2015-06-03T18:19:04-04:00", 
  "updated_at": "2016-08-01T13:27:41Z"
}