{
  "actions": [
    {
      "acted_at": "2015-04-29T17:02:25-04:00", 
      "action_code": "H32111", 
      "how": "by voice vote", 
      "references": [], 
      "result": "pass", 
      "text": "On agreeing to the LaMalfa amendment (A013) Agreed to by voice vote.", 
      "type": "vote", 
      "vote_type": "vote", 
      "where": "h"
    }, 
    {
      "acted_at": "2015-04-29T17:00:59-04:00", 
      "action_code": "H3A100", 
      "references": [
        {
          "reference": "CR H2598", 
          "type": "consideration"
        }, 
        {
          "reference": "CR H2598", 
          "type": "text"
        }
      ], 
      "text": "Amendment (A013) offered by Mr. LaMalfa.", 
      "type": "action"
    }, 
    {
      "acted_at": "2015-04-29", 
      "action_code": "", 
      "references": [], 
      "text": "", 
      "type": "action"
    }, 
    {
      "acted_at": "2015-04-29", 
      "action_code": "71000", 
      "references": [], 
      "text": "House amendment offered", 
      "type": "action"
    }, 
    {
      "acted_at": "2015-04-29T17:00:59-04:00", 
      "action_code": "71500", 
      "references": [
        {
          "reference": "CR H2598", 
          "type": "consideration"
        }, 
        {
          "reference": "CR H2598", 
          "type": "text"
        }
      ], 
      "text": "House amendment offered/reported by : Amendment (A013) offered by Mr. LaMalfa.", 
      "type": "action"
    }, 
    {
      "acted_at": "2015-04-29T17:02:25-04:00", 
      "action_code": "72000", 
      "references": [], 
      "text": "House amendment agreed to: On agreeing to the LaMalfa amendment (A013) Agreed to by voice vote.", 
      "type": "action"
    }, 
    {
      "acted_at": "2015-04-29T17:02:25-04:00", 
      "action_code": "76000", 
      "references": [], 
      "text": "Amendment agreed to Committee of the Whole", 
      "type": "action"
    }
  ], 
  "amendment_id": "hamdt120-114", 
  "amendment_type": "hamdt", 
  "amends_amendment": null, 
  "amends_bill": {
    "bill_id": "hr2029-114", 
    "bill_type": "hr", 
    "congress": 114, 
    "number": 2029
  }, 
  "amends_treaty": null, 
  "chamber": "h", 
  "congress": "114", 
  "description": "Amendment requires the Secretary to include in the quarterly VA report to Congress, information on the number of informal claims that are unprocessed in order to provide Congress with a more complete picture of each regional office's workload.", 
  "introduced_at": "2015-04-29", 
  "number": 120, 
  "purpose": "An amendment to make sundry corrections to the bill.", 
  "sponsor": {
    "bioguide_id": "L000578", 
    "district": "1", 
    "name": "LaMalfa, Doug", 
    "state": "CA", 
    "thomas_id": "02100", 
    "title": "Rep", 
    "type": "person"
  }, 
  "status": "pass", 
  "status_at": "2015-04-29T17:02:25-04:00", 
  "updated_at": "2016-08-01T13:27:21Z"
}