{
  "actions": [
    {
      "acted_at": "2015-06-04T10:53:31-04:00", 
      "action_code": "H32111", 
      "how": "by voice vote", 
      "references": [], 
      "result": "pass", 
      "text": "On agreeing to the Waters, Maxine amendment (A053) Agreed to by voice vote.", 
      "type": "vote", 
      "vote_type": "vote", 
      "where": "h"
    }, 
    {
      "acted_at": "2015-06-04T10:51:26-04:00", 
      "action_code": "H3A100", 
      "references": [
        {
          "reference": "CR H3893", 
          "type": "consideration"
        }, 
        {
          "reference": "CR H3893", 
          "type": "text"
        }
      ], 
      "text": "Amendment (A053) offered by Ms. Waters, Maxine.", 
      "type": "action"
    }, 
    {
      "acted_at": "2015-06-04", 
      "action_code": "", 
      "references": [], 
      "text": "", 
      "type": "action"
    }, 
    {
      "acted_at": "2015-06-04", 
      "action_code": "71000", 
      "references": [], 
      "text": "House amendment offered", 
      "type": "action"
    }, 
    {
      "acted_at": "2015-06-04T10:51:26-04:00", 
      "action_code": "71500", 
      "references": [
        {
          "reference": "CR H3893", 
          "type": "consideration"
        }, 
        {
          "reference": "CR H3893", 
          "type": "text"
        }
      ], 
      "text": "House amendment offered/reported by : Amendment (A053) offered by Ms. Waters, Maxine.", 
      "type": "action"
    }, 
    {
      "acted_at": "2015-06-04T10:53:31-04:00", 
      "action_code": "72000", 
      "references": [], 
      "text": "House amendment agreed to: On agreeing to the Waters, Maxine amendment (A053) Agreed to by voice vote.", 
      "type": "action"
    }, 
    {
      "acted_at": "2015-06-04T10:53:31-04:00", 
      "action_code": "76000", 
      "references": [], 
      "text": "Amendment agreed to Committee of the Whole", 
      "type": "action"
    }
  ], 
  "amendment_id": "hamdt408-114", 
  "amendment_type": "hamdt", 
  "amends_amendment": null, 
  "amends_bill": {
    "bill_id": "hr2577-114", 
    "bill_type": "hr", 
    "congress": 114, 
    "number": 2577
  }, 
  "amends_treaty": null, 
  "chamber": "h", 
  "congress": "114", 
  "description": "Amendment removes the exemption that the Housing Authority of the County of Los Angeles currently has from the requirement to have a resident of public housing or Section 8 on its governing board.", 
  "introduced_at": "2015-06-04", 
  "number": 408, 
  "purpose": "An amendment to prohibit the use of funds to carry out section 210 of this Act with respect to the Housing Authority of the county of Los Angeles, CA.", 
  "sponsor": {
    "bioguide_id": "W000187", 
    "district": "43", 
    "name": "Waters, Maxine", 
    "state": "CA", 
    "thomas_id": "01205", 
    "title": "Rep", 
    "type": "person"
  }, 
  "status": "pass", 
  "status_at": "2015-06-04T10:53:31-04:00", 
  "updated_at": "2016-08-26T08:52:18Z"
}