{
  "actions": [
    {
      "acted_at": "2015-06-03T17:34:14-04:00", 
      "action_code": "H32111", 
      "how": "by voice vote", 
      "references": [], 
      "result": "pass", 
      "text": "On agreeing to the King (IA) amendment (A083) Agreed to by voice vote.", 
      "type": "vote", 
      "vote_type": "vote", 
      "where": "h"
    }, 
    {
      "acted_at": "2015-06-03T16:45:33-04:00", 
      "action_code": "H3A100", 
      "references": [
        {
          "reference": "CR H3803-3804", 
          "type": "consideration"
        }, 
        {
          "reference": "CR H3803", 
          "type": "text"
        }
      ], 
      "text": "Amendment (A083) offered by Mr. King (IA).", 
      "type": "action"
    }, 
    {
      "acted_at": "2015-06-03", 
      "action_code": "", 
      "references": [], 
      "text": "", 
      "type": "action"
    }, 
    {
      "acted_at": "2015-06-03", 
      "action_code": "71000", 
      "references": [], 
      "text": "House amendment offered", 
      "type": "action"
    }, 
    {
      "acted_at": "2015-06-03T16:45:33-04:00", 
      "action_code": "71500", 
      "references": [
        {
          "reference": "CR H3803-3804", 
          "type": "consideration"
        }, 
        {
          "reference": "CR H3803", 
          "type": "text"
        }
      ], 
      "text": "House amendment offered/reported by : Amendment (A083) offered by Mr. King (IA).", 
      "type": "action"
    }, 
    {
      "acted_at": "2015-06-03T17:34:14-04:00", 
      "action_code": "72000", 
      "references": [], 
      "text": "House amendment agreed to: On agreeing to the King (IA) amendment (A083) Agreed to by voice vote.", 
      "type": "action"
    }, 
    {
      "acted_at": "2015-06-03T17:34:14-04:00", 
      "action_code": "76000", 
      "references": [], 
      "text": "Amendment agreed to Committee of the Whole", 
      "type": "action"
    }
  ], 
  "amendment_id": "hamdt351-114", 
  "amendment_type": "hamdt", 
  "amends_amendment": null, 
  "amends_bill": {
    "bill_id": "hr2578-114", 
    "bill_type": "hr", 
    "congress": 114, 
    "number": 2578
  }, 
  "amends_treaty": null, 
  "chamber": "h", 
  "congress": "114", 
  "description": "Amendment prohibits use of funds to negotiate or finalize a trade agreement that includes provisions relating to visas issued under the Immigration and Nationality Act. Amendment also provides that the limitation described in the amendment shall not apply in the case of the administration of a tax or tariff.", 
  "introduced_at": "2015-06-03", 
  "number": 351, 
  "purpose": "An amendment to prohibit use of funds to negotiate or finalize a trade agreement that includes provisions relating to visas issued under the Immigration and Nationality Act. Amendment also provides that the limitation described in the amendment shall not apply in the case of the administration of a tax or tariff.", 
  "sponsor": {
    "bioguide_id": "K000362", 
    "district": "4", 
    "name": "King, Steve", 
    "state": "IA", 
    "thomas_id": "01724", 
    "title": "Rep", 
    "type": "person"
  }, 
  "status": "pass", 
  "status_at": "2015-06-03T17:34:14-04:00", 
  "updated_at": "2016-08-01T13:27:41Z"
}