{
  "actions": [
    {
      "acted_at": "2015-06-04T00:08:11-04:00", 
      "action_code": "H32111", 
      "how": "by voice vote", 
      "references": [], 
      "result": "pass", 
      "text": "On agreeing to the Stivers amendment (A036) Agreed to by voice vote.", 
      "type": "vote", 
      "vote_type": "vote", 
      "where": "h"
    }, 
    {
      "acted_at": "2015-06-04T00:05:06-04:00", 
      "action_code": "H3A100", 
      "references": [
        {
          "reference": "CR 6/3/2015 H3869-3870", 
          "type": "consideration"
        }, 
        {
          "reference": "CR 6/3/2015 H3869", 
          "type": "text"
        }
      ], 
      "text": "Amendment (A036) offered by Mr. Stivers.", 
      "type": "action"
    }, 
    {
      "acted_at": "2015-06-04", 
      "action_code": "", 
      "references": [], 
      "text": "", 
      "type": "action"
    }, 
    {
      "acted_at": "2015-06-04", 
      "action_code": "71000", 
      "references": [], 
      "text": "House amendment offered", 
      "type": "action"
    }, 
    {
      "acted_at": "2015-06-04T00:05:06-04:00", 
      "action_code": "71500", 
      "references": [
        {
          "reference": "CR 6/3/2015 H3869-3870", 
          "type": "consideration"
        }, 
        {
          "reference": "CR 6/3/2015 H3869", 
          "type": "text"
        }
      ], 
      "text": "House amendment offered/reported by : Amendment (A036) offered by Mr. Stivers.", 
      "type": "action"
    }, 
    {
      "acted_at": "2015-06-04T00:08:11-04:00", 
      "action_code": "72000", 
      "references": [], 
      "text": "House amendment agreed to: On agreeing to the Stivers amendment (A036) Agreed to by voice vote.", 
      "type": "action"
    }, 
    {
      "acted_at": "2015-06-04T00:08:11-04:00", 
      "action_code": "76000", 
      "references": [], 
      "text": "Amendment agreed to Committee of the Whole", 
      "type": "action"
    }
  ], 
  "amendment_id": "hamdt391-114", 
  "amendment_type": "hamdt", 
  "amends_amendment": null, 
  "amends_bill": {
    "bill_id": "hr2577-114", 
    "bill_type": "hr", 
    "congress": 114, 
    "number": 2577
  }, 
  "amends_treaty": null, 
  "chamber": "h", 
  "congress": "114", 
  "description": "Amendment decreases funding for the Private Enforcement Initiative by $28.375 million and redirects the funds to the Administrative Enforcement Initiative in the Fair Housing Initiatives Program.", 
  "introduced_at": "2015-06-04", 
  "number": 391, 
  "purpose": "An amendment to first reduce then increase funding within the Fair Housing and Equal Opportunity account by $28, 375,000.", 
  "sponsor": {
    "bioguide_id": "S001187", 
    "district": "15", 
    "name": "Stivers, Steve", 
    "state": "OH", 
    "thomas_id": "02047", 
    "title": "Rep", 
    "type": "person"
  }, 
  "status": "pass", 
  "status_at": "2015-06-04T00:08:11-04:00", 
  "updated_at": "2016-08-26T08:52:19Z"
}