{
  "actions": [
    {
      "acted_at": "2015-06-02T18:53:22-04:00", 
      "action_code": "H32111", 
      "how": "roll", 
      "references": [], 
      "result": "pass", 
      "roll": 272, 
      "text": "On agreeing to the Lujan Grisham (NM) amendment (A021) Agreed to by recorded vote: 417 - 10 (Roll no. 272).", 
      "type": "vote", 
      "vote_type": "vote", 
      "where": "h"
    }, 
    {
      "acted_at": "2015-06-02T17:40:07-04:00", 
      "action_code": "H3A100", 
      "references": [
        {
          "reference": "CR H3693-3694, H3698-3699", 
          "type": "consideration"
        }, 
        {
          "reference": "CR H3693", 
          "type": "text"
        }
      ], 
      "text": "Amendment (A021) offered by Ms. Lujan Grisham (NM).", 
      "type": "action"
    }, 
    {
      "acted_at": "2015-06-02", 
      "action_code": "", 
      "references": [], 
      "text": "", 
      "type": "action"
    }, 
    {
      "acted_at": "2015-06-02", 
      "action_code": "71000", 
      "references": [], 
      "text": "House amendment offered", 
      "type": "action"
    }, 
    {
      "acted_at": "2015-06-02T17:40:07-04:00", 
      "action_code": "71500", 
      "references": [
        {
          "reference": "CR H3693-3694, H3698-3699", 
          "type": "consideration"
        }, 
        {
          "reference": "CR H3693", 
          "type": "text"
        }
      ], 
      "text": "House amendment offered/reported by : Amendment (A021) offered by Ms. Lujan Grisham (NM).", 
      "type": "action"
    }, 
    {
      "acted_at": "2015-06-02T18:53:22-04:00", 
      "action_code": "72000", 
      "references": [], 
      "text": "House amendment agreed to: On agreeing to the Lujan Grisham (NM) amendment (A021) Agreed to by recorded vote: 417 - 10 (Roll no. 272).", 
      "type": "action"
    }, 
    {
      "acted_at": "2015-06-02T18:53:22-04:00", 
      "action_code": "75000", 
      "references": [], 
      "text": "Roll call votes on amendments in House", 
      "type": "action"
    }, 
    {
      "acted_at": "2015-06-02T18:53:22-04:00", 
      "action_code": "76000", 
      "references": [], 
      "text": "Amendment agreed to Committee of the Whole", 
      "type": "action"
    }
  ], 
  "amendment_id": "hamdt289-114", 
  "amendment_type": "hamdt", 
  "amends_amendment": null, 
  "amends_bill": {
    "bill_id": "hr2578-114", 
    "bill_type": "hr", 
    "congress": 114, 
    "number": 2578
  }, 
  "amends_treaty": null, 
  "chamber": "h", 
  "congress": "114", 
  "description": "Amendment increases funding for the Mentally Ill Offender Treatment and Crime Reduction Act programs by $2 million.", 
  "introduced_at": "2015-06-02", 
  "number": 289, 
  "purpose": "An amendment to reduce the Dept. of Justice salaries and expenses account by $2 million and increase the Office of Justice state and local law enforcement assistance program by a similar amount.", 
  "sponsor": {
    "bioguide_id": "L000580", 
    "district": "1", 
    "name": "Lujan Grisham, Michelle", 
    "state": "NM", 
    "thomas_id": "02146", 
    "title": "Rep", 
    "type": "person"
  }, 
  "status": "pass", 
  "status_at": "2015-06-02T18:53:22-04:00", 
  "updated_at": "2016-08-01T13:27:41Z"
}