{
  "actions": [
    {
      "acted_at": "2015-06-03T23:59:26-04:00", 
      "action_code": "H32130", 
      "references": [], 
      "text": "Mr. Diaz-Balart raised a point of order against the Green, Al amendment (A034). Mr. Diaz-Balart stated that the amendment seeks to cause a net increase in budget authority in violation of the provisions of H. Res. 5. The Chair sustained the point of order.", 
      "type": "action"
    }, 
    {
      "acted_at": "2015-06-03T23:55:00-04:00", 
      "action_code": "H3A100", 
      "references": [
        {
          "reference": "CR H3866-3867", 
          "type": "consideration"
        }, 
        {
          "reference": "CR H3866", 
          "type": "text"
        }
      ], 
      "text": "Amendment (A034) offered by Mr. Green, Al.", 
      "type": "action"
    }, 
    {
      "acted_at": "2015-06-03", 
      "action_code": "", 
      "references": [], 
      "text": "", 
      "type": "action"
    }, 
    {
      "acted_at": "2015-06-03", 
      "action_code": "71000", 
      "references": [], 
      "text": "House amendment offered", 
      "type": "action"
    }, 
    {
      "acted_at": "2015-06-03T23:55:00-04:00", 
      "action_code": "71500", 
      "references": [
        {
          "reference": "CR H3866-3867", 
          "type": "consideration"
        }, 
        {
          "reference": "CR H3866", 
          "type": "text"
        }
      ], 
      "text": "House amendment offered/reported by : Amendment (A034) offered by Mr. Green, Al.", 
      "type": "action"
    }
  ], 
  "amendment_id": "hamdt389-114", 
  "amendment_type": "hamdt", 
  "amends_amendment": null, 
  "amends_bill": {
    "bill_id": "hr2577-114", 
    "bill_type": "hr", 
    "congress": 114, 
    "number": 2577
  }, 
  "amends_treaty": null, 
  "chamber": "h", 
  "congress": "114", 
  "description": null, 
  "introduced_at": "2015-06-03", 
  "number": 389, 
  "purpose": "An amendment to increase funding for the Community Planning and Development- HOME Investment Partnerships by $293 million and strikes the last two provisos in the Community Planning and Development-HOME Investment Partnerships Program.", 
  "sponsor": {
    "bioguide_id": "G000553", 
    "district": "9", 
    "name": "Green, Al", 
    "state": "TX", 
    "thomas_id": "01803", 
    "title": "Rep", 
    "type": "person"
  }, 
  "status": "offered", 
  "status_at": "2015-06-03", 
  "updated_at": "2016-08-26T08:52:19Z"
}