{
  "actions": [
    {
      "acted_at": "2015-06-11T14:18:22-04:00", 
      "action_code": "H32111", 
      "how": "roll", 
      "references": [
        {
          "reference": "CR H4221-4222", 
          "type": "consideration"
        }
      ], 
      "result": "fail", 
      "roll": 351, 
      "text": "On agreeing to the Johnson (GA) amendment (A050) Failed by recorded vote: 165 - 265 (Roll no. 351).", 
      "type": "vote", 
      "vote_type": "vote", 
      "where": "h"
    }, 
    {
      "acted_at": "2015-06-11T00:02:23-04:00", 
      "action_code": "H3A100", 
      "references": [
        {
          "reference": "CR 06/10/2015 H4121-4122", 
          "type": "consideration"
        }, 
        {
          "reference": "CR 06/10/2015 H4121", 
          "type": "text"
        }
      ], 
      "text": "Amendment (A050) offered by Mr. Johnson (GA).", 
      "type": "action"
    }, 
    {
      "acted_at": "2015-06-11", 
      "action_code": "", 
      "references": [], 
      "text": "", 
      "type": "action"
    }, 
    {
      "acted_at": "2015-06-11", 
      "action_code": "71000", 
      "references": [], 
      "text": "House amendment offered", 
      "type": "action"
    }, 
    {
      "acted_at": "2015-06-11T00:02:23-04:00", 
      "action_code": "71500", 
      "references": [
        {
          "reference": "CR 06/10/2015 H4121-4122", 
          "type": "consideration"
        }, 
        {
          "reference": "CR 06/10/2015 H4121", 
          "type": "text"
        }
      ], 
      "text": "House amendment offered/reported by : Amendment (A050) offered by Mr. Johnson (GA).", 
      "type": "action"
    }, 
    {
      "acted_at": "2015-06-11T14:18:22-04:00", 
      "action_code": "73000", 
      "references": [
        {
          "reference": "CR H4221-4222", 
          "type": "consideration"
        }
      ], 
      "text": "House amendment not agreed to: On agreeing to the Johnson (GA) amendment (A050) Failed by recorded vote: 165 - 265 (Roll no. 351).", 
      "type": "action"
    }, 
    {
      "acted_at": "2015-06-11T14:18:22-04:00", 
      "action_code": "75000", 
      "references": [], 
      "text": "Roll call votes on amendments in House", 
      "type": "action"
    }, 
    {
      "acted_at": "2015-06-11T14:18:22-04:00", 
      "action_code": "77000", 
      "references": [], 
      "text": "Amendment failed in Committee of the Whole", 
      "type": "action"
    }
  ], 
  "amendment_id": "hamdt490-114", 
  "amendment_type": "hamdt", 
  "amends_amendment": null, 
  "amends_bill": {
    "bill_id": "hr2685-114", 
    "bill_type": "hr", 
    "congress": 114, 
    "number": 2685
  }, 
  "amends_treaty": null, 
  "chamber": "h", 
  "congress": "114", 
  "description": "Amendment sought to prohibit use of funds to transfer flash-bang grenades.", 
  "introduced_at": "2015-06-11", 
  "number": 490, 
  "purpose": "An amendment to prohibit use of funds to transfer flash-bang grenades.", 
  "sponsor": {
    "bioguide_id": "J000288", 
    "district": "4", 
    "name": "Johnson, Henry C. \"Hank,\" Jr.", 
    "state": "GA", 
    "thomas_id": "01843", 
    "title": "Rep", 
    "type": "person"
  }, 
  "status": "fail", 
  "status_at": "2015-06-11T14:18:22-04:00", 
  "updated_at": "2016-08-01T13:27:47Z"
}