{
  "actions": [
    {
      "acted_at": "2015-06-02T15:37:46-04:00", 
      "action_code": "H32111", 
      "how": "by voice vote", 
      "references": [], 
      "result": "pass", 
      "text": "On agreeing to the Reichert amendment (A003) Agreed to by voice vote.", 
      "type": "vote", 
      "vote_type": "vote", 
      "where": "h"
    }, 
    {
      "acted_at": "2015-06-02T15:25:59-04:00", 
      "action_code": "H3A100", 
      "references": [
        {
          "reference": "CR H3675-3677", 
          "type": "consideration"
        }, 
        {
          "reference": "CR H3676", 
          "type": "text"
        }
      ], 
      "text": "Amendment (A003) offered by Mr. Reichert.", 
      "type": "action"
    }, 
    {
      "acted_at": "2015-06-02", 
      "action_code": "", 
      "references": [], 
      "text": "", 
      "type": "action"
    }, 
    {
      "acted_at": "2015-06-02", 
      "action_code": "71000", 
      "references": [], 
      "text": "House amendment offered", 
      "type": "action"
    }, 
    {
      "acted_at": "2015-06-02T15:25:59-04:00", 
      "action_code": "71500", 
      "references": [
        {
          "reference": "CR H3675-3677", 
          "type": "consideration"
        }, 
        {
          "reference": "CR H3676", 
          "type": "text"
        }
      ], 
      "text": "House amendment offered/reported by : Amendment (A003) offered by Mr. Reichert.", 
      "type": "action"
    }, 
    {
      "acted_at": "2015-06-02T15:37:46-04:00", 
      "action_code": "72000", 
      "references": [], 
      "text": "House amendment agreed to: On agreeing to the Reichert amendment (A003) Agreed to by voice vote.", 
      "type": "action"
    }, 
    {
      "acted_at": "2015-06-02T15:37:46-04:00", 
      "action_code": "76000", 
      "references": [], 
      "text": "Amendment agreed to Committee of the Whole", 
      "type": "action"
    }
  ], 
  "amendment_id": "hamdt271-114", 
  "amendment_type": "hamdt", 
  "amends_amendment": null, 
  "amends_bill": {
    "bill_id": "hr2578-114", 
    "bill_type": "hr", 
    "congress": 114, 
    "number": 2578
  }, 
  "amends_treaty": null, 
  "chamber": "h", 
  "congress": "114", 
  "description": "Amendment increases funding for the Edward Byrne Memorial Justice Assistance Grant Program by $100 million and reduces funding for the Census Bureau by a similar amount.", 
  "introduced_at": "2015-06-02", 
  "number": 271, 
  "purpose": "An amendment to reduce funding for periodic censuses and programs by $100 million and increase funding for the Edward Byrne Memorial Justice Assistance Grant program by a similar amount.", 
  "sponsor": {
    "bioguide_id": "R000578", 
    "district": "8", 
    "name": "Reichert, David G.", 
    "state": "WA", 
    "thomas_id": "01810", 
    "title": "Rep", 
    "type": "person"
  }, 
  "status": "pass", 
  "status_at": "2015-06-02T15:37:46-04:00", 
  "updated_at": "2016-08-01T13:27:41Z"
}