{
  "actions": [
    {
      "acted_at": "2015-02-26T21:54:44-05:00", 
      "action_code": "H32111", 
      "how": "by voice vote", 
      "references": [], 
      "result": "pass", 
      "text": "On agreeing to the Collins (GA) amendment (A036) Agreed to by voice vote.", 
      "type": "vote", 
      "vote_type": "vote", 
      "where": "h"
    }, 
    {
      "acted_at": "2015-02-26T21:51:11-05:00", 
      "action_code": "H3A100", 
      "references": [
        {
          "reference": "CR H1291", 
          "type": "consideration"
        }, 
        {
          "reference": "CR H1291", 
          "type": "text"
        }
      ], 
      "text": "Amendment (A036) offered by Mr. Collins (GA).", 
      "type": "action"
    }, 
    {
      "acted_at": "2015-02-26", 
      "action_code": "", 
      "references": [], 
      "text": "", 
      "type": "action"
    }, 
    {
      "acted_at": "2015-02-26", 
      "action_code": "71000", 
      "references": [], 
      "text": "House amendment offered", 
      "type": "action"
    }, 
    {
      "acted_at": "2015-02-26T21:51:11-05:00", 
      "action_code": "71500", 
      "references": [
        {
          "reference": "CR H1291", 
          "type": "consideration"
        }, 
        {
          "reference": "CR H1291", 
          "type": "text"
        }
      ], 
      "text": "House amendment offered/reported by : Amendment (A036) offered by Mr. Collins (GA).", 
      "type": "action"
    }, 
    {
      "acted_at": "2015-02-26T21:54:44-05:00", 
      "action_code": "72000", 
      "references": [], 
      "text": "House amendment agreed to: On agreeing to the Collins (GA) amendment (A036) Agreed to by voice vote.", 
      "type": "action"
    }, 
    {
      "acted_at": "2015-02-26T21:54:44-05:00", 
      "action_code": "76000", 
      "references": [], 
      "text": "Amendment agreed to Committee of the Whole", 
      "type": "action"
    }
  ], 
  "amendment_id": "hamdt59-114", 
  "amendment_type": "hamdt", 
  "amends_amendment": null, 
  "amends_bill": {
    "bill_id": "hr5-114", 
    "bill_type": "hr", 
    "congress": 114, 
    "number": 5
  }, 
  "amends_treaty": null, 
  "chamber": "h", 
  "congress": "114", 
  "description": "Amendment improves accountability and ensures proper oversight of taxpayer funds authorized by the bill.", 
  "introduced_at": "2015-02-26", 
  "number": 59, 
  "purpose": "An amendment No. 36 printed in part B of House Report 114-29 to improve accountability and ensures proper oversight of taxpayer funds authorized by this legislation.", 
  "sponsor": {
    "bioguide_id": "C001093", 
    "district": "9", 
    "name": "Collins, Doug", 
    "state": "GA", 
    "thomas_id": "02121", 
    "title": "Rep", 
    "type": "person"
  }, 
  "status": "pass", 
  "status_at": "2015-02-26T21:54:44-05:00", 
  "updated_at": "2016-08-01T13:26:00Z"
}