{
  "actions": [
    {
      "acted_at": "2015-05-14T19:18:12-04:00", 
      "action_code": "H32111", 
      "how": "roll", 
      "references": [], 
      "result": "pass", 
      "roll": 232, 
      "text": "On agreeing to the McCaul amendment (A007) Agreed to by recorded vote: 253 - 166 (Roll no. 232).", 
      "type": "vote", 
      "vote_type": "vote", 
      "where": "h"
    }, 
    {
      "acted_at": "2015-05-14T17:48:57-04:00", 
      "action_code": "H3A100", 
      "references": [
        {
          "reference": "CR H3169-3170, H3180-3181", 
          "type": "consideration"
        }, 
        {
          "reference": "CR H3169", 
          "type": "text"
        }
      ], 
      "text": "Amendment (A007) offered by Mr. McCaul.", 
      "type": "action"
    }, 
    {
      "acted_at": "2015-05-14", 
      "action_code": "", 
      "references": [], 
      "text": "", 
      "type": "action"
    }, 
    {
      "acted_at": "2015-05-14", 
      "action_code": "71000", 
      "references": [], 
      "text": "House amendment offered", 
      "type": "action"
    }, 
    {
      "acted_at": "2015-05-14T17:48:57-04:00", 
      "action_code": "71500", 
      "references": [
        {
          "reference": "CR H3169-3170, H3180-3181", 
          "type": "consideration"
        }, 
        {
          "reference": "CR H3169", 
          "type": "text"
        }
      ], 
      "text": "House amendment offered/reported by : Amendment (A007) offered by Mr. McCaul.", 
      "type": "action"
    }, 
    {
      "acted_at": "2015-05-14T19:18:12-04:00", 
      "action_code": "72000", 
      "references": [], 
      "text": "House amendment agreed to: On agreeing to the McCaul amendment (A007) Agreed to by recorded vote: 253 - 166 (Roll no. 232).", 
      "type": "action"
    }, 
    {
      "acted_at": "2015-05-14T19:18:12-04:00", 
      "action_code": "75000", 
      "references": [], 
      "text": "Roll call votes on amendments in House", 
      "type": "action"
    }, 
    {
      "acted_at": "2015-05-14T19:18:12-04:00", 
      "action_code": "76000", 
      "references": [], 
      "text": "Amendment agreed to Committee of the Whole", 
      "type": "action"
    }
  ], 
  "amendment_id": "hamdt222-114", 
  "amendment_type": "hamdt", 
  "amends_amendment": null, 
  "amends_bill": {
    "bill_id": "hr1735-114", 
    "bill_type": "hr", 
    "congress": 114, 
    "number": 1735
  }, 
  "amends_treaty": null, 
  "chamber": "h", 
  "congress": "114", 
  "description": "Amendment provides for inclusion of border security activities to the list of preferred applications the Department of Defense considers when transferring excess property to other federal agencies.", 
  "introduced_at": "2015-05-14", 
  "number": 222, 
  "purpose": null, 
  "sponsor": {
    "bioguide_id": "M001157", 
    "district": "10", 
    "name": "McCaul, Michael T.", 
    "state": "TX", 
    "thomas_id": "01804", 
    "title": "Rep", 
    "type": "person"
  }, 
  "status": "pass", 
  "status_at": "2015-05-14T19:18:12-04:00", 
  "updated_at": "2016-06-15T13:41:50Z"
}