{
  "actions": [
    {
      "acted_at": "2015-06-03T00:26:37-04:00", 
      "action_code": "H32130", 
      "references": [], 
      "text": "Mr. Fattah raised a point of order against the Collins (GA) amendment (A062). Mr. Fattah stated that the amendment seeks to change existing law and constitutes legislation in an appropriations bill. The Chair sustained the point of order.", 
      "type": "action"
    }, 
    {
      "acted_at": "2015-06-03T00:22:17-04:00", 
      "action_code": "H3A100", 
      "references": [
        {
          "reference": "CR H3743-3744", 
          "type": "consideration"
        }, 
        {
          "reference": "CR H3743", 
          "type": "text"
        }
      ], 
      "text": "Amendment (A062) offered by Mr. Collins (GA).", 
      "type": "action"
    }, 
    {
      "acted_at": "2015-06-03", 
      "action_code": "", 
      "references": [], 
      "text": "", 
      "type": "action"
    }, 
    {
      "acted_at": "2015-06-03", 
      "action_code": "71000", 
      "references": [], 
      "text": "House amendment offered", 
      "type": "action"
    }, 
    {
      "acted_at": "2015-06-03T00:22:17-04:00", 
      "action_code": "71500", 
      "references": [
        {
          "reference": "CR H3743-3744", 
          "type": "consideration"
        }, 
        {
          "reference": "CR H3743", 
          "type": "text"
        }
      ], 
      "text": "House amendment offered/reported by : Amendment (A062) offered by Mr. Collins (GA).", 
      "type": "action"
    }
  ], 
  "amendment_id": "hamdt330-114", 
  "amendment_type": "hamdt", 
  "amends_amendment": null, 
  "amends_bill": {
    "bill_id": "hr2578-114", 
    "bill_type": "hr", 
    "congress": 114, 
    "number": 2578
  }, 
  "amends_treaty": null, 
  "chamber": "h", 
  "congress": "114", 
  "description": null, 
  "introduced_at": "2015-06-03", 
  "number": 330, 
  "purpose": "An amendment to prohibit the use of funds to provide assistance to a State, or political subdivision of a State, that has in effect any law, policy, or procedure in contravention of immigration laws.", 
  "sponsor": {
    "bioguide_id": "C001093", 
    "district": "9", 
    "name": "Collins, Doug", 
    "state": "GA", 
    "thomas_id": "02121", 
    "title": "Rep", 
    "type": "person"
  }, 
  "status": "offered", 
  "status_at": "2015-06-03", 
  "updated_at": "2016-08-01T13:27:41Z"
}