{
  "actions": [
    {
      "acted_at": "2015-02-26T15:54:39-05:00", 
      "action_code": "H32111", 
      "how": "by voice vote", 
      "references": [], 
      "result": "pass", 
      "text": "On agreeing to the Lawrence amendment (A004) Agreed to by voice vote.", 
      "type": "vote", 
      "vote_type": "vote", 
      "where": "h"
    }, 
    {
      "acted_at": "2015-02-26T15:49:15-05:00", 
      "action_code": "H3A100", 
      "references": [
        {
          "reference": "CR H1257", 
          "type": "consideration"
        }, 
        {
          "reference": "CR H1257", 
          "type": "text"
        }
      ], 
      "text": "Amendment (A004) offered by Mrs. Lawrence.", 
      "type": "action"
    }, 
    {
      "acted_at": "2015-02-26", 
      "action_code": "", 
      "references": [], 
      "text": "", 
      "type": "action"
    }, 
    {
      "acted_at": "2015-02-26", 
      "action_code": "71000", 
      "references": [], 
      "text": "House amendment offered", 
      "type": "action"
    }, 
    {
      "acted_at": "2015-02-26T15:49:15-05:00", 
      "action_code": "71500", 
      "references": [
        {
          "reference": "CR H1257", 
          "type": "consideration"
        }, 
        {
          "reference": "CR H1257", 
          "type": "text"
        }
      ], 
      "text": "House amendment offered/reported by : Amendment (A004) offered by Mrs. Lawrence.", 
      "type": "action"
    }, 
    {
      "acted_at": "2015-02-26T15:54:39-05:00", 
      "action_code": "72000", 
      "references": [], 
      "text": "House amendment agreed to: On agreeing to the Lawrence amendment (A004) Agreed to by voice vote.", 
      "type": "action"
    }, 
    {
      "acted_at": "2015-02-26T15:54:39-05:00", 
      "action_code": "76000", 
      "references": [], 
      "text": "Amendment agreed to Committee of the Whole", 
      "type": "action"
    }
  ], 
  "amendment_id": "hamdt27-114", 
  "amendment_type": "hamdt", 
  "amends_amendment": null, 
  "amends_bill": {
    "bill_id": "hr5-114", 
    "bill_type": "hr", 
    "congress": 114, 
    "number": 5
  }, 
  "amends_treaty": null, 
  "chamber": "h", 
  "congress": "114", 
  "description": "Amendment requires that the Secretary of Education disapprove of any State plan that fails to, in consultation with State and local education agencies, demonstrate that there is a separate reporting of academic assessments for foster youth and also requires the Secretary to report on academic assessments for foster children.", 
  "introduced_at": "2015-02-26", 
  "number": 27, 
  "purpose": null, 
  "sponsor": {
    "bioguide_id": "L000581", 
    "district": "14", 
    "name": "Lawrence, Brenda L.", 
    "state": "MI", 
    "thomas_id": "02252", 
    "title": "Rep", 
    "type": "person"
  }, 
  "status": "pass", 
  "status_at": "2015-02-26T15:54:39-05:00", 
  "updated_at": "2016-08-01T13:26:00Z"
}