{
  "actions": [
    {
      "acted_at": "2015-06-01T19:03:58-04:00", 
      "action_code": "H32111", 
      "how": "roll", 
      "references": [], 
      "result": "fail", 
      "roll": 264, 
      "text": "On agreeing to the Dingell amendment (A001) Failed by recorded vote: 155 - 223 (Roll No. 264).", 
      "type": "vote", 
      "vote_type": "vote", 
      "where": "h"
    }, 
    {
      "acted_at": "2015-06-01T16:40:21-04:00", 
      "action_code": "H3A100", 
      "references": [
        {
          "reference": "CR H3603-3604, H3620", 
          "type": "consideration"
        }, 
        {
          "reference": "CR H3603", 
          "type": "text"
        }
      ], 
      "text": "Amendment (A001) offered by Mrs. Dingell.", 
      "type": "action"
    }, 
    {
      "acted_at": "2015-06-01", 
      "action_code": "", 
      "references": [], 
      "text": "", 
      "type": "action"
    }, 
    {
      "acted_at": "2015-06-01", 
      "action_code": "71000", 
      "references": [], 
      "text": "House amendment offered", 
      "type": "action"
    }, 
    {
      "acted_at": "2015-06-01T16:40:21-04:00", 
      "action_code": "71500", 
      "references": [
        {
          "reference": "CR H3603-3604, H3620", 
          "type": "consideration"
        }, 
        {
          "reference": "CR H3603", 
          "type": "text"
        }
      ], 
      "text": "House amendment offered/reported by : Amendment (A001) offered by Mrs. Dingell.", 
      "type": "action"
    }, 
    {
      "acted_at": "2015-06-01T19:03:58-04:00", 
      "action_code": "73000", 
      "references": [], 
      "text": "House amendment not agreed to: On agreeing to the Dingell amendment (A001) Failed by recorded vote: 155 - 223 (Roll No. 264).", 
      "type": "action"
    }, 
    {
      "acted_at": "2015-06-01T19:03:58-04:00", 
      "action_code": "75000", 
      "references": [], 
      "text": "Roll call votes on amendments in House", 
      "type": "action"
    }, 
    {
      "acted_at": "2015-06-01T19:03:58-04:00", 
      "action_code": "77000", 
      "references": [], 
      "text": "Amendment failed in Committee of the Whole", 
      "type": "action"
    }
  ], 
  "amendment_id": "hamdt262-114", 
  "amendment_type": "hamdt", 
  "amends_amendment": null, 
  "amends_bill": {
    "bill_id": "hr1335-114", 
    "bill_type": "hr", 
    "congress": 114, 
    "number": 1335
  }, 
  "amends_treaty": null, 
  "chamber": "h", 
  "congress": "114", 
  "description": "Amendment sought to eliminate the requirement in the bill to fast-track analyses under the National Environmental Policy Act.", 
  "introduced_at": "2015-06-01", 
  "number": 262, 
  "purpose": "An amendment numbered 1 printed in House Report 114-128 to eliminate the requirement to fast-track analyses under the National Environmental Policy Act.", 
  "sponsor": {
    "bioguide_id": "D000624", 
    "district": "12", 
    "name": "Dingell, Debbie", 
    "state": "MI", 
    "thomas_id": "02251", 
    "title": "Rep", 
    "type": "person"
  }, 
  "status": "fail", 
  "status_at": "2015-06-01T19:03:58-04:00", 
  "updated_at": "2016-08-17T17:01:07Z"
}