{
  "actions": [
    {
      "acted_at": "2015-04-29T19:29:13-04:00", 
      "action_code": "H32111", 
      "how": "by voice vote", 
      "references": [], 
      "result": "pass", 
      "text": "On agreeing to the Roe (TN) amendment (A035) Agreed to by voice vote.", 
      "type": "vote", 
      "vote_type": "vote", 
      "where": "h"
    }, 
    {
      "acted_at": "2015-04-29T19:22:33-04:00", 
      "action_code": "H3A100", 
      "references": [
        {
          "reference": "CR H2617", 
          "type": "consideration"
        }, 
        {
          "reference": "CR H2617", 
          "type": "text"
        }
      ], 
      "text": "Amendment (A035) offered by Mr. Roe (TN).", 
      "type": "action"
    }, 
    {
      "acted_at": "2015-04-29", 
      "action_code": "", 
      "references": [], 
      "text": "", 
      "type": "action"
    }, 
    {
      "acted_at": "2015-04-29", 
      "action_code": "71000", 
      "references": [], 
      "text": "House amendment offered", 
      "type": "action"
    }, 
    {
      "acted_at": "2015-04-29T19:22:33-04:00", 
      "action_code": "71500", 
      "references": [
        {
          "reference": "CR H2617", 
          "type": "consideration"
        }, 
        {
          "reference": "CR H2617", 
          "type": "text"
        }
      ], 
      "text": "House amendment offered/reported by : Amendment (A035) offered by Mr. Roe (TN).", 
      "type": "action"
    }, 
    {
      "acted_at": "2015-04-29T19:29:13-04:00", 
      "action_code": "72000", 
      "references": [], 
      "text": "House amendment agreed to: On agreeing to the Roe (TN) amendment (A035) Agreed to by voice vote.", 
      "type": "action"
    }, 
    {
      "acted_at": "2015-04-29T19:29:13-04:00", 
      "action_code": "76000", 
      "references": [], 
      "text": "Amendment agreed to Committee of the Whole", 
      "type": "action"
    }
  ], 
  "amendment_id": "hamdt142-114", 
  "amendment_type": "hamdt", 
  "amends_amendment": null, 
  "amends_bill": {
    "bill_id": "hr2029-114", 
    "bill_type": "hr", 
    "congress": 114, 
    "number": 2029
  }, 
  "amends_treaty": null, 
  "chamber": "h", 
  "congress": "114", 
  "description": "At the end of the bill (before the short title), insert the following:    SEC.___. None of the funds made available by this Act may be used to pay an award or bonus under chapter 45 or 53 of title 5, United States Code, to any employee of the Office of Construction and Facilities Management of the Department of Veterans Affairs.", 
  "introduced_at": "2015-04-29", 
  "number": 142, 
  "purpose": "An amendment to prohibit use of funds to pay an award or bonus to any employee of the Office of Construction and Facilities in VA, specifically in the locations of Denver, Orlando, Las Vegas and New Orleans.", 
  "sponsor": {
    "bioguide_id": "R000582", 
    "district": "1", 
    "name": "Roe, David P.", 
    "state": "TN", 
    "thomas_id": "01954", 
    "title": "Rep", 
    "type": "person"
  }, 
  "status": "pass", 
  "status_at": "2015-04-29T19:29:13-04:00", 
  "updated_at": "2016-08-01T13:27:20Z"
}