{
  "actions": [
    {
      "acted_at": "2015-06-03T20:27:31-04:00", 
      "action_code": "H32130", 
      "references": [], 
      "text": "Mr. Diaz-Balart raised a point of order against the Waters, Maxine amendment (A006). Mr. Diaz-Balart stated that the amendment seeks to cause a net increase in budget authority in violation of the provisions of H. Res. 5. The Chair sustained the point of order.", 
      "type": "action"
    }, 
    {
      "acted_at": "2015-06-03T20:24:00-04:00", 
      "action_code": "H3A100", 
      "references": [
        {
          "reference": "CR H3834-3835", 
          "type": "consideration"
        }, 
        {
          "reference": "CR H3834", 
          "type": "text"
        }
      ], 
      "text": "Amendment (A006) offered by Ms. Waters, Maxine.", 
      "type": "action"
    }, 
    {
      "acted_at": "2015-06-03", 
      "action_code": "", 
      "references": [], 
      "text": "", 
      "type": "action"
    }, 
    {
      "acted_at": "2015-06-03", 
      "action_code": "71000", 
      "references": [], 
      "text": "House amendment offered", 
      "type": "action"
    }, 
    {
      "acted_at": "2015-06-03T20:24:00-04:00", 
      "action_code": "71500", 
      "references": [
        {
          "reference": "CR H3834-3835", 
          "type": "consideration"
        }, 
        {
          "reference": "CR H3834", 
          "type": "text"
        }
      ], 
      "text": "House amendment offered/reported by : Amendment (A006) offered by Ms. Waters, Maxine.", 
      "type": "action"
    }
  ], 
  "amendment_id": "hamdt361-114", 
  "amendment_type": "hamdt", 
  "amends_amendment": null, 
  "amends_bill": {
    "bill_id": "hr2577-114", 
    "bill_type": "hr", 
    "congress": 114, 
    "number": 2577
  }, 
  "amends_treaty": null, 
  "chamber": "h", 
  "congress": "114", 
  "description": null, 
  "introduced_at": "2015-06-03", 
  "number": 361, 
  "purpose": "An amendment to increase funding for National Infrastructure Investments (TIGER Grants) by $400 million.", 
  "sponsor": {
    "bioguide_id": "W000187", 
    "district": "43", 
    "name": "Waters, Maxine", 
    "state": "CA", 
    "thomas_id": "01205", 
    "title": "Rep", 
    "type": "person"
  }, 
  "status": "offered", 
  "status_at": "2015-06-03", 
  "updated_at": "2016-08-26T08:52:18Z"
}