{
  "actions": [
    {
      "acted_at": "2015-06-04T11:52:31-04:00", 
      "action_code": "H32111", 
      "how": "roll", 
      "references": [
        {
          "reference": "CR H3897", 
          "type": "consideration"
        }
      ], 
      "result": "fail", 
      "roll": 298, 
      "text": "On agreeing to the McClintock amendment (A008) Failed by recorded vote: 166 - 255 (Roll no. 298).", 
      "type": "vote", 
      "vote_type": "vote", 
      "where": "h"
    }, 
    {
      "acted_at": "2015-06-03T20:38:39-04:00", 
      "action_code": "H3A100", 
      "references": [
        {
          "reference": "CR H3836-3837", 
          "type": "consideration"
        }, 
        {
          "reference": "CR H3836", 
          "type": "text"
        }
      ], 
      "text": "Amendment (A008) offered by Mr. McClintock.", 
      "type": "action"
    }, 
    {
      "acted_at": "2015-06-03", 
      "action_code": "", 
      "references": [], 
      "text": "", 
      "type": "action"
    }, 
    {
      "acted_at": "2015-06-03", 
      "action_code": "71000", 
      "references": [], 
      "text": "House amendment offered", 
      "type": "action"
    }, 
    {
      "acted_at": "2015-06-03T20:38:39-04:00", 
      "action_code": "71500", 
      "references": [
        {
          "reference": "CR H3836-3837", 
          "type": "consideration"
        }, 
        {
          "reference": "CR H3836", 
          "type": "text"
        }
      ], 
      "text": "House amendment offered/reported by : Amendment (A008) offered by Mr. McClintock.", 
      "type": "action"
    }, 
    {
      "acted_at": "2015-06-04T11:52:31-04:00", 
      "action_code": "73000", 
      "references": [
        {
          "reference": "CR H3897", 
          "type": "consideration"
        }
      ], 
      "text": "House amendment not agreed to: On agreeing to the McClintock amendment (A008) Failed by recorded vote: 166 - 255 (Roll no. 298).", 
      "type": "action"
    }, 
    {
      "acted_at": "2015-06-04T11:52:31-04:00", 
      "action_code": "75000", 
      "references": [], 
      "text": "Roll call votes on amendments in House", 
      "type": "action"
    }, 
    {
      "acted_at": "2015-06-04T11:52:31-04:00", 
      "action_code": "77000", 
      "references": [], 
      "text": "Amendment failed in Committee of the Whole", 
      "type": "action"
    }
  ], 
  "amendment_id": "hamdt363-114", 
  "amendment_type": "hamdt", 
  "amends_amendment": null, 
  "amends_bill": {
    "bill_id": "hr2577-114", 
    "bill_type": "hr", 
    "congress": 114, 
    "number": 2577
  }, 
  "amends_treaty": null, 
  "chamber": "h", 
  "congress": "114", 
  "description": "Amendment sought to zero out the funding for Payments to Air Carriers and apply the savings of $155 million to the spending reduction account.", 
  "introduced_at": "2015-06-03", 
  "number": 363, 
  "purpose": "An amendment to zero out the funding for Payments to Air Carriers and apply the savings of $155 million to the spending reduction account.", 
  "sponsor": {
    "bioguide_id": "M001177", 
    "district": "4", 
    "name": "McClintock, Tom", 
    "state": "CA", 
    "thomas_id": "01908", 
    "title": "Rep", 
    "type": "person"
  }, 
  "status": "fail", 
  "status_at": "2015-06-04T11:52:31-04:00", 
  "updated_at": "2016-08-26T08:52:18Z"
}