{
  "actions": [
    {
      "acted_at": "2015-06-09T19:17:35-04:00", 
      "action_code": "H32111", 
      "how": "roll", 
      "references": [
        {
          "reference": "CR H3966", 
          "type": "consideration"
        }
      ], 
      "result": "pass", 
      "roll": 311, 
      "text": "On agreeing to the Gosar amendment (A044) Agreed to by recorded vote: 229 - 193 (Roll no. 311).", 
      "type": "vote", 
      "vote_type": "vote", 
      "where": "h"
    }, 
    {
      "acted_at": "2015-06-04T09:29:49-04:00", 
      "action_code": "H3A100", 
      "references": [
        {
          "reference": "CR H3884-3885", 
          "type": "consideration"
        }, 
        {
          "reference": "CR H3884", 
          "type": "text"
        }
      ], 
      "text": "Amendment (A044) offered by Mr. Gosar.", 
      "type": "action"
    }, 
    {
      "acted_at": "2015-06-04", 
      "action_code": "", 
      "references": [], 
      "text": "", 
      "type": "action"
    }, 
    {
      "acted_at": "2015-06-04", 
      "action_code": "71000", 
      "references": [], 
      "text": "House amendment offered", 
      "type": "action"
    }, 
    {
      "acted_at": "2015-06-04T09:29:49-04:00", 
      "action_code": "71500", 
      "references": [
        {
          "reference": "CR H3884-3885", 
          "type": "consideration"
        }, 
        {
          "reference": "CR H3884", 
          "type": "text"
        }
      ], 
      "text": "House amendment offered/reported by : Amendment (A044) offered by Mr. Gosar.", 
      "type": "action"
    }, 
    {
      "acted_at": "2015-06-09T19:17:35-04:00", 
      "action_code": "72000", 
      "references": [
        {
          "reference": "CR H3966", 
          "type": "consideration"
        }
      ], 
      "text": "House amendment agreed to: On agreeing to the Gosar amendment (A044) Agreed to by recorded vote: 229 - 193 (Roll no. 311).", 
      "type": "action"
    }, 
    {
      "acted_at": "2015-06-09T19:17:35-04:00", 
      "action_code": "75000", 
      "references": [], 
      "text": "Roll call votes on amendments in House", 
      "type": "action"
    }, 
    {
      "acted_at": "2015-06-09T19:17:35-04:00", 
      "action_code": "76000", 
      "references": [], 
      "text": "Amendment agreed to Committee of the Whole", 
      "type": "action"
    }
  ], 
  "amendment_id": "hamdt399-114", 
  "amendment_type": "hamdt", 
  "amends_amendment": null, 
  "amends_bill": {
    "bill_id": "hr2577-114", 
    "bill_type": "hr", 
    "congress": 114, 
    "number": 2577
  }, 
  "amends_treaty": null, 
  "chamber": "h", 
  "congress": "114", 
  "description": "Amendment prohibits the use of funds to carry out the rule entitled \"Affirmatively Furthering Fair Housing\", published by the Department of Housing and Urban Development in the Federal Register on July 19, 2013.", 
  "introduced_at": "2015-06-04", 
  "number": 399, 
  "purpose": "An amendment to prohibit the use of funds to carry out the rule entitled \"Affirmatively Furthering Fair Housing\", published by the Department of Housing and Urban Development in the Federal Register on July 19, 2013.", 
  "sponsor": {
    "bioguide_id": "G000565", 
    "district": "4", 
    "name": "Gosar, Paul A.", 
    "state": "AZ", 
    "thomas_id": "01992", 
    "title": "Rep", 
    "type": "person"
  }, 
  "status": "pass", 
  "status_at": "2015-06-09T19:17:35-04:00", 
  "updated_at": "2016-08-26T08:52:18Z"
}