{
  "actions": [
    {
      "acted_at": "2015-04-30T15:39:22-04:00", 
      "action_code": "H32140", 
      "references": [
        {
          "reference": "consideration CR H2688", 
          "type": null
        }
      ], 
      "text": "By unanimous consent, the Flores amendment was withdrawn.", 
      "type": "action"
    }, 
    {
      "acted_at": "2015-04-30T15:32:40-04:00", 
      "action_code": "H3A100", 
      "references": [
        {
          "reference": "CR H2688", 
          "type": "consideration"
        }, 
        {
          "reference": "CR H2688", 
          "type": "text"
        }
      ], 
      "text": "Amendment (A025) offered by Mr. Flores.", 
      "type": "action"
    }, 
    {
      "acted_at": "2015-04-30", 
      "action_code": "", 
      "references": [], 
      "text": "", 
      "type": "action"
    }, 
    {
      "acted_at": "2015-04-30", 
      "action_code": "71000", 
      "references": [], 
      "text": "House amendment offered", 
      "type": "action"
    }, 
    {
      "acted_at": "2015-04-30T15:32:40-04:00", 
      "action_code": "71500", 
      "references": [
        {
          "reference": "CR H2688", 
          "type": "consideration"
        }, 
        {
          "reference": "CR H2688", 
          "type": "text"
        }
      ], 
      "text": "House amendment offered/reported by : Amendment (A025) offered by Mr. Flores.", 
      "type": "action"
    }
  ], 
  "amendment_id": "hamdt175-114", 
  "amendment_type": "hamdt", 
  "amends_amendment": null, 
  "amends_bill": {
    "bill_id": "hr2028-114", 
    "bill_type": "hr", 
    "congress": 114, 
    "number": 2028
  }, 
  "amends_treaty": null, 
  "chamber": "h", 
  "congress": "114", 
  "description": null, 
  "introduced_at": "2015-04-30", 
  "number": 175, 
  "purpose": "An amendment to increase funding for Science by $2.5 million and to reduce funding for Salaries and Expenses of the Nuclear Regulatory Commission by $25 million.", 
  "sponsor": {
    "bioguide_id": "F000461", 
    "district": "17", 
    "name": "Flores, Bill", 
    "state": "TX", 
    "thomas_id": "02065", 
    "title": "Rep", 
    "type": "person"
  }, 
  "status": "offered", 
  "status_at": "2015-04-30", 
  "updated_at": "2016-08-01T13:27:19Z"
}