{
  "actions": [
    {
      "acted_at": "2015-06-11T00:41:47-04:00", 
      "action_code": "H32111", 
      "how": "by voice vote", 
      "references": [], 
      "result": "fail", 
      "text": "On agreeing to the Grayson amendment (A057) Failed by voice vote.", 
      "type": "vote", 
      "vote_type": "vote", 
      "where": "h"
    }, 
    {
      "acted_at": "2015-06-11T00:36:43-04:00", 
      "action_code": "H3A100", 
      "references": [
        {
          "reference": "CR 06/10/2015 H4125-4126", 
          "type": "consideration"
        }, 
        {
          "reference": "CR 06/10/2015 H4125", 
          "type": "text"
        }
      ], 
      "text": "Amendment (A057) offered by Mr. Grayson.", 
      "type": "action"
    }, 
    {
      "acted_at": "2015-06-11", 
      "action_code": "", 
      "references": [], 
      "text": "", 
      "type": "action"
    }, 
    {
      "acted_at": "2015-06-11", 
      "action_code": "71000", 
      "references": [], 
      "text": "House amendment offered", 
      "type": "action"
    }, 
    {
      "acted_at": "2015-06-11T00:36:43-04:00", 
      "action_code": "71500", 
      "references": [
        {
          "reference": "CR 06/10/2015 H4125-4126", 
          "type": "consideration"
        }, 
        {
          "reference": "CR 06/10/2015 H4125", 
          "type": "text"
        }
      ], 
      "text": "House amendment offered/reported by : Amendment (A057) offered by Mr. Grayson.", 
      "type": "action"
    }, 
    {
      "acted_at": "2015-06-11T00:41:47-04:00", 
      "action_code": "73000", 
      "references": [], 
      "text": "House amendment not agreed to: On agreeing to the Grayson amendment (A057) Failed by voice vote.", 
      "type": "action"
    }, 
    {
      "acted_at": "2015-06-11T00:41:47-04:00", 
      "action_code": "77000", 
      "references": [], 
      "text": "Amendment failed in Committee of the Whole", 
      "type": "action"
    }
  ], 
  "amendment_id": "hamdt497-114", 
  "amendment_type": "hamdt", 
  "amends_amendment": null, 
  "amends_bill": {
    "bill_id": "hr2685-114", 
    "bill_type": "hr", 
    "congress": 114, 
    "number": 2685
  }, 
  "amends_treaty": null, 
  "chamber": "h", 
  "congress": "114", 
  "description": "Amendment sought to prohibit the intelligence community from subverting or interfering with the integrity of any cryptographic standard that is proposed, developed, or adopted by NIST.", 
  "introduced_at": "2015-06-11", 
  "number": 497, 
  "purpose": "An amendment to prohibit use of funds to consult as the term is used in reference to DOD and NSA, in contravention of the assurance provided under the National Institute of Standards and Technology Act.", 
  "sponsor": {
    "bioguide_id": "G000556", 
    "district": "9", 
    "name": "Grayson, Alan", 
    "state": "FL", 
    "thomas_id": "01914", 
    "title": "Rep", 
    "type": "person"
  }, 
  "status": "fail", 
  "status_at": "2015-06-11T00:41:47-04:00", 
  "updated_at": "2016-08-01T13:27:47Z"
}