{
  "actions": [
    {
      "acted_at": "2015-03-04T14:11:08-05:00", 
      "action_code": "H32111", 
      "how": "by voice vote", 
      "references": [], 
      "result": "pass", 
      "text": "On agreeing to the Lipinski amendment (A007) Agreed to by voice vote.", 
      "type": "vote", 
      "vote_type": "vote", 
      "where": "h"
    }, 
    {
      "acted_at": "2015-03-04T14:04:01-05:00", 
      "action_code": "H3A100", 
      "references": [
        {
          "reference": "CR H1599-1600", 
          "type": "consideration"
        }, 
        {
          "reference": "CR H1599", 
          "type": "text"
        }
      ], 
      "text": "Amendment (A007) offered by Mr. Lipinski.", 
      "type": "action"
    }, 
    {
      "acted_at": "2015-03-04", 
      "action_code": "", 
      "references": [], 
      "text": "", 
      "type": "action"
    }, 
    {
      "acted_at": "2015-03-04", 
      "action_code": "71000", 
      "references": [], 
      "text": "House amendment offered", 
      "type": "action"
    }, 
    {
      "acted_at": "2015-03-04T14:04:01-05:00", 
      "action_code": "71500", 
      "references": [
        {
          "reference": "CR H1599-1600", 
          "type": "consideration"
        }, 
        {
          "reference": "CR H1599", 
          "type": "text"
        }
      ], 
      "text": "House amendment offered/reported by : Amendment (A007) offered by Mr. Lipinski.", 
      "type": "action"
    }, 
    {
      "acted_at": "2015-03-04T14:11:08-05:00", 
      "action_code": "72000", 
      "references": [], 
      "text": "House amendment agreed to: On agreeing to the Lipinski amendment (A007) Agreed to by voice vote.", 
      "type": "action"
    }, 
    {
      "acted_at": "2015-03-04T14:11:08-05:00", 
      "action_code": "76000", 
      "references": [], 
      "text": "Amendment agreed to Committee of the Whole", 
      "type": "action"
    }
  ], 
  "amendment_id": "hamdt73-114", 
  "amendment_type": "hamdt", 
  "amends_amendment": null, 
  "amends_bill": {
    "bill_id": "hr749-114", 
    "bill_type": "hr", 
    "congress": 114, 
    "number": 749
  }, 
  "amends_treaty": null, 
  "chamber": "h", 
  "congress": "114", 
  "description": "Amendment clarifies that passengers using or transporting nonmotorized transportation are to be considered in the Amtrak Office of Inspector General's report on boarding procedures.", 
  "introduced_at": "2015-03-04", 
  "number": 73, 
  "purpose": null, 
  "sponsor": {
    "bioguide_id": "L000563", 
    "district": "3", 
    "name": "Lipinski, Daniel", 
    "state": "IL", 
    "thomas_id": "01781", 
    "title": "Rep", 
    "type": "person"
  }, 
  "status": "pass", 
  "status_at": "2015-03-04T14:11:08-05:00", 
  "updated_at": "2016-08-01T13:26:31Z"
}