{
  "actions": [
    {
      "acted_at": "2015-06-03T00:11:21-04:00", 
      "action_code": "H32111", 
      "how": "by voice vote", 
      "references": [], 
      "result": "pass", 
      "text": "On agreeing to the Grayson amendment (A060) Agreed to by voice vote.", 
      "type": "vote", 
      "vote_type": "vote", 
      "where": "h"
    }, 
    {
      "acted_at": "2015-06-03T00:09:10-04:00", 
      "action_code": "H3A100", 
      "references": [
        {
          "reference": "CR H3741-3742", 
          "type": "consideration"
        }, 
        {
          "reference": "CR H3741", 
          "type": "text"
        }
      ], 
      "text": "Amendment (A060) offered by Mr. Grayson.", 
      "type": "action"
    }, 
    {
      "acted_at": "2015-06-03", 
      "action_code": "", 
      "references": [], 
      "text": "", 
      "type": "action"
    }, 
    {
      "acted_at": "2015-06-03", 
      "action_code": "71000", 
      "references": [], 
      "text": "House amendment offered", 
      "type": "action"
    }, 
    {
      "acted_at": "2015-06-03T00:09:10-04:00", 
      "action_code": "71500", 
      "references": [
        {
          "reference": "CR H3741-3742", 
          "type": "consideration"
        }, 
        {
          "reference": "CR H3741", 
          "type": "text"
        }
      ], 
      "text": "House amendment offered/reported by : Amendment (A060) offered by Mr. Grayson.", 
      "type": "action"
    }, 
    {
      "acted_at": "2015-06-03T00:11:21-04:00", 
      "action_code": "72000", 
      "references": [], 
      "text": "House amendment agreed to: On agreeing to the Grayson amendment (A060) Agreed to by voice vote.", 
      "type": "action"
    }, 
    {
      "acted_at": "2015-06-03T00:11:21-04:00", 
      "action_code": "76000", 
      "references": [], 
      "text": "Amendment agreed to Committee of the Whole", 
      "type": "action"
    }
  ], 
  "amendment_id": "hamdt328-114", 
  "amendment_type": "hamdt", 
  "amends_amendment": null, 
  "amends_bill": {
    "bill_id": "hr2578-114", 
    "bill_type": "hr", 
    "congress": 114, 
    "number": 2578
  }, 
  "amends_treaty": null, 
  "chamber": "h", 
  "congress": "114", 
  "description": "Amendment expands the list of parties with whom the Federal Government is prohibited from contracting due to serious misconduct on the part of the contractors.", 
  "introduced_at": "2015-06-03", 
  "number": 328, 
  "purpose": "An amendment to prohibit the use of funds to enter into a contract with any offeror or any of its principals if the offeror certifies, as required by Federal Acquisition Regulation.", 
  "sponsor": {
    "bioguide_id": "G000556", 
    "district": "9", 
    "name": "Grayson, Alan", 
    "state": "FL", 
    "thomas_id": "01914", 
    "title": "Rep", 
    "type": "person"
  }, 
  "status": "pass", 
  "status_at": "2015-06-03T00:11:21-04:00", 
  "updated_at": "2016-08-01T13:27:41Z"
}