{
  "actions": [
    {
      "acted_at": "2015-06-02T22:56:31-04:00", 
      "action_code": "H32111", 
      "how": "by voice vote", 
      "references": [], 
      "result": "pass", 
      "text": "On agreeing to the Goodlatte amendment (A050) Agreed to by voice vote.", 
      "type": "vote", 
      "vote_type": "vote", 
      "where": "h"
    }, 
    {
      "acted_at": "2015-06-02T22:47:59-04:00", 
      "action_code": "H3A100", 
      "references": [
        {
          "reference": "CR H3733-3734", 
          "type": "consideration"
        }, 
        {
          "reference": "CR H3733", 
          "type": "text"
        }
      ], 
      "text": "Amendment (A050) offered by Mr. Goodlatte.", 
      "type": "action"
    }, 
    {
      "acted_at": "2015-06-02", 
      "action_code": "", 
      "references": [], 
      "text": "", 
      "type": "action"
    }, 
    {
      "acted_at": "2015-06-02", 
      "action_code": "71000", 
      "references": [], 
      "text": "House amendment offered", 
      "type": "action"
    }, 
    {
      "acted_at": "2015-06-02T22:47:59-04:00", 
      "action_code": "71500", 
      "references": [
        {
          "reference": "CR H3733-3734", 
          "type": "consideration"
        }, 
        {
          "reference": "CR H3733", 
          "type": "text"
        }
      ], 
      "text": "House amendment offered/reported by : Amendment (A050) offered by Mr. Goodlatte.", 
      "type": "action"
    }, 
    {
      "acted_at": "2015-06-02T22:56:31-04:00", 
      "action_code": "72000", 
      "references": [], 
      "text": "House amendment agreed to: On agreeing to the Goodlatte amendment (A050) Agreed to by voice vote.", 
      "type": "action"
    }, 
    {
      "acted_at": "2015-06-02T22:56:31-04:00", 
      "action_code": "76000", 
      "references": [], 
      "text": "Amendment agreed to Committee of the Whole", 
      "type": "action"
    }
  ], 
  "amendment_id": "hamdt318-114", 
  "amendment_type": "hamdt", 
  "amends_amendment": null, 
  "amends_bill": {
    "bill_id": "hr2578-114", 
    "bill_type": "hr", 
    "congress": 114, 
    "number": 2578
  }, 
  "amends_treaty": null, 
  "chamber": "h", 
  "congress": "114", 
  "description": "At the end of the bill (before the short title), insert the following:    SEC.___. None of the funds made available in this Act may be used to pay the salaries and expenses of personnel of the Department of Justice to negotiate or conclude a settlement with the Federal Government that includes terms requiring the defendant to donate or contribute funds to an organization or individual.", 
  "introduced_at": "2015-06-02", 
  "number": 318, 
  "purpose": "An amendment to prohibit the use of funds to pay the salaries and expenses of personnel of the Department of Justice to negotiate or conclude a settlement with the Federal Government that includes terms requiring the defendant to donate or contribute funds to an organization or individual.", 
  "sponsor": {
    "bioguide_id": "G000289", 
    "district": "6", 
    "name": "Goodlatte, Bob", 
    "state": "VA", 
    "thomas_id": "00446", 
    "title": "Rep", 
    "type": "person"
  }, 
  "status": "pass", 
  "status_at": "2015-06-02T22:56:31-04:00", 
  "updated_at": "2016-08-01T13:27:41Z"
}