{
  "actions": [
    {
      "acted_at": "2015-06-10T17:39:25-04:00", 
      "action_code": "H32140", 
      "references": [
        {
          "reference": "CR H4064", 
          "type": "consideration"
        }
      ], 
      "text": "By unanimous consent, the Sablan amendment was withdrawn.", 
      "type": "action"
    }, 
    {
      "acted_at": "2015-06-10T17:35:52-04:00", 
      "action_code": "H3A100", 
      "references": [
        {
          "reference": "CR H4063-4064", 
          "type": "consideration"
        }, 
        {
          "reference": "CR H4063", 
          "type": "text"
        }
      ], 
      "text": "Amendment (A010) offered by Mr. Sablan.", 
      "type": "action"
    }, 
    {
      "acted_at": "2015-06-10", 
      "action_code": "", 
      "references": [], 
      "text": "", 
      "type": "action"
    }, 
    {
      "acted_at": "2015-06-10", 
      "action_code": "71000", 
      "references": [], 
      "text": "House amendment offered", 
      "type": "action"
    }, 
    {
      "acted_at": "2015-06-10T17:35:52-04:00", 
      "action_code": "71500", 
      "references": [
        {
          "reference": "CR H4063-4064", 
          "type": "consideration"
        }, 
        {
          "reference": "CR H4063", 
          "type": "text"
        }
      ], 
      "text": "House amendment offered/reported by : Amendment (A010) offered by Mr. Sablan.", 
      "type": "action"
    }
  ], 
  "amendment_id": "hamdt450-114", 
  "amendment_type": "hamdt", 
  "amends_amendment": null, 
  "amends_bill": {
    "bill_id": "hr2685-114", 
    "bill_type": "hr", 
    "congress": 114, 
    "number": 2685
  }, 
  "amends_treaty": null, 
  "chamber": "h", 
  "congress": "114", 
  "description": null, 
  "introduced_at": "2015-06-10", 
  "number": 450, 
  "purpose": "An amendment to reduce Operation and Maintenance, Defense-Wide by $21,300,000 and increase Environmental Restoration, Formerly Used Defense Sites by a similar amount.", 
  "sponsor": {
    "bioguide_id": "S001177", 
    "district": null, 
    "name": "Sablan, Gregorio Kilili Camacho", 
    "state": "MP", 
    "thomas_id": "01962", 
    "title": "Rep", 
    "type": "person"
  }, 
  "status": "offered", 
  "status_at": "2015-06-10", 
  "updated_at": "2016-08-01T13:27:47Z"
}