{
  "actions": [
    {
      "acted_at": "2015-04-23T10:23:16-04:00", 
      "action_code": "H32111", 
      "how": "by voice vote", 
      "references": [], 
      "result": "pass", 
      "text": "On agreeing to the Jackson Lee amendment (A004) Agreed to by voice vote.", 
      "type": "vote", 
      "vote_type": "vote", 
      "where": "h"
    }, 
    {
      "acted_at": "2015-04-23T10:16:50-04:00", 
      "action_code": "H3A100", 
      "references": [
        {
          "reference": "CR H2435-2437", 
          "type": "consideration"
        }, 
        {
          "reference": "CR H2436", 
          "type": "text"
        }
      ], 
      "text": "Amendment (A004) offered by Ms. Jackson Lee.", 
      "type": "action"
    }, 
    {
      "acted_at": "2015-04-23", 
      "action_code": "", 
      "references": [], 
      "text": "", 
      "type": "action"
    }, 
    {
      "acted_at": "2015-04-23", 
      "action_code": "71000", 
      "references": [], 
      "text": "House amendment offered", 
      "type": "action"
    }, 
    {
      "acted_at": "2015-04-23T10:16:50-04:00", 
      "action_code": "71500", 
      "references": [
        {
          "reference": "CR H2435-2437", 
          "type": "consideration"
        }, 
        {
          "reference": "CR H2436", 
          "type": "text"
        }
      ], 
      "text": "House amendment offered/reported by : Amendment (A004) offered by Ms. Jackson Lee.", 
      "type": "action"
    }, 
    {
      "acted_at": "2015-04-23T10:23:16-04:00", 
      "action_code": "72000", 
      "references": [], 
      "text": "House amendment agreed to: On agreeing to the Jackson Lee amendment (A004) Agreed to by voice vote.", 
      "type": "action"
    }, 
    {
      "acted_at": "2015-04-23T10:23:16-04:00", 
      "action_code": "76000", 
      "references": [], 
      "text": "Amendment agreed to Committee of the Whole", 
      "type": "action"
    }
  ], 
  "amendment_id": "hamdt100-114", 
  "amendment_type": "hamdt", 
  "amends_amendment": null, 
  "amends_bill": {
    "bill_id": "hr1731-114", 
    "bill_type": "hr", 
    "congress": 114, 
    "number": 1731
  }, 
  "amends_treaty": null, 
  "chamber": "h", 
  "congress": "114", 
  "description": "Amendment ensures that federal agencies supporting cybersecurity efforts of private sector entities remain current on innovation, industry adoption of new technologies and industry best practices as they relate to industrial control systems.", 
  "introduced_at": "2015-04-23", 
  "number": 100, 
  "purpose": "An amendment numbered 4 printed in Part B of House Report 114-88 to ensure that federal agencies supporting cybersecurity efforts of private sector entities remain current on innovation; industry adoption of new technologies; and industry best practices as they relate to industrial control systems.", 
  "sponsor": {
    "bioguide_id": "J000032", 
    "district": "18", 
    "name": "Jackson Lee, Sheila", 
    "state": "TX", 
    "thomas_id": "00588", 
    "title": "Rep", 
    "type": "person"
  }, 
  "status": "pass", 
  "status_at": "2015-04-23T10:23:16-04:00", 
  "updated_at": "2016-08-01T13:27:04Z"
}