{
  "actions": [
    {
      "acted_at": "2015-06-10T18:46:58-04:00", 
      "action_code": "H32111", 
      "how": "by voice vote", 
      "references": [], 
      "result": "pass", 
      "text": "On agreeing to the Jackson Lee amendment (A022) Agreed to by voice vote.", 
      "type": "vote", 
      "vote_type": "vote", 
      "where": "h"
    }, 
    {
      "acted_at": "2015-06-10T18:42:17-04:00", 
      "action_code": "H3A100", 
      "references": [
        {
          "reference": "CR H4073-4074", 
          "type": "consideration"
        }, 
        {
          "reference": "CR H4073", 
          "type": "text"
        }
      ], 
      "text": "Amendment (A022) offered by Ms. Jackson Lee.", 
      "type": "action"
    }, 
    {
      "acted_at": "2015-06-10", 
      "action_code": "", 
      "references": [], 
      "text": "", 
      "type": "action"
    }, 
    {
      "acted_at": "2015-06-10", 
      "action_code": "71000", 
      "references": [], 
      "text": "House amendment offered", 
      "type": "action"
    }, 
    {
      "acted_at": "2015-06-10T18:42:17-04:00", 
      "action_code": "71500", 
      "references": [
        {
          "reference": "CR H4073-4074", 
          "type": "consideration"
        }, 
        {
          "reference": "CR H4073", 
          "type": "text"
        }
      ], 
      "text": "House amendment offered/reported by : Amendment (A022) offered by Ms. Jackson Lee.", 
      "type": "action"
    }, 
    {
      "acted_at": "2015-06-10T18:46:58-04:00", 
      "action_code": "72000", 
      "references": [], 
      "text": "House amendment agreed to: On agreeing to the Jackson Lee amendment (A022) Agreed to by voice vote.", 
      "type": "action"
    }, 
    {
      "acted_at": "2015-06-10T18:46:58-04:00", 
      "action_code": "76000", 
      "references": [], 
      "text": "Amendment agreed to Committee of the Whole", 
      "type": "action"
    }
  ], 
  "amendment_id": "hamdt462-114", 
  "amendment_type": "hamdt", 
  "amends_amendment": null, 
  "amends_bill": {
    "bill_id": "hr2685-114", 
    "bill_type": "hr", 
    "congress": 114, 
    "number": 2685
  }, 
  "amends_treaty": null, 
  "chamber": "h", 
  "congress": "114", 
  "description": "Amendment reduces funding for Procurement, Defense-Wide, by $10 million and increases funding for Defense Health Programs by a similar amount in order to address breast cancer research.", 
  "introduced_at": "2015-06-10", 
  "number": 462, 
  "purpose": "An amendment to reduce funding for Procurement, Defense-Wide, by $10 million and to increase funding for Defense Health Program (breast cancer research) by a similar amount.", 
  "sponsor": {
    "bioguide_id": "J000032", 
    "district": "18", 
    "name": "Jackson Lee, Sheila", 
    "state": "TX", 
    "thomas_id": "00588", 
    "title": "Rep", 
    "type": "person"
  }, 
  "status": "pass", 
  "status_at": "2015-06-10T18:46:58-04:00", 
  "updated_at": "2016-08-01T13:27:47Z"
}