{
  "actions": [
    {
      "acted_at": "2015-06-02T23:55:32-04:00", 
      "action_code": "H32111", 
      "how": "by voice vote", 
      "references": [], 
      "result": "pass", 
      "text": "On agreeing to the Black amendment (A057) Agreed to by voice vote.", 
      "type": "vote", 
      "vote_type": "vote", 
      "where": "h"
    }, 
    {
      "acted_at": "2015-06-02T23:46:00-04:00", 
      "action_code": "H3A100", 
      "references": [
        {
          "reference": "CR H3739-3740", 
          "type": "consideration"
        }, 
        {
          "reference": "CR H3739", 
          "type": "text"
        }
      ], 
      "text": "Amendment (A057) offered by Mrs. Black.", 
      "type": "action"
    }, 
    {
      "acted_at": "2015-06-02", 
      "action_code": "", 
      "references": [], 
      "text": "", 
      "type": "action"
    }, 
    {
      "acted_at": "2015-06-02", 
      "action_code": "71000", 
      "references": [], 
      "text": "House amendment offered", 
      "type": "action"
    }, 
    {
      "acted_at": "2015-06-02T23:46:00-04:00", 
      "action_code": "71500", 
      "references": [
        {
          "reference": "CR H3739-3740", 
          "type": "consideration"
        }, 
        {
          "reference": "CR H3739", 
          "type": "text"
        }
      ], 
      "text": "House amendment offered/reported by : Amendment (A057) offered by Mrs. Black.", 
      "type": "action"
    }, 
    {
      "acted_at": "2015-06-02T23:55:32-04:00", 
      "action_code": "72000", 
      "references": [], 
      "text": "House amendment agreed to: On agreeing to the Black amendment (A057) Agreed to by voice vote.", 
      "type": "action"
    }, 
    {
      "acted_at": "2015-06-02T23:55:32-04:00", 
      "action_code": "76000", 
      "references": [], 
      "text": "Amendment agreed to Committee of the Whole", 
      "type": "action"
    }
  ], 
  "amendment_id": "hamdt325-114", 
  "amendment_type": "hamdt", 
  "amends_amendment": null, 
  "amends_bill": {
    "bill_id": "hr2578-114", 
    "bill_type": "hr", 
    "congress": 114, 
    "number": 2578
  }, 
  "amends_treaty": null, 
  "chamber": "h", 
  "congress": "114", 
  "description": "Amendment prohibits use of funds to require disclosure of race or ethnicity when purchasing firearms in the United States.", 
  "introduced_at": "2015-06-02", 
  "number": 325, 
  "purpose": "An amendment to prohibit the use of funds to require, pursuant to section 478.124 of title 27, or section 25.7 of title 28, Code of Federal Regulations, or the Office of Management and Budget Statistical Policy Directive No. 15, Race and Ethnic Standards for Federal Statistics and Administrative Reporting, that any person disclose the race or ethnicity of the person in connection with the transfer of a firearm to the person.", 
  "sponsor": {
    "bioguide_id": "B001273", 
    "district": "6", 
    "name": "Black, Diane", 
    "state": "TN", 
    "thomas_id": "02063", 
    "title": "Rep", 
    "type": "person"
  }, 
  "status": "pass", 
  "status_at": "2015-06-02T23:55:32-04:00", 
  "updated_at": "2016-08-01T13:27:41Z"
}