{
  "actions": [
    {
      "acted_at": "2015-05-01T10:03:43-04:00", 
      "action_code": "H32111", 
      "how": "roll", 
      "references": [
        {
          "reference": "CR H2777-2778", 
          "type": "consideration"
        }
      ], 
      "result": "pass", 
      "roll": 209, 
      "text": "On agreeing to the Gosar amendment (A053) Agreed to by recorded vote: 224 - 184 (Roll no. 209).", 
      "type": "vote", 
      "vote_type": "vote", 
      "where": "h"
    }, 
    {
      "acted_at": "2015-05-01T00:39:35-04:00", 
      "action_code": "H3A100", 
      "references": [
        {
          "reference": "CR 04/30/2015 H2757", 
          "type": "consideration"
        }, 
        {
          "reference": "CR 04/30/2015 H2757", 
          "type": "text"
        }
      ], 
      "text": "Amendment (A053) offered by Mr. Gosar.", 
      "type": "action"
    }, 
    {
      "acted_at": "2015-05-01", 
      "action_code": "", 
      "references": [], 
      "text": "", 
      "type": "action"
    }, 
    {
      "acted_at": "2015-05-01", 
      "action_code": "71000", 
      "references": [], 
      "text": "House amendment offered", 
      "type": "action"
    }, 
    {
      "acted_at": "2015-05-01T00:39:35-04:00", 
      "action_code": "71500", 
      "references": [
        {
          "reference": "CR 04/30/2015 H2757", 
          "type": "consideration"
        }, 
        {
          "reference": "CR 04/30/2015 H2757", 
          "type": "text"
        }
      ], 
      "text": "House amendment offered/reported by : Amendment (A053) offered by Mr. Gosar.", 
      "type": "action"
    }, 
    {
      "acted_at": "2015-05-01T10:03:43-04:00", 
      "action_code": "72000", 
      "references": [
        {
          "reference": "CR H2777-2778", 
          "type": "consideration"
        }
      ], 
      "text": "House amendment agreed to: On agreeing to the Gosar amendment (A053) Agreed to by recorded vote: 224 - 184 (Roll no. 209).", 
      "type": "action"
    }, 
    {
      "acted_at": "2015-05-01T10:03:43-04:00", 
      "action_code": "75000", 
      "references": [], 
      "text": "Roll call votes on amendments in House", 
      "type": "action"
    }, 
    {
      "acted_at": "2015-05-01T10:03:43-04:00", 
      "action_code": "76000", 
      "references": [], 
      "text": "Amendment agreed to Committee of the Whole", 
      "type": "action"
    }
  ], 
  "amendment_id": "hamdt203-114", 
  "amendment_type": "hamdt", 
  "amends_amendment": null, 
  "amends_bill": {
    "bill_id": "hr2028-114", 
    "bill_type": "hr", 
    "congress": 114, 
    "number": 2028
  }, 
  "amends_treaty": null, 
  "chamber": "h", 
  "congress": "114", 
  "description": "At the end of the bill (before the short title), insert the following:    Sec.___. None of the funds made available by this Act may be used for the Department of Energy's Climate Model Development and Validation program.", 
  "introduced_at": "2015-05-01", 
  "number": 203, 
  "purpose": "An amendment No. 10 printed in the Congressional Record to prohibit use of funds for the Department of Energy's Climate Model Development and Validation program.", 
  "sponsor": {
    "bioguide_id": "G000565", 
    "district": "4", 
    "name": "Gosar, Paul A.", 
    "state": "AZ", 
    "thomas_id": "01992", 
    "title": "Rep", 
    "type": "person"
  }, 
  "status": "pass", 
  "status_at": "2015-05-01T10:03:43-04:00", 
  "updated_at": "2016-08-01T13:27:19Z"
}