{
  "actions": [
    {
      "acted_at": "2015-04-29T21:10:54-04:00", 
      "action_code": "H32111", 
      "how": "by voice vote", 
      "references": [], 
      "result": "pass", 
      "text": "On agreeing to the Gosar amendment (A002) Agreed to by voice vote.", 
      "type": "vote", 
      "vote_type": "vote", 
      "where": "h"
    }, 
    {
      "acted_at": "2015-04-29T21:07:45-04:00", 
      "action_code": "H3A100", 
      "references": [
        {
          "reference": "CR H2633", 
          "type": "consideration"
        }, 
        {
          "reference": "CR H2633", 
          "type": "text"
        }
      ], 
      "text": "Amendment (A002) offered by Mr. Gosar.", 
      "type": "action"
    }, 
    {
      "acted_at": "2015-04-29", 
      "action_code": "", 
      "references": [], 
      "text": "", 
      "type": "action"
    }, 
    {
      "acted_at": "2015-04-29", 
      "action_code": "71000", 
      "references": [], 
      "text": "House amendment offered", 
      "type": "action"
    }, 
    {
      "acted_at": "2015-04-29T21:07:45-04:00", 
      "action_code": "71500", 
      "references": [
        {
          "reference": "CR H2633", 
          "type": "consideration"
        }, 
        {
          "reference": "CR H2633", 
          "type": "text"
        }
      ], 
      "text": "House amendment offered/reported by : Amendment (A002) offered by Mr. Gosar.", 
      "type": "action"
    }, 
    {
      "acted_at": "2015-04-29T21:10:54-04:00", 
      "action_code": "72000", 
      "references": [], 
      "text": "House amendment agreed to: On agreeing to the Gosar amendment (A002) Agreed to by voice vote.", 
      "type": "action"
    }, 
    {
      "acted_at": "2015-04-29T21:10:54-04:00", 
      "action_code": "76000", 
      "references": [], 
      "text": "Amendment agreed to Committee of the Whole", 
      "type": "action"
    }
  ], 
  "amendment_id": "hamdt152-114", 
  "amendment_type": "hamdt", 
  "amends_amendment": null, 
  "amends_bill": {
    "bill_id": "hr2028-114", 
    "bill_type": "hr", 
    "congress": 114, 
    "number": 2028
  }, 
  "amends_treaty": null, 
  "chamber": "h", 
  "congress": "114", 
  "description": "Amendment increases funding for construction by $3 million and reduces funding for Departmental Administration by a similar amount in order to address a backlog of Corps of Engineers projects.", 
  "introduced_at": "2015-04-29", 
  "number": 152, 
  "purpose": "An amendment to increase funding for Construction by $3 million and to reduce funding for Departmental Administration by a similar amount.", 
  "sponsor": {
    "bioguide_id": "G000565", 
    "district": "4", 
    "name": "Gosar, Paul A.", 
    "state": "AZ", 
    "thomas_id": "01992", 
    "title": "Rep", 
    "type": "person"
  }, 
  "status": "pass", 
  "status_at": "2015-04-29T21:10:54-04:00", 
  "updated_at": "2016-08-01T13:27:19Z"
}