{
  "actions": [
    {
      "acted_at": "2015-06-03T20:03:40-04:00", 
      "action_code": "H32111", 
      "how": "by voice vote", 
      "references": [], 
      "result": "pass", 
      "text": "On agreeing to the Dent amendment (A001) Agreed to by voice vote.", 
      "type": "vote", 
      "vote_type": "vote", 
      "where": "h"
    }, 
    {
      "acted_at": "2015-06-03T19:53:10-04:00", 
      "action_code": "H3A100", 
      "references": [
        {
          "reference": "CR H3830-3832", 
          "type": "consideration"
        }, 
        {
          "reference": "CR H3830", 
          "type": "text"
        }
      ], 
      "text": "Amendment (A001) offered by Mr. Dent.", 
      "type": "action"
    }, 
    {
      "acted_at": "2015-06-03", 
      "action_code": "", 
      "references": [], 
      "text": "", 
      "type": "action"
    }, 
    {
      "acted_at": "2015-06-03", 
      "action_code": "71000", 
      "references": [], 
      "text": "House amendment offered", 
      "type": "action"
    }, 
    {
      "acted_at": "2015-06-03T19:53:10-04:00", 
      "action_code": "71500", 
      "references": [
        {
          "reference": "CR H3830-3832", 
          "type": "consideration"
        }, 
        {
          "reference": "CR H3830", 
          "type": "text"
        }
      ], 
      "text": "House amendment offered/reported by : Amendment (A001) offered by Mr. Dent.", 
      "type": "action"
    }, 
    {
      "acted_at": "2015-06-03T20:03:40-04:00", 
      "action_code": "72000", 
      "references": [], 
      "text": "House amendment agreed to: On agreeing to the Dent amendment (A001) Agreed to by voice vote.", 
      "type": "action"
    }, 
    {
      "acted_at": "2015-06-03T20:03:40-04:00", 
      "action_code": "76000", 
      "references": [], 
      "text": "Amendment agreed to Committee of the Whole", 
      "type": "action"
    }
  ], 
  "amendment_id": "hamdt356-114", 
  "amendment_type": "hamdt", 
  "amends_amendment": null, 
  "amends_bill": {
    "bill_id": "hr2577-114", 
    "bill_type": "hr", 
    "congress": 114, 
    "number": 2577
  }, 
  "amends_treaty": null, 
  "chamber": "h", 
  "congress": "114", 
  "description": "Amendment increases the funding for Capital and Debt Service Grants to the National Railroad Passenger Corporation by $9 million for the purpose of installing inward facing cameras in locomotives.", 
  "introduced_at": "2015-06-03", 
  "number": 356, 
  "purpose": "An amendment to increase the funding for Capital and Debt Service Grants to the National Railroad Passenger Corporation by $9 million for the purpose of installing inward facing cameras in locomotives. The proposed increase is offset by reductions in other accounts in the bill including from the St. Lawrence Seaway Development Corporation.", 
  "sponsor": {
    "bioguide_id": "D000604", 
    "district": "15", 
    "name": "Dent, Charles W.", 
    "state": "PA", 
    "thomas_id": "01799", 
    "title": "Rep", 
    "type": "person"
  }, 
  "status": "pass", 
  "status_at": "2015-06-03T20:03:40-04:00", 
  "updated_at": "2016-08-26T08:52:18Z"
}