{
  "actions": [
    {
      "acted_at": "2015-02-26T15:48:51-05:00", 
      "action_code": "H32140", 
      "references": [
        {
          "reference": "CR H1257", 
          "type": "consideration"
        }
      ], 
      "text": "By unanimous consent, the Meeks amendment was withdrawn.", 
      "type": "action"
    }, 
    {
      "acted_at": "2015-02-26T15:41:53-05:00", 
      "action_code": "H3A100", 
      "references": [
        {
          "reference": "CR H1256-1257", 
          "type": "consideration"
        }, 
        {
          "reference": "CR H1256", 
          "type": "text"
        }
      ], 
      "text": "Amendment (A003) offered by Mr. Meeks.", 
      "type": "action"
    }, 
    {
      "acted_at": "2015-02-26", 
      "action_code": "", 
      "references": [], 
      "text": "", 
      "type": "action"
    }, 
    {
      "acted_at": "2015-02-26", 
      "action_code": "71000", 
      "references": [], 
      "text": "House amendment offered", 
      "type": "action"
    }, 
    {
      "acted_at": "2015-02-26T15:41:53-05:00", 
      "action_code": "71500", 
      "references": [
        {
          "reference": "CR H1256-1257", 
          "type": "consideration"
        }, 
        {
          "reference": "CR H1256", 
          "type": "text"
        }
      ], 
      "text": "House amendment offered/reported by : Amendment (A003) offered by Mr. Meeks.", 
      "type": "action"
    }
  ], 
  "amendment_id": "hamdt26-114", 
  "amendment_type": "hamdt", 
  "amends_amendment": null, 
  "amends_bill": {
    "bill_id": "hr5-114", 
    "bill_type": "hr", 
    "congress": 114, 
    "number": 5
  }, 
  "amends_treaty": null, 
  "chamber": "h", 
  "congress": "114", 
  "description": "Page 27, beginning on line 10, strike `, at the State's discretion,'.    Page 35, line 24, strike `may' and insert `shall'.", 
  "introduced_at": "2015-02-26", 
  "number": 26, 
  "purpose": null, 
  "sponsor": {
    "bioguide_id": "M001137", 
    "district": "5", 
    "name": "Meeks, Gregory W.", 
    "state": "NY", 
    "thomas_id": "01506", 
    "title": "Rep", 
    "type": "person"
  }, 
  "status": "offered", 
  "status_at": "2015-02-26", 
  "updated_at": "2016-08-01T13:26:00Z"
}