{
  "actions": [
    {
      "acted_at": "2015-04-30T23:33:59-04:00", 
      "action_code": "H32111", 
      "how": "roll", 
      "references": [], 
      "result": "fail", 
      "roll": 201, 
      "text": "On agreeing to the Ellison amendment (A024) Failed by recorded vote: 175 - 246 (Roll no. 201).", 
      "type": "vote", 
      "vote_type": "vote", 
      "where": "h"
    }, 
    {
      "acted_at": "2015-04-30T15:22:29-04:00", 
      "action_code": "H3A100", 
      "references": [
        {
          "reference": "CR H2686-2687, H2746-2747", 
          "type": "consideration"
        }, 
        {
          "reference": "CR H2686", 
          "type": "text"
        }
      ], 
      "text": "Amendment (A024) offered by Mr. Ellison.", 
      "type": "action"
    }, 
    {
      "acted_at": "2015-04-30", 
      "action_code": "", 
      "references": [], 
      "text": "", 
      "type": "action"
    }, 
    {
      "acted_at": "2015-04-30", 
      "action_code": "71000", 
      "references": [], 
      "text": "House amendment offered", 
      "type": "action"
    }, 
    {
      "acted_at": "2015-04-30T15:22:29-04:00", 
      "action_code": "71500", 
      "references": [
        {
          "reference": "CR H2686-2687, H2746-2747", 
          "type": "consideration"
        }, 
        {
          "reference": "CR H2686", 
          "type": "text"
        }
      ], 
      "text": "House amendment offered/reported by : Amendment (A024) offered by Mr. Ellison.", 
      "type": "action"
    }, 
    {
      "acted_at": "2015-04-30T23:33:59-04:00", 
      "action_code": "73000", 
      "references": [], 
      "text": "House amendment not agreed to: On agreeing to the Ellison amendment (A024) Failed by recorded vote: 175 - 246 (Roll no. 201).", 
      "type": "action"
    }, 
    {
      "acted_at": "2015-04-30T23:33:59-04:00", 
      "action_code": "75000", 
      "references": [], 
      "text": "Roll call votes on amendments in House", 
      "type": "action"
    }, 
    {
      "acted_at": "2015-04-30T23:33:59-04:00", 
      "action_code": "77000", 
      "references": [], 
      "text": "Amendment failed in Committee of the Whole", 
      "type": "action"
    }
  ], 
  "amendment_id": "hamdt174-114", 
  "amendment_type": "hamdt", 
  "amends_amendment": null, 
  "amends_bill": {
    "bill_id": "hr2028-114", 
    "bill_type": "hr", 
    "congress": 114, 
    "number": 2028
  }, 
  "amends_treaty": null, 
  "chamber": "h", 
  "congress": "114", 
  "description": "Amendment sought to reduce funding for Fossil Energy Research and Development by $45 million and to apply the savings to the spending reduction account.", 
  "introduced_at": "2015-04-30", 
  "number": 174, 
  "purpose": "An amendment to reduce funding for Fossil Energy Research and Development by $45 million and to apply the savings to the spending reduction account.", 
  "sponsor": {
    "bioguide_id": "E000288", 
    "district": "5", 
    "name": "Ellison, Keith", 
    "state": "MN", 
    "thomas_id": "01857", 
    "title": "Rep", 
    "type": "person"
  }, 
  "status": "fail", 
  "status_at": "2015-04-30T23:33:59-04:00", 
  "updated_at": "2016-08-01T13:27:19Z"
}