{
  "actions": [
    {
      "acted_at": "2015-04-22T15:49:41-04:00", 
      "action_code": "H32111", 
      "how": "by voice vote", 
      "references": [], 
      "result": "pass", 
      "text": "On agreeing to the Jackson Lee amendment (A005) Agreed to by voice vote.", 
      "type": "vote", 
      "vote_type": "vote", 
      "where": "h"
    }, 
    {
      "acted_at": "2015-04-22T15:44:40-04:00", 
      "action_code": "H3A100", 
      "references": [
        {
          "reference": "CR H2394-2395", 
          "type": "consideration"
        }, 
        {
          "reference": "CR H2394", 
          "type": "text"
        }
      ], 
      "text": "Amendment (A005) offered by Ms. Jackson Lee.", 
      "type": "action"
    }, 
    {
      "acted_at": "2015-04-22", 
      "action_code": "", 
      "references": [], 
      "text": "", 
      "type": "action"
    }, 
    {
      "acted_at": "2015-04-22", 
      "action_code": "71000", 
      "references": [], 
      "text": "House amendment offered", 
      "type": "action"
    }, 
    {
      "acted_at": "2015-04-22T15:44:40-04:00", 
      "action_code": "71500", 
      "references": [
        {
          "reference": "CR H2394-2395", 
          "type": "consideration"
        }, 
        {
          "reference": "CR H2394", 
          "type": "text"
        }
      ], 
      "text": "House amendment offered/reported by : Amendment (A005) offered by Ms. Jackson Lee.", 
      "type": "action"
    }, 
    {
      "acted_at": "2015-04-22T15:49:41-04:00", 
      "action_code": "72000", 
      "references": [], 
      "text": "House amendment agreed to: On agreeing to the Jackson Lee amendment (A005) Agreed to by voice vote.", 
      "type": "action"
    }, 
    {
      "acted_at": "2015-04-22T15:49:41-04:00", 
      "action_code": "76000", 
      "references": [], 
      "text": "Amendment agreed to Committee of the Whole", 
      "type": "action"
    }
  ], 
  "amendment_id": "hamdt96-114", 
  "amendment_type": "hamdt", 
  "amends_amendment": null, 
  "amends_bill": {
    "bill_id": "hr1560-114", 
    "bill_type": "hr", 
    "congress": 114, 
    "number": 1560
  }, 
  "amends_treaty": null, 
  "chamber": "h", 
  "congress": "114", 
  "description": "Amendment directs the GAO to provide a report to Congress on the actions taken by the Federal Government to remove personal information from data shared through the programs established under the bill.", 
  "introduced_at": "2015-04-22", 
  "number": 96, 
  "purpose": "An amendment numbered 5 printed in Part A of House Report 114-88 to direct the Government Accountability Office (GAO) to provide a report to Congress on the actions taken by the Federal Government to remove personal information from data shared through the programs established by this statute.", 
  "sponsor": {
    "bioguide_id": "J000032", 
    "district": "18", 
    "name": "Jackson Lee, Sheila", 
    "state": "TX", 
    "thomas_id": "00588", 
    "title": "Rep", 
    "type": "person"
  }, 
  "status": "pass", 
  "status_at": "2015-04-22T15:49:41-04:00", 
  "updated_at": "2016-08-01T13:27:00Z"
}