{
  "actions": [
    {
      "acted_at": "2015-05-01T00:37:05-04:00", 
      "action_code": "H32111", 
      "how": "by voice vote", 
      "references": [], 
      "result": "pass", 
      "text": "On agreeing to the Gosar amendment (A051) Agreed to by voice vote.", 
      "type": "vote", 
      "vote_type": "vote", 
      "where": "h"
    }, 
    {
      "acted_at": "2015-05-01T00:32:48-04:00", 
      "action_code": "H3A100", 
      "references": [
        {
          "reference": "CR 04/30/2015 H2756", 
          "type": "consideration"
        }, 
        {
          "reference": "CR 04/30/2015 H2756", 
          "type": "text"
        }
      ], 
      "text": "Amendment (A051) offered by Mr. Gosar.", 
      "type": "action"
    }, 
    {
      "acted_at": "2015-05-01", 
      "action_code": "", 
      "references": [], 
      "text": "", 
      "type": "action"
    }, 
    {
      "acted_at": "2015-05-01", 
      "action_code": "71000", 
      "references": [], 
      "text": "House amendment offered", 
      "type": "action"
    }, 
    {
      "acted_at": "2015-05-01T00:32:48-04:00", 
      "action_code": "71500", 
      "references": [
        {
          "reference": "CR 04/30/2015 H2756", 
          "type": "consideration"
        }, 
        {
          "reference": "CR 04/30/2015 H2756", 
          "type": "text"
        }
      ], 
      "text": "House amendment offered/reported by : Amendment (A051) offered by Mr. Gosar.", 
      "type": "action"
    }, 
    {
      "acted_at": "2015-05-01T00:37:05-04:00", 
      "action_code": "72000", 
      "references": [], 
      "text": "House amendment agreed to: On agreeing to the Gosar amendment (A051) Agreed to by voice vote.", 
      "type": "action"
    }, 
    {
      "acted_at": "2015-05-01T00:37:05-04:00", 
      "action_code": "76000", 
      "references": [], 
      "text": "Amendment agreed to Committee of the Whole", 
      "type": "action"
    }
  ], 
  "amendment_id": "hamdt201-114", 
  "amendment_type": "hamdt", 
  "amends_amendment": null, 
  "amends_bill": {
    "bill_id": "hr2028-114", 
    "bill_type": "hr", 
    "congress": 114, 
    "number": 2028
  }, 
  "amends_treaty": null, 
  "chamber": "h", 
  "congress": "114", 
  "description": "At the end of the bill (before the short title), insert the following:    SEC.___. None of the funds made available by this Act may be used for the removal of any Federally owned or operated dam.", 
  "introduced_at": "2015-05-01", 
  "number": 201, 
  "purpose": "An amendment to prohibit use of funds for the removal of any Federally owned or operated dam.", 
  "sponsor": {
    "bioguide_id": "G000565", 
    "district": "4", 
    "name": "Gosar, Paul A.", 
    "state": "AZ", 
    "thomas_id": "01992", 
    "title": "Rep", 
    "type": "person"
  }, 
  "status": "pass", 
  "status_at": "2015-05-01T00:37:05-04:00", 
  "updated_at": "2016-08-01T13:27:19Z"
}