{
  "actions": [
    {
      "acted_at": "2015-06-02T21:12:48-04:00", 
      "action_code": "H32111", 
      "how": "by voice vote", 
      "references": [], 
      "result": "fail", 
      "text": "On agreeing to the Cohen amendment (A030) Failed by voice vote.", 
      "type": "vote", 
      "vote_type": "vote", 
      "where": "h"
    }, 
    {
      "acted_at": "2015-06-02T19:28:57-04:00", 
      "action_code": "H3A100", 
      "references": [
        {
          "reference": "CR H3704-3705", 
          "type": "consideration"
        }, 
        {
          "reference": "CR H3704", 
          "type": "text"
        }
      ], 
      "text": "Amendment (A030) offered by Mr. Cohen.", 
      "type": "action"
    }, 
    {
      "acted_at": "2015-06-02", 
      "action_code": "", 
      "references": [], 
      "text": "", 
      "type": "action"
    }, 
    {
      "acted_at": "2015-06-02", 
      "action_code": "71000", 
      "references": [], 
      "text": "House amendment offered", 
      "type": "action"
    }, 
    {
      "acted_at": "2015-06-02T19:28:57-04:00", 
      "action_code": "71500", 
      "references": [
        {
          "reference": "CR H3704-3705", 
          "type": "consideration"
        }, 
        {
          "reference": "CR H3704", 
          "type": "text"
        }
      ], 
      "text": "House amendment offered/reported by : Amendment (A030) offered by Mr. Cohen.", 
      "type": "action"
    }, 
    {
      "acted_at": "2015-06-02T21:12:48-04:00", 
      "action_code": "73000", 
      "references": [], 
      "text": "House amendment not agreed to: On agreeing to the Cohen amendment (A030) Failed by voice vote.", 
      "type": "action"
    }, 
    {
      "acted_at": "2015-06-02T21:12:48-04:00", 
      "action_code": "77000", 
      "references": [], 
      "text": "Amendment failed in Committee of the Whole", 
      "type": "action"
    }
  ], 
  "amendment_id": "hamdt298-114", 
  "amendment_type": "hamdt", 
  "amends_amendment": null, 
  "amends_bill": {
    "bill_id": "hr2578-114", 
    "bill_type": "hr", 
    "congress": 114, 
    "number": 2578
  }, 
  "amends_treaty": null, 
  "chamber": "h", 
  "congress": "114", 
  "description": "Amendment sought to provide an additional $10 million to Legal Services and reduce funding for DEA by $12 million.", 
  "introduced_at": "2015-06-02", 
  "number": 298, 
  "purpose": "An amendment to increase funding for the Legal Services Corporation, and then decrease funding for the DEA account.", 
  "sponsor": {
    "bioguide_id": "C001068", 
    "district": "9", 
    "name": "Cohen, Steve", 
    "state": "TN", 
    "thomas_id": "01878", 
    "title": "Rep", 
    "type": "person"
  }, 
  "status": "fail", 
  "status_at": "2015-06-02T21:12:48-04:00", 
  "updated_at": "2016-08-01T13:27:41Z"
}