{
  "actions": [
    {
      "acted_at": "2015-02-26T19:12:10-05:00", 
      "action_code": "H32111", 
      "how": "roll", 
      "references": [], 
      "result": "fail", 
      "roll": 95, 
      "text": "On agreeing to the Kennedy amendment (A001) Failed by recorded vote: 204 - 217 (Roll no. 95).", 
      "type": "vote", 
      "vote_type": "vote", 
      "where": "h"
    }, 
    {
      "acted_at": "2015-02-26T15:22:49-05:00", 
      "action_code": "H3A100", 
      "references": [
        {
          "reference": "CR H1253-1255, H1266-1267", 
          "type": "consideration"
        }, 
        {
          "reference": "CR H1253-1254", 
          "type": "text"
        }
      ], 
      "text": "Amendment (A001) offered by Mr. Kennedy.", 
      "type": "action"
    }, 
    {
      "acted_at": "2015-02-26", 
      "action_code": "", 
      "references": [], 
      "text": "", 
      "type": "action"
    }, 
    {
      "acted_at": "2015-02-26", 
      "action_code": "71000", 
      "references": [], 
      "text": "House amendment offered", 
      "type": "action"
    }, 
    {
      "acted_at": "2015-02-26T15:22:49-05:00", 
      "action_code": "71500", 
      "references": [
        {
          "reference": "CR H1253-1255, H1266-1267", 
          "type": "consideration"
        }, 
        {
          "reference": "CR H1253-1254", 
          "type": "text"
        }
      ], 
      "text": "House amendment offered/reported by : Amendment (A001) offered by Mr. Kennedy.", 
      "type": "action"
    }, 
    {
      "acted_at": "2015-02-26T19:12:10-05:00", 
      "action_code": "73000", 
      "references": [], 
      "text": "House amendment not agreed to: On agreeing to the Kennedy amendment (A001) Failed by recorded vote: 204 - 217 (Roll no. 95).", 
      "type": "action"
    }, 
    {
      "acted_at": "2015-02-26T19:12:10-05:00", 
      "action_code": "75000", 
      "references": [], 
      "text": "Roll call votes on amendments in House", 
      "type": "action"
    }, 
    {
      "acted_at": "2015-02-26T19:12:10-05:00", 
      "action_code": "77000", 
      "references": [], 
      "text": "Amendment failed in Committee of the Whole", 
      "type": "action"
    }
  ], 
  "amendment_id": "hamdt24-114", 
  "amendment_type": "hamdt", 
  "amends_amendment": null, 
  "amends_bill": {
    "bill_id": "hr5-114", 
    "bill_type": "hr", 
    "congress": 114, 
    "number": 5
  }, 
  "amends_treaty": null, 
  "chamber": "h", 
  "congress": "114", 
  "description": "Amendment sought to authorize the STEM Gateways grant program as an allowable use of flexible funding received by state educational agencies which would allow States to award grants to LEAs and qualified partner organizations to support the success of women, minorities, and low-income students in rigorous STEM academics.", 
  "introduced_at": "2015-02-26", 
  "number": 24, 
  "purpose": null, 
  "sponsor": {
    "bioguide_id": "K000379", 
    "district": "4", 
    "name": "Kennedy, Joseph P., III", 
    "state": "MA", 
    "thomas_id": "02172", 
    "title": "Rep", 
    "type": "person"
  }, 
  "status": "fail", 
  "status_at": "2015-02-26T19:12:10-05:00", 
  "updated_at": "2016-08-01T13:26:00Z"
}