{
  "actions": [
    {
      "acted_at": "2015-04-30T23:46:05-04:00", 
      "action_code": "H32111", 
      "how": "roll", 
      "references": [], 
      "result": "fail", 
      "roll": 205, 
      "text": "On agreeing to the Hudson amendment (A038) Failed by recorded vote: 143 - 278 (Roll no. 205).", 
      "type": "vote", 
      "vote_type": "vote", 
      "where": "h"
    }, 
    {
      "acted_at": "2015-04-30T20:26:28-04:00", 
      "action_code": "H3A100", 
      "references": [
        {
          "reference": "CR H2721-2722, H2749-2750", 
          "type": "consideration"
        }, 
        {
          "reference": "CR H2721", 
          "type": "text"
        }
      ], 
      "text": "Amendment (A038) offered by Mr. Hudson.", 
      "type": "action"
    }, 
    {
      "acted_at": "2015-04-30", 
      "action_code": "", 
      "references": [], 
      "text": "", 
      "type": "action"
    }, 
    {
      "acted_at": "2015-04-30", 
      "action_code": "71000", 
      "references": [], 
      "text": "House amendment offered", 
      "type": "action"
    }, 
    {
      "acted_at": "2015-04-30T20:26:28-04:00", 
      "action_code": "71500", 
      "references": [
        {
          "reference": "CR H2721-2722, H2749-2750", 
          "type": "consideration"
        }, 
        {
          "reference": "CR H2721", 
          "type": "text"
        }
      ], 
      "text": "House amendment offered/reported by : Amendment (A038) offered by Mr. Hudson.", 
      "type": "action"
    }, 
    {
      "acted_at": "2015-04-30T23:46:05-04:00", 
      "action_code": "73000", 
      "references": [], 
      "text": "House amendment not agreed to: On agreeing to the Hudson amendment (A038) Failed by recorded vote: 143 - 278 (Roll no. 205).", 
      "type": "action"
    }, 
    {
      "acted_at": "2015-04-30T23:46:05-04:00", 
      "action_code": "75000", 
      "references": [], 
      "text": "Roll call votes on amendments in House", 
      "type": "action"
    }, 
    {
      "acted_at": "2015-04-30T23:46:05-04:00", 
      "action_code": "77000", 
      "references": [], 
      "text": "Amendment failed in Committee of the Whole", 
      "type": "action"
    }
  ], 
  "amendment_id": "hamdt188-114", 
  "amendment_type": "hamdt", 
  "amends_amendment": null, 
  "amends_bill": {
    "bill_id": "hr2028-114", 
    "bill_type": "hr", 
    "congress": 114, 
    "number": 2028
  }, 
  "amends_treaty": null, 
  "chamber": "h", 
  "congress": "114", 
  "description": "Amendment sought to reduce funds in the bill by 11.1208 percent except for National Nuclear Security Administration, Environmental and Defense Activities, and Defense Nuclear Facilities Safety Board.", 
  "introduced_at": "2015-04-30", 
  "number": 188, 
  "purpose": "An amendment to reduce funds in the bill by 11.1208 percent except for National Nuclear Security Administration, Environmental and Defense Activities, and Defense Nuclear Facilities Safety Board.", 
  "sponsor": {
    "bioguide_id": "H001067", 
    "district": "8", 
    "name": "Hudson, Richard", 
    "state": "NC", 
    "thomas_id": "02140", 
    "title": "Rep", 
    "type": "person"
  }, 
  "status": "fail", 
  "status_at": "2015-04-30T23:46:05-04:00", 
  "updated_at": "2016-08-01T13:27:19Z"
}