{
  "actions": [
    {
      "acted_at": "2015-04-30T19:42:53-04:00", 
      "action_code": "H32111", 
      "how": "by voice vote", 
      "references": [], 
      "result": "pass", 
      "text": "On agreeing to the Fortenberry amendment (A032) Agreed to by voice vote.", 
      "type": "vote", 
      "vote_type": "vote", 
      "where": "h"
    }, 
    {
      "acted_at": "2015-04-30T19:32:35-04:00", 
      "action_code": "H3A100", 
      "references": [
        {
          "reference": "CR H2712-2714", 
          "type": "consideration"
        }, 
        {
          "reference": "CR H2712", 
          "type": "text"
        }
      ], 
      "text": "Amendment (A032) offered by Mr. Fortenberry.", 
      "type": "action"
    }, 
    {
      "acted_at": "2015-04-30", 
      "action_code": "", 
      "references": [], 
      "text": "", 
      "type": "action"
    }, 
    {
      "acted_at": "2015-04-30", 
      "action_code": "71000", 
      "references": [], 
      "text": "House amendment offered", 
      "type": "action"
    }, 
    {
      "acted_at": "2015-04-30T19:32:35-04:00", 
      "action_code": "71500", 
      "references": [
        {
          "reference": "CR H2712-2714", 
          "type": "consideration"
        }, 
        {
          "reference": "CR H2712", 
          "type": "text"
        }
      ], 
      "text": "House amendment offered/reported by : Amendment (A032) offered by Mr. Fortenberry.", 
      "type": "action"
    }, 
    {
      "acted_at": "2015-04-30T19:42:53-04:00", 
      "action_code": "72000", 
      "references": [], 
      "text": "House amendment agreed to: On agreeing to the Fortenberry amendment (A032) Agreed to by voice vote.", 
      "type": "action"
    }, 
    {
      "acted_at": "2015-04-30T19:42:53-04:00", 
      "action_code": "76000", 
      "references": [], 
      "text": "Amendment agreed to Committee of the Whole", 
      "type": "action"
    }
  ], 
  "amendment_id": "hamdt182-114", 
  "amendment_type": "hamdt", 
  "amends_amendment": null, 
  "amends_bill": {
    "bill_id": "hr2028-114", 
    "bill_type": "hr", 
    "congress": 114, 
    "number": 2028
  }, 
  "amends_treaty": null, 
  "chamber": "h", 
  "congress": "114", 
  "description": "Amendment moves $13.8 million from the mixed oxide portion of the nonproliferation account to the nuclear smuggling and detection as well as the research and development accounts.", 
  "introduced_at": "2015-04-30", 
  "number": 182, 
  "purpose": "An amendment to reduce funding for Defense Nuclear Non-Proliferation by $13,802,000 and then increase by a similar amount.", 
  "sponsor": {
    "bioguide_id": "F000449", 
    "district": "1", 
    "name": "Fortenberry, Jeff", 
    "state": "NE", 
    "thomas_id": "01793", 
    "title": "Rep", 
    "type": "person"
  }, 
  "status": "pass", 
  "status_at": "2015-04-30T19:42:53-04:00", 
  "updated_at": "2016-08-01T13:27:19Z"
}