{
  "actions": [
    {
      "acted_at": "2015-06-04T12:38:34-04:00", 
      "action_code": "H32111", 
      "how": "roll", 
      "references": [
        {
          "reference": "CR H3903", 
          "type": "consideration"
        }
      ], 
      "result": "fail", 
      "roll": 308, 
      "text": "On agreeing to the Esty amendment (A011) Failed by recorded vote: 184 - 230 (Roll no. 308).", 
      "type": "vote", 
      "vote_type": "vote", 
      "where": "h"
    }, 
    {
      "acted_at": "2015-06-04T12:01:33-04:00", 
      "action_code": "H32111", 
      "how": "roll", 
      "references": [
        {
          "reference": "CR H3898, H3901", 
          "type": "consideration"
        }
      ], 
      "result": "fail", 
      "roll": 300, 
      "text": "On agreeing to the Esty amendment (A011) Failed by recorded vote: 0 - 0 (Roll no. 300).", 
      "type": "vote", 
      "vote_type": "vote", 
      "where": "h"
    }, 
    {
      "acted_at": "2015-06-04", 
      "action_code": "", 
      "references": [], 
      "text": "", 
      "type": "action"
    }, 
    {
      "acted_at": "2015-06-03T20:57:20-04:00", 
      "action_code": "H3A100", 
      "references": [
        {
          "reference": "CR H3838-3839", 
          "type": "consideration"
        }, 
        {
          "reference": "CR H3838", 
          "type": "text"
        }
      ], 
      "text": "Amendment (A011) offered by Ms. Esty.", 
      "type": "action"
    }, 
    {
      "acted_at": "2015-06-04", 
      "action_code": "71000", 
      "references": [], 
      "text": "House amendment offered", 
      "type": "action"
    }, 
    {
      "acted_at": "2015-06-03T20:57:20-04:00", 
      "action_code": "71500", 
      "references": [
        {
          "reference": "CR H3838-3839", 
          "type": "consideration"
        }, 
        {
          "reference": "CR H3838", 
          "type": "text"
        }
      ], 
      "text": "House amendment offered/reported by : Amendment (A011) offered by Ms. Esty.", 
      "type": "action"
    }, 
    {
      "acted_at": "2015-06-04T12:01:33-04:00", 
      "action_code": "73000", 
      "references": [
        {
          "reference": "CR H3898, H3901", 
          "type": "consideration"
        }
      ], 
      "text": "House amendment not agreed to: On agreeing to the Esty amendment (A011) Failed by recorded vote: 0 - 0 (Roll no. 300).", 
      "type": "action"
    }, 
    {
      "acted_at": "2015-06-04T12:01:33-04:00", 
      "action_code": "75000", 
      "references": [], 
      "text": "Roll call votes on amendments in House", 
      "type": "action"
    }, 
    {
      "acted_at": "2015-06-04T12:01:33-04:00", 
      "action_code": "77000", 
      "references": [], 
      "text": "Amendment failed in Committee of the Whole", 
      "type": "action"
    }, 
    {
      "acted_at": "2015-06-04T12:38:34-04:00", 
      "action_code": "73000", 
      "references": [
        {
          "reference": "CR H3903", 
          "type": "consideration"
        }
      ], 
      "text": "House amendment not agreed to: On agreeing to the Esty amendment (A011) Failed by recorded vote: 184 - 230 (Roll no. 308).", 
      "type": "action"
    }, 
    {
      "acted_at": "2015-06-04T12:38:34-04:00", 
      "action_code": "75000", 
      "references": [], 
      "text": "Roll call votes on amendments in House", 
      "type": "action"
    }, 
    {
      "acted_at": "2015-06-04T12:38:34-04:00", 
      "action_code": "77000", 
      "references": [], 
      "text": "Amendment failed in Committee of the Whole", 
      "type": "action"
    }
  ], 
  "amendment_id": "hamdt366-114", 
  "amendment_type": "hamdt", 
  "amends_amendment": null, 
  "amends_bill": {
    "bill_id": "hr2577-114", 
    "bill_type": "hr", 
    "congress": 114, 
    "number": 2577
  }, 
  "amends_treaty": null, 
  "chamber": "h", 
  "congress": "114", 
  "description": "Amendment sought to reduce funding for FAA Operations by $3 million and increase funding for Federal Railroad Administration Safety and Operations by a similar amount in order to address funding of rail safety education programs, such as Operation Lifesaver.", 
  "introduced_at": "2015-06-04", 
  "number": 366, 
  "purpose": "An amendment to reduce funding for FAA Operations by $3 million and increase funding for Federal Railroad Administration Safety and Operations by a similar amount.", 
  "sponsor": {
    "bioguide_id": "E000293", 
    "district": "5", 
    "name": "Esty, Elizabeth H.", 
    "state": "CT", 
    "thomas_id": "02114", 
    "title": "Rep", 
    "type": "person"
  }, 
  "status": "fail", 
  "status_at": "2015-06-04T12:01:33-04:00", 
  "updated_at": "2016-08-26T08:52:18Z"
}