{
  "actions": [
    {
      "acted_at": "2015-06-02T17:14:42-04:00", 
      "action_code": "H32111", 
      "how": "by voice vote", 
      "references": [], 
      "result": "pass", 
      "text": "On agreeing to the Clawson (FL) amendment (A016) Agreed to by voice vote.", 
      "type": "vote", 
      "vote_type": "vote", 
      "where": "h"
    }, 
    {
      "acted_at": "2015-06-02T17:09:11-04:00", 
      "action_code": "H3A100", 
      "references": [
        {
          "reference": "CR H3689", 
          "type": "consideration"
        }, 
        {
          "reference": "CR H3689", 
          "type": "text"
        }
      ], 
      "text": "Amendment (A016) offered by Mr. Clawson (FL).", 
      "type": "action"
    }, 
    {
      "acted_at": "2015-06-02", 
      "action_code": "", 
      "references": [], 
      "text": "", 
      "type": "action"
    }, 
    {
      "acted_at": "2015-06-02", 
      "action_code": "71000", 
      "references": [], 
      "text": "House amendment offered", 
      "type": "action"
    }, 
    {
      "acted_at": "2015-06-02T17:09:11-04:00", 
      "action_code": "71500", 
      "references": [
        {
          "reference": "CR H3689", 
          "type": "consideration"
        }, 
        {
          "reference": "CR H3689", 
          "type": "text"
        }
      ], 
      "text": "House amendment offered/reported by : Amendment (A016) offered by Mr. Clawson (FL).", 
      "type": "action"
    }, 
    {
      "acted_at": "2015-06-02T17:14:42-04:00", 
      "action_code": "72000", 
      "references": [], 
      "text": "House amendment agreed to: On agreeing to the Clawson (FL) amendment (A016) Agreed to by voice vote.", 
      "type": "action"
    }, 
    {
      "acted_at": "2015-06-02T17:14:42-04:00", 
      "action_code": "76000", 
      "references": [], 
      "text": "Amendment agreed to Committee of the Whole", 
      "type": "action"
    }
  ], 
  "amendment_id": "hamdt284-114", 
  "amendment_type": "hamdt", 
  "amends_amendment": null, 
  "amends_bill": {
    "bill_id": "hr2578-114", 
    "bill_type": "hr", 
    "congress": 114, 
    "number": 2578
  }, 
  "amends_treaty": null, 
  "chamber": "h", 
  "congress": "114", 
  "description": "Amendment reduces funding for the Department of Justice's legal activities, salaries and expenses budget by $2 million and increases funding for NOAA in their operations, research, and facilities fund (National Marine Fisheries Service Habitat Conservation and Restoration) by a similar amount.", 
  "introduced_at": "2015-06-02", 
  "number": 284, 
  "purpose": "An amendment to increase funding for NOAA Operations, Research and Facilities by $2 million and reduce funding for Legal Services Expenses of the U.S. Parole Commission by a similar amount.", 
  "sponsor": {
    "bioguide_id": "C001102", 
    "district": "19", 
    "name": "Clawson, Curt", 
    "state": "FL", 
    "thomas_id": "02200", 
    "title": "Rep", 
    "type": "person"
  }, 
  "status": "pass", 
  "status_at": "2015-06-02T17:14:42-04:00", 
  "updated_at": "2016-08-01T13:27:41Z"
}