{
  "actions": [
    {
      "acted_at": "2015-06-03T21:21:57-04:00", 
      "action_code": "H32111", 
      "how": "by voice vote", 
      "references": [], 
      "result": "fail", 
      "text": "On agreeing to the Dold amendment (A014) Failed by voice vote.", 
      "type": "vote", 
      "vote_type": "vote", 
      "where": "h"
    }, 
    {
      "acted_at": "2015-06-03T21:13:38-04:00", 
      "action_code": "H3A100", 
      "references": [
        {
          "reference": "CR H3840-3841", 
          "type": "consideration"
        }, 
        {
          "reference": "CR H3840", 
          "type": "text"
        }
      ], 
      "text": "Amendment (A014) offered by Mr. Dold.", 
      "type": "action"
    }, 
    {
      "acted_at": "2015-06-03", 
      "action_code": "", 
      "references": [], 
      "text": "", 
      "type": "action"
    }, 
    {
      "acted_at": "2015-06-03", 
      "action_code": "71000", 
      "references": [], 
      "text": "House amendment offered", 
      "type": "action"
    }, 
    {
      "acted_at": "2015-06-03T21:13:38-04:00", 
      "action_code": "71500", 
      "references": [
        {
          "reference": "CR H3840-3841", 
          "type": "consideration"
        }, 
        {
          "reference": "CR H3840", 
          "type": "text"
        }
      ], 
      "text": "House amendment offered/reported by : Amendment (A014) offered by Mr. Dold.", 
      "type": "action"
    }, 
    {
      "acted_at": "2015-06-03T21:21:57-04:00", 
      "action_code": "73000", 
      "references": [], 
      "text": "House amendment not agreed to: On agreeing to the Dold amendment (A014) Failed by voice vote.", 
      "type": "action"
    }, 
    {
      "acted_at": "2015-06-03T21:21:57-04:00", 
      "action_code": "77000", 
      "references": [], 
      "text": "Amendment failed in Committee of the Whole", 
      "type": "action"
    }
  ], 
  "amendment_id": "hamdt369-114", 
  "amendment_type": "hamdt", 
  "amends_amendment": null, 
  "amends_bill": {
    "bill_id": "hr2577-114", 
    "bill_type": "hr", 
    "congress": 114, 
    "number": 2577
  }, 
  "amends_treaty": null, 
  "chamber": "h", 
  "congress": "114", 
  "description": "Amendment sought to reduce funding for FAA Operations by $200 million and restore the amount to the Capital Investment Grants account for use in mass transit rail systems.", 
  "introduced_at": "2015-06-03", 
  "number": 369, 
  "purpose": "An amendment to reduce funding for FAA Operations by $200 million and increase funding for Capital Investment Grants by a similar amount.", 
  "sponsor": {
    "bioguide_id": "D000613", 
    "district": "10", 
    "name": "Dold, Robert J.", 
    "state": "IL", 
    "thomas_id": "02013", 
    "title": "Rep", 
    "type": "person"
  }, 
  "status": "fail", 
  "status_at": "2015-06-03T21:21:57-04:00", 
  "updated_at": "2016-08-26T08:52:19Z"
}