{
  "actions": [
    {
      "acted_at": "2015-06-10T17:07:54-04:00", 
      "action_code": "H32111", 
      "how": "by voice vote", 
      "references": [], 
      "result": "pass", 
      "text": "On agreeing to the Gosar amendment (A003) Agreed to by voice vote.", 
      "type": "vote", 
      "vote_type": "vote", 
      "where": "h"
    }, 
    {
      "acted_at": "2015-06-10T17:03:42-04:00", 
      "action_code": "H3A100", 
      "references": [
        {
          "reference": "CR H4060", 
          "type": "consideration"
        }, 
        {
          "reference": "CR H4060", 
          "type": "text"
        }
      ], 
      "text": "Amendment (A003) offered by Mr. Gosar.", 
      "type": "action"
    }, 
    {
      "acted_at": "2015-06-10", 
      "action_code": "", 
      "references": [], 
      "text": "", 
      "type": "action"
    }, 
    {
      "acted_at": "2015-06-10", 
      "action_code": "71000", 
      "references": [], 
      "text": "House amendment offered", 
      "type": "action"
    }, 
    {
      "acted_at": "2015-06-10T17:03:42-04:00", 
      "action_code": "71500", 
      "references": [
        {
          "reference": "CR H4060", 
          "type": "consideration"
        }, 
        {
          "reference": "CR H4060", 
          "type": "text"
        }
      ], 
      "text": "House amendment offered/reported by : Amendment (A003) offered by Mr. Gosar.", 
      "type": "action"
    }, 
    {
      "acted_at": "2015-06-10T17:07:54-04:00", 
      "action_code": "72000", 
      "references": [], 
      "text": "House amendment agreed to: On agreeing to the Gosar amendment (A003) Agreed to by voice vote.", 
      "type": "action"
    }, 
    {
      "acted_at": "2015-06-10T17:07:54-04:00", 
      "action_code": "76000", 
      "references": [], 
      "text": "Amendment agreed to Committee of the Whole", 
      "type": "action"
    }
  ], 
  "amendment_id": "hamdt443-114", 
  "amendment_type": "hamdt", 
  "amends_amendment": null, 
  "amends_bill": {
    "bill_id": "hr2685-114", 
    "bill_type": "hr", 
    "congress": 114, 
    "number": 2685
  }, 
  "amends_treaty": null, 
  "chamber": "h", 
  "congress": "114", 
  "description": "Amendment reduces funding for Operations and Maintenance, Defense-Wide by $3.2 million and increases funding for Operations and Maintenance, Army National Guard by $2 million for the purpose of assisting in securing the southwest border of the United States.", 
  "introduced_at": "2015-06-10", 
  "number": 443, 
  "purpose": "An amendment to reduce funding for Operations and Maintenance, Defense-Wide by $3.2 million and increase funding for Operations and Maintenance, Army National Guard by $2 million.", 
  "sponsor": {
    "bioguide_id": "G000565", 
    "district": "4", 
    "name": "Gosar, Paul A.", 
    "state": "AZ", 
    "thomas_id": "01992", 
    "title": "Rep", 
    "type": "person"
  }, 
  "status": "pass", 
  "status_at": "2015-06-10T17:07:54-04:00", 
  "updated_at": "2016-08-01T13:27:47Z"
}