{
  "actions": [
    {
      "acted_at": "2015-04-30T23:22:07-04:00", 
      "action_code": "H32111", 
      "how": "roll", 
      "references": [
        {
          "reference": "CR H2744", 
          "type": "consideration"
        }
      ], 
      "result": "fail", 
      "roll": 197, 
      "text": "On agreeing to the Griffith amendment (A014) Failed by recorded vote: 177 - 244 (Roll no. 197).", 
      "type": "vote", 
      "vote_type": "vote", 
      "where": "h"
    }, 
    {
      "acted_at": "2015-04-29T22:32:39-04:00", 
      "action_code": "H3A100", 
      "references": [
        {
          "reference": "CR H2645", 
          "type": "consideration"
        }, 
        {
          "reference": "CR H2645", 
          "type": "text"
        }
      ], 
      "text": "Amendment (A014) offered by Mr. Griffith.", 
      "type": "action"
    }, 
    {
      "acted_at": "2015-04-29", 
      "action_code": "", 
      "references": [], 
      "text": "", 
      "type": "action"
    }, 
    {
      "acted_at": "2015-04-29", 
      "action_code": "71000", 
      "references": [], 
      "text": "House amendment offered", 
      "type": "action"
    }, 
    {
      "acted_at": "2015-04-29T22:32:39-04:00", 
      "action_code": "71500", 
      "references": [
        {
          "reference": "CR H2645", 
          "type": "consideration"
        }, 
        {
          "reference": "CR H2645", 
          "type": "text"
        }
      ], 
      "text": "House amendment offered/reported by : Amendment (A014) offered by Mr. Griffith.", 
      "type": "action"
    }, 
    {
      "acted_at": "2015-04-30T23:22:07-04:00", 
      "action_code": "73000", 
      "references": [
        {
          "reference": "CR H2744", 
          "type": "consideration"
        }
      ], 
      "text": "House amendment not agreed to: On agreeing to the Griffith amendment (A014) Failed by recorded vote: 177 - 244 (Roll no. 197).", 
      "type": "action"
    }, 
    {
      "acted_at": "2015-04-30T23:22:07-04:00", 
      "action_code": "75000", 
      "references": [], 
      "text": "Roll call votes on amendments in House", 
      "type": "action"
    }, 
    {
      "acted_at": "2015-04-30T23:22:07-04:00", 
      "action_code": "77000", 
      "references": [], 
      "text": "Amendment failed in Committee of the Whole", 
      "type": "action"
    }
  ], 
  "amendment_id": "hamdt164-114", 
  "amendment_type": "hamdt", 
  "amends_amendment": null, 
  "amends_bill": {
    "bill_id": "hr2028-114", 
    "bill_type": "hr", 
    "congress": 114, 
    "number": 2028
  }, 
  "amends_treaty": null, 
  "chamber": "h", 
  "congress": "114", 
  "description": "Amendment sought to increase funding for Fossil Energy Research and Development by $50 million and to reduce funding for Energy Efficiency and Renewable Energy by a similar amount in order to address regulatory issues in coal-fired power plants.", 
  "introduced_at": "2015-04-29", 
  "number": 164, 
  "purpose": "An amendment to increase funding for Fossil Energy Research and Development by $50 million and to reduce funding for Energy Efficiency and Renewable Energy by a similar amount.", 
  "sponsor": {
    "bioguide_id": "G000568", 
    "district": "9", 
    "name": "Griffith, H. Morgan", 
    "state": "VA", 
    "thomas_id": "02070", 
    "title": "Rep", 
    "type": "person"
  }, 
  "status": "fail", 
  "status_at": "2015-04-30T23:22:07-04:00", 
  "updated_at": "2016-08-01T13:27:19Z"
}