{
  "actions": [
    {
      "acted_at": "2015-03-18T14:14:03-04:00", 
      "action_code": "H32111", 
      "how": "roll", 
      "references": [], 
      "result": "fail", 
      "roll": 123, 
      "text": "On agreeing to the Kennedy amendment (A002) Failed by recorded vote: 184 - 231 (Roll no. 123).", 
      "type": "vote", 
      "vote_type": "vote", 
      "where": "h"
    }, 
    {
      "acted_at": "2015-03-18T13:32:39-04:00", 
      "action_code": "H3A100", 
      "references": [
        {
          "reference": "CR H1743-1744, H1745-1746", 
          "type": "consideration"
        }, 
        {
          "reference": "CR H1743", 
          "type": "text"
        }
      ], 
      "text": "Amendment (A002) offered by Mr. Kennedy.", 
      "type": "action"
    }, 
    {
      "acted_at": "2015-03-18", 
      "action_code": "", 
      "references": [], 
      "text": "", 
      "type": "action"
    }, 
    {
      "acted_at": "2015-03-18", 
      "action_code": "71000", 
      "references": [], 
      "text": "House amendment offered", 
      "type": "action"
    }, 
    {
      "acted_at": "2015-03-18T13:32:39-04:00", 
      "action_code": "71500", 
      "references": [
        {
          "reference": "CR H1743-1744, H1745-1746", 
          "type": "consideration"
        }, 
        {
          "reference": "CR H1743", 
          "type": "text"
        }
      ], 
      "text": "House amendment offered/reported by : Amendment (A002) offered by Mr. Kennedy.", 
      "type": "action"
    }, 
    {
      "acted_at": "2015-03-18T14:14:03-04:00", 
      "action_code": "73000", 
      "references": [], 
      "text": "House amendment not agreed to: On agreeing to the Kennedy amendment (A002) Failed by recorded vote: 184 - 231 (Roll no. 123).", 
      "type": "action"
    }, 
    {
      "acted_at": "2015-03-18T14:14:03-04:00", 
      "action_code": "75000", 
      "references": [], 
      "text": "Roll call votes on amendments in House", 
      "type": "action"
    }, 
    {
      "acted_at": "2015-03-18T14:14:03-04:00", 
      "action_code": "77000", 
      "references": [], 
      "text": "Amendment failed in Committee of the Whole", 
      "type": "action"
    }
  ], 
  "amendment_id": "hamdt79-114", 
  "amendment_type": "hamdt", 
  "amends_amendment": null, 
  "amends_bill": {
    "bill_id": "hr1030-114", 
    "bill_type": "hr", 
    "congress": 114, 
    "number": 1030
  }, 
  "amends_treaty": null, 
  "chamber": "h", 
  "congress": "114", 
  "description": "At the end of the bill, add the following:    SEC. 3. ENSURING THE USE OF THE BEST SCIENCE.    Nothing in this Act shall prevent the Administrator of the Environmental Protection Agency from considering or relying upon any peer-reviewed scientific publication even if such publication is based on data that is prohibited from public dislosure.", 
  "introduced_at": "2015-03-18", 
  "number": 79, 
  "purpose": "An amendment numbered 2 printed in Part B of House Report 114-37 to allow the EPA to use all peer-reviewed scientific publications.", 
  "sponsor": {
    "bioguide_id": "K000379", 
    "district": "4", 
    "name": "Kennedy, Joseph P., III", 
    "state": "MA", 
    "thomas_id": "02172", 
    "title": "Rep", 
    "type": "person"
  }, 
  "status": "fail", 
  "status_at": "2015-03-18T14:14:03-04:00", 
  "updated_at": "2016-08-01T13:26:39Z"
}