{
  "actions": [
    {
      "acted_at": "2015-06-03T14:21:50-04:00", 
      "action_code": "H32111", 
      "how": "roll", 
      "references": [
        {
          "reference": "CR H3786-3787", 
          "type": "consideration"
        }
      ], 
      "result": "pass", 
      "roll": 283, 
      "text": "On agreeing to the Rohrabacher amendment (A064) Agreed to by recorded vote: 242 - 186 (Roll no. 283).", 
      "type": "vote", 
      "vote_type": "vote", 
      "where": "h"
    }, 
    {
      "acted_at": "2015-06-03T00:40:00-04:00", 
      "action_code": "H3A100", 
      "references": [
        {
          "reference": "CR H3745-3747", 
          "type": "consideration"
        }, 
        {
          "reference": "CR H3745", 
          "type": "text"
        }
      ], 
      "text": "Amendment (A064) offered by Mr. Rohrabacher.", 
      "type": "action"
    }, 
    {
      "acted_at": "2015-06-03", 
      "action_code": "", 
      "references": [], 
      "text": "", 
      "type": "action"
    }, 
    {
      "acted_at": "2015-06-03", 
      "action_code": "71000", 
      "references": [], 
      "text": "House amendment offered", 
      "type": "action"
    }, 
    {
      "acted_at": "2015-06-03T00:40:00-04:00", 
      "action_code": "71500", 
      "references": [
        {
          "reference": "CR H3745-3747", 
          "type": "consideration"
        }, 
        {
          "reference": "CR H3745", 
          "type": "text"
        }
      ], 
      "text": "House amendment offered/reported by : Amendment (A064) offered by Mr. Rohrabacher.", 
      "type": "action"
    }, 
    {
      "acted_at": "2015-06-03T14:21:50-04:00", 
      "action_code": "72000", 
      "references": [
        {
          "reference": "CR H3786-3787", 
          "type": "consideration"
        }
      ], 
      "text": "House amendment agreed to: On agreeing to the Rohrabacher amendment (A064) Agreed to by recorded vote: 242 - 186 (Roll no. 283).", 
      "type": "action"
    }, 
    {
      "acted_at": "2015-06-03T14:21:50-04:00", 
      "action_code": "75000", 
      "references": [], 
      "text": "Roll call votes on amendments in House", 
      "type": "action"
    }, 
    {
      "acted_at": "2015-06-03T14:21:50-04:00", 
      "action_code": "76000", 
      "references": [], 
      "text": "Amendment agreed to Committee of the Whole", 
      "type": "action"
    }
  ], 
  "amendment_id": "hamdt332-114", 
  "amendment_type": "hamdt", 
  "amends_amendment": null, 
  "amends_bill": {
    "bill_id": "hr2578-114", 
    "bill_type": "hr", 
    "congress": 114, 
    "number": 2578
  }, 
  "amends_treaty": null, 
  "chamber": "h", 
  "congress": "114", 
  "description": "Amendment prohibits the use of funds in the bill to supersede State law in those States that have legalized the use of medical marijuana.", 
  "introduced_at": "2015-06-03", 
  "number": 332, 
  "purpose": "An amendment to prohibit the use of funds by various states to prevent any of them from implementing their own laws that authorize the use, distribution, possessions, or cultivation of medical marijuana.", 
  "sponsor": {
    "bioguide_id": "R000409", 
    "district": "48", 
    "name": "Rohrabacher, Dana", 
    "state": "CA", 
    "thomas_id": "00979", 
    "title": "Rep", 
    "type": "person"
  }, 
  "status": "pass", 
  "status_at": "2015-06-03T14:21:50-04:00", 
  "updated_at": "2016-08-01T13:27:41Z"
}