{
  "actions": [
    {
      "acted_at": "2015-05-14T19:00:09-04:00", 
      "action_code": "H32111", 
      "how": "roll", 
      "references": [], 
      "result": "fail", 
      "roll": 228, 
      "text": "On agreeing to the Polis amendment (A002) Failed by recorded vote: 60 - 363 (Roll no. 228).", 
      "type": "vote", 
      "vote_type": "vote", 
      "where": "h"
    }, 
    {
      "acted_at": "2015-05-14T16:26:55-04:00", 
      "action_code": "H3A100", 
      "references": [
        {
          "reference": "CR H3155-3156, H3177", 
          "type": "consideration"
        }, 
        {
          "reference": "CR H3155", 
          "type": "text"
        }
      ], 
      "text": "Amendment (A002) offered by Mr. Polis.", 
      "type": "action"
    }, 
    {
      "acted_at": "2015-05-14", 
      "action_code": "", 
      "references": [], 
      "text": "", 
      "type": "action"
    }, 
    {
      "acted_at": "2015-05-14", 
      "action_code": "71000", 
      "references": [], 
      "text": "House amendment offered", 
      "type": "action"
    }, 
    {
      "acted_at": "2015-05-14T16:26:55-04:00", 
      "action_code": "71500", 
      "references": [
        {
          "reference": "CR H3155-3156, H3177", 
          "type": "consideration"
        }, 
        {
          "reference": "CR H3155", 
          "type": "text"
        }
      ], 
      "text": "House amendment offered/reported by : Amendment (A002) offered by Mr. Polis.", 
      "type": "action"
    }, 
    {
      "acted_at": "2015-05-14T19:00:09-04:00", 
      "action_code": "73000", 
      "references": [], 
      "text": "House amendment not agreed to: On agreeing to the Polis amendment (A002) Failed by recorded vote: 60 - 363 (Roll no. 228).", 
      "type": "action"
    }, 
    {
      "acted_at": "2015-05-14T19:00:09-04:00", 
      "action_code": "75000", 
      "references": [], 
      "text": "Roll call votes on amendments in House", 
      "type": "action"
    }, 
    {
      "acted_at": "2015-05-14T19:00:09-04:00", 
      "action_code": "77000", 
      "references": [], 
      "text": "Amendment failed in Committee of the Whole", 
      "type": "action"
    }
  ], 
  "amendment_id": "hamdt217-114", 
  "amendment_type": "hamdt", 
  "amends_amendment": null, 
  "amends_bill": {
    "bill_id": "hr1735-114", 
    "bill_type": "hr", 
    "congress": 114, 
    "number": 1735
  }, 
  "amends_treaty": null, 
  "chamber": "h", 
  "congress": "114", 
  "description": "Amendment sought to reduce from 11 to 10 the statutory requirement for the number of operational carriers that the U.S. Navy must have.", 
  "introduced_at": "2015-05-14", 
  "number": 217, 
  "purpose": null, 
  "sponsor": {
    "bioguide_id": "P000598", 
    "district": "2", 
    "name": "Polis, Jared", 
    "state": "CO", 
    "thomas_id": "01910", 
    "title": "Rep", 
    "type": "person"
  }, 
  "status": "fail", 
  "status_at": "2015-05-14T19:00:09-04:00", 
  "updated_at": "2016-06-15T13:41:50Z"
}