{
  "actions": [
    {
      "acted_at": "2015-06-09T21:21:06-04:00", 
      "action_code": "H32111", 
      "how": "by voice vote", 
      "references": [], 
      "result": "pass", 
      "text": "On agreeing to the Zeldin amendment (A072) Agreed to by voice vote.", 
      "type": "vote", 
      "vote_type": "vote", 
      "where": "h"
    }, 
    {
      "acted_at": "2015-06-09T21:17:20-04:00", 
      "action_code": "H3A100", 
      "references": [
        {
          "reference": "CR H3982-3983", 
          "type": "consideration"
        }, 
        {
          "reference": "CR H3983", 
          "type": "text"
        }
      ], 
      "text": "Amendment (A072) offered by Mr. Zeldin.", 
      "type": "action"
    }, 
    {
      "acted_at": "2015-06-09", 
      "action_code": "", 
      "references": [], 
      "text": "", 
      "type": "action"
    }, 
    {
      "acted_at": "2015-06-09", 
      "action_code": "71000", 
      "references": [], 
      "text": "House amendment offered", 
      "type": "action"
    }, 
    {
      "acted_at": "2015-06-09T21:17:20-04:00", 
      "action_code": "71500", 
      "references": [
        {
          "reference": "CR H3982-3983", 
          "type": "consideration"
        }, 
        {
          "reference": "CR H3983", 
          "type": "text"
        }
      ], 
      "text": "House amendment offered/reported by : Amendment (A072) offered by Mr. Zeldin.", 
      "type": "action"
    }, 
    {
      "acted_at": "2015-06-09T21:21:06-04:00", 
      "action_code": "72000", 
      "references": [], 
      "text": "House amendment agreed to: On agreeing to the Zeldin amendment (A072) Agreed to by voice vote.", 
      "type": "action"
    }, 
    {
      "acted_at": "2015-06-09T21:21:06-04:00", 
      "action_code": "76000", 
      "references": [], 
      "text": "Amendment agreed to Committee of the Whole", 
      "type": "action"
    }
  ], 
  "amendment_id": "hamdt432-114", 
  "amendment_type": "hamdt", 
  "amends_amendment": null, 
  "amends_bill": {
    "bill_id": "hr2577-114", 
    "bill_type": "hr", 
    "congress": 114, 
    "number": 2577
  }, 
  "amends_treaty": null, 
  "chamber": "h", 
  "congress": "114", 
  "description": "At the end of the bill (before the spending reduction account), insert the following:    SEC.___. None of the funds may be used by the Federal Aviation Administration to institute an administrative or civil action (as defined in section 47107 of title 49, United States Code) against the sponsor of the East Hampton Airport in East Hampton, NY.", 
  "introduced_at": "2015-06-09", 
  "number": 432, 
  "purpose": "An amendment to prohibit the use of funds by the Administrator of the FAA to institute an administrative or civil action or disposition of penalties against the sponsor of East Hampton Airport in East Hampton, NY.", 
  "sponsor": {
    "bioguide_id": "Z000017", 
    "district": "1", 
    "name": "Zeldin, Lee M.", 
    "state": "NY", 
    "thomas_id": "02261", 
    "title": "Rep", 
    "type": "person"
  }, 
  "status": "pass", 
  "status_at": "2015-06-09T21:21:06-04:00", 
  "updated_at": "2016-08-26T08:52:19Z"
}