{
  "actions": [
    {
      "acted_at": "2015-05-21T12:34:24-04:00", 
      "action_code": "H32111", 
      "how": "roll", 
      "references": [], 
      "result": "fail", 
      "roll": 261, 
      "text": "On agreeing to the Edwards amendment (A007) Failed by recorded vote: 173 - 236 (Roll no. 261).", 
      "type": "vote", 
      "vote_type": "vote", 
      "where": "h"
    }, 
    {
      "acted_at": "2015-05-21T11:48:16-04:00", 
      "action_code": "H3A100", 
      "references": [
        {
          "reference": "CR H3528-3533", 
          "type": "consideration"
        }, 
        {
          "reference": "CR H3528-3530", 
          "type": "text"
        }
      ], 
      "text": "Amendment (A007) offered by Ms. Edwards.", 
      "type": "action"
    }, 
    {
      "acted_at": "2015-05-21", 
      "action_code": "", 
      "references": [], 
      "text": "", 
      "type": "action"
    }, 
    {
      "acted_at": "2015-05-21", 
      "action_code": "71000", 
      "references": [], 
      "text": "House amendment offered", 
      "type": "action"
    }, 
    {
      "acted_at": "2015-05-21T11:48:16-04:00", 
      "action_code": "71500", 
      "references": [
        {
          "reference": "CR H3528-3533", 
          "type": "consideration"
        }, 
        {
          "reference": "CR H3528-3530", 
          "type": "text"
        }
      ], 
      "text": "House amendment offered/reported by : Amendment (A007) offered by Ms. Edwards.", 
      "type": "action"
    }, 
    {
      "acted_at": "2015-05-21T12:34:24-04:00", 
      "action_code": "73000", 
      "references": [], 
      "text": "House amendment not agreed to: On agreeing to the Edwards amendment (A007) Failed by recorded vote: 173 - 236 (Roll no. 261).", 
      "type": "action"
    }, 
    {
      "acted_at": "2015-05-21T12:34:24-04:00", 
      "action_code": "75000", 
      "references": [], 
      "text": "Roll call votes on amendments in House", 
      "type": "action"
    }, 
    {
      "acted_at": "2015-05-21T12:34:24-04:00", 
      "action_code": "77000", 
      "references": [], 
      "text": "Amendment failed in Committee of the Whole", 
      "type": "action"
    }
  ], 
  "amendment_id": "hamdt261-114", 
  "amendment_type": "hamdt", 
  "amends_amendment": null, 
  "amends_bill": {
    "bill_id": "hr2262-114", 
    "bill_type": "hr", 
    "congress": 114, 
    "number": 2262
  }, 
  "amends_treaty": null, 
  "chamber": "h", 
  "congress": "114", 
  "description": "Amendment in the nature of a substitute sought to insert a complete new text comprised of the Senate companion measure, S. 1297.", 
  "introduced_at": "2015-05-21", 
  "number": 261, 
  "purpose": "An amendment numbered 7 printed in Part A of House Report 114-127 to substitute the text of S. 1297.", 
  "sponsor": {
    "bioguide_id": "E000290", 
    "district": "4", 
    "name": "Edwards, Donna F.", 
    "state": "MD", 
    "thomas_id": "01894", 
    "title": "Rep", 
    "type": "person"
  }, 
  "status": "fail", 
  "status_at": "2015-05-21T12:34:24-04:00", 
  "updated_at": "2016-08-01T13:27:29Z"
}