{
  "actions": [
    {
      "acted_at": "2015-06-02T23:32:38-04:00", 
      "action_code": "H32140", 
      "references": [
        {
          "reference": "CR H3737", 
          "type": "consideration"
        }
      ], 
      "text": "By unanimous consent, the Poe (TX) amendment was withdrawn.", 
      "type": "action"
    }, 
    {
      "acted_at": "2015-06-02T23:27:03-04:00", 
      "action_code": "H3A100", 
      "references": [
        {
          "reference": "CR H3737", 
          "type": "consideration"
        }, 
        {
          "reference": "CR H3737", 
          "type": "text"
        }
      ], 
      "text": "Amendment (A054) offered by Mr. Poe (TX).", 
      "type": "action"
    }, 
    {
      "acted_at": "2015-06-02", 
      "action_code": "", 
      "references": [], 
      "text": "", 
      "type": "action"
    }, 
    {
      "acted_at": "2015-06-02", 
      "action_code": "71000", 
      "references": [], 
      "text": "House amendment offered", 
      "type": "action"
    }, 
    {
      "acted_at": "2015-06-02T23:27:03-04:00", 
      "action_code": "71500", 
      "references": [
        {
          "reference": "CR H3737", 
          "type": "consideration"
        }, 
        {
          "reference": "CR H3737", 
          "type": "text"
        }
      ], 
      "text": "House amendment offered/reported by : Amendment (A054) offered by Mr. Poe (TX).", 
      "type": "action"
    }
  ], 
  "amendment_id": "hamdt322-114", 
  "amendment_type": "hamdt", 
  "amends_amendment": null, 
  "amends_bill": {
    "bill_id": "hr2578-114", 
    "bill_type": "hr", 
    "congress": 114, 
    "number": 2578
  }, 
  "amends_treaty": null, 
  "chamber": "h", 
  "congress": "114", 
  "description": null, 
  "introduced_at": "2015-06-02", 
  "number": 322, 
  "purpose": "An amendment to prohibit the use of funds for DNA analysis and capacity enhancement program and for other local, State, and Federal forensic activities for which funds are made available under this Act as part of the $125 million for DNA-related forensic programs and activities, unless such funds are used in accordance with the DNA Analysis Backlog Elimination Act.", 
  "sponsor": {
    "bioguide_id": "P000592", 
    "district": "2", 
    "name": "Poe, Ted", 
    "state": "TX", 
    "thomas_id": "01802", 
    "title": "Rep", 
    "type": "person"
  }, 
  "status": "offered", 
  "status_at": "2015-06-02", 
  "updated_at": "2016-08-01T13:27:41Z"
}