{
  "actions": [
    {
      "acted_at": "2015-01-14T11:25:38-05:00", 
      "action_code": "H32111", 
      "how": "roll", 
      "references": [], 
      "result": "pass", 
      "roll": 30, 
      "text": "On agreeing to the Blackburn amendment (A002) Agreed to by recorded vote: 218 - 209 (Roll no. 30).", 
      "type": "vote", 
      "vote_type": "vote", 
      "where": "h"
    }, 
    {
      "acted_at": "2015-01-14T09:47:33-05:00", 
      "action_code": "H3A100", 
      "references": [
        {
          "reference": "CR H379-381, H389", 
          "type": "consideration"
        }, 
        {
          "reference": "CR H379", 
          "type": "text"
        }
      ], 
      "text": "Amendment (A002) offered by Mrs. Blackburn.", 
      "type": "action"
    }, 
    {
      "acted_at": "2015-01-14", 
      "action_code": "", 
      "references": [], 
      "text": "", 
      "type": "action"
    }, 
    {
      "acted_at": "2015-01-14", 
      "action_code": "71000", 
      "references": [], 
      "text": "House amendment offered", 
      "type": "action"
    }, 
    {
      "acted_at": "2015-01-14T09:47:33-05:00", 
      "action_code": "71500", 
      "references": [
        {
          "reference": "CR H379-381, H389", 
          "type": "consideration"
        }, 
        {
          "reference": "CR H379", 
          "type": "text"
        }
      ], 
      "text": "House amendment offered/reported by : Amendment (A002) offered by Mrs. Blackburn.", 
      "type": "action"
    }, 
    {
      "acted_at": "2015-01-14T11:25:38-05:00", 
      "action_code": "72000", 
      "references": [], 
      "text": "House amendment agreed to: On agreeing to the Blackburn amendment (A002) Agreed to by recorded vote: 218 - 209 (Roll no. 30).", 
      "type": "action"
    }, 
    {
      "acted_at": "2015-01-14T11:25:38-05:00", 
      "action_code": "75000", 
      "references": [], 
      "text": "Roll call votes on amendments in House", 
      "type": "action"
    }, 
    {
      "acted_at": "2015-01-14T11:25:38-05:00", 
      "action_code": "76000", 
      "references": [], 
      "text": "Amendment agreed to Committee of the Whole", 
      "type": "action"
    }
  ], 
  "amendment_id": "hamdt7-114", 
  "amendment_type": "hamdt", 
  "amends_amendment": null, 
  "amends_bill": {
    "bill_id": "hr240-114", 
    "bill_type": "hr", 
    "congress": 114, 
    "number": 240
  }, 
  "amends_treaty": null, 
  "chamber": "h", 
  "congress": "114", 
  "description": "Amendment prohibits Federal funding, fees, or resources from being used to consider or adjudicate any new, renewal, or previously denied application for any alien requesting consideration for deferred action.", 
  "introduced_at": "2015-01-14", 
  "number": 7, 
  "purpose": "An amendment numbered 2 printed in Part B of House Report 114-2 to provide that no funds may be used to consider new, renewal or previously denied DACA applications.", 
  "sponsor": {
    "bioguide_id": "B001243", 
    "district": "7", 
    "name": "Blackburn, Marsha", 
    "state": "TN", 
    "thomas_id": "01748", 
    "title": "Rep", 
    "type": "person"
  }, 
  "status": "pass", 
  "status_at": "2015-01-14T11:25:38-05:00", 
  "updated_at": "2016-08-01T13:26:12Z"
}