{
  "actions": [
    {
      "acted_at": "2015-04-29T16:33:08-04:00", 
      "action_code": "H32111", 
      "how": "by voice vote", 
      "references": [], 
      "result": "pass", 
      "text": "On agreeing to the Sinema amendment (A008) Agreed to by voice vote.", 
      "type": "vote", 
      "vote_type": "vote", 
      "where": "h"
    }, 
    {
      "acted_at": "2015-04-29T16:32:30-04:00", 
      "action_code": "H3A100", 
      "references": [
        {
          "reference": "CR H2593", 
          "type": "consideration"
        }, 
        {
          "reference": "CR H2593", 
          "type": "text"
        }
      ], 
      "text": "Amendment (A008) offered by Ms. Sinema.", 
      "type": "action"
    }, 
    {
      "acted_at": "2015-04-29", 
      "action_code": "", 
      "references": [], 
      "text": "", 
      "type": "action"
    }, 
    {
      "acted_at": "2015-04-29", 
      "action_code": "71000", 
      "references": [], 
      "text": "House amendment offered", 
      "type": "action"
    }, 
    {
      "acted_at": "2015-04-29T16:32:30-04:00", 
      "action_code": "71500", 
      "references": [
        {
          "reference": "CR H2593", 
          "type": "consideration"
        }, 
        {
          "reference": "CR H2593", 
          "type": "text"
        }
      ], 
      "text": "House amendment offered/reported by : Amendment (A008) offered by Ms. Sinema.", 
      "type": "action"
    }, 
    {
      "acted_at": "2015-04-29T16:33:08-04:00", 
      "action_code": "72000", 
      "references": [], 
      "text": "House amendment agreed to: On agreeing to the Sinema amendment (A008) Agreed to by voice vote.", 
      "type": "action"
    }, 
    {
      "acted_at": "2015-04-29T16:33:08-04:00", 
      "action_code": "76000", 
      "references": [], 
      "text": "Amendment agreed to Committee of the Whole", 
      "type": "action"
    }
  ], 
  "amendment_id": "hamdt115-114", 
  "amendment_type": "hamdt", 
  "amends_amendment": null, 
  "amends_bill": {
    "bill_id": "hr2029-114", 
    "bill_type": "hr", 
    "congress": 114, 
    "number": 2029
  }, 
  "amends_treaty": null, 
  "chamber": "h", 
  "congress": "114", 
  "description": "Amendment provides funding for the VA to include, as part of its quarterly reports on the financial status of the Veterans Health Administration, any outstanding payments owed to contracted entities older than 60 days and a justification for the delay in payments.", 
  "introduced_at": "2015-04-29", 
  "number": 115, 
  "purpose": "An amendment to reduce then increase funds for the General Services Administration by $50,000.", 
  "sponsor": {
    "bioguide_id": "S001191", 
    "district": "9", 
    "name": "Sinema, Kyrsten", 
    "state": "AZ", 
    "thomas_id": "02099", 
    "title": "Rep", 
    "type": "person"
  }, 
  "status": "pass", 
  "status_at": "2015-04-29T16:33:08-04:00", 
  "updated_at": "2016-08-01T13:27:21Z"
}