{
  "actions": [
    {
      "acted_at": "2015-06-09T21:51:41-04:00", 
      "action_code": "H32111", 
      "how": "by voice vote", 
      "references": [], 
      "result": "fail", 
      "text": "On agreeing to the Grothman amendment (A077) Failed by voice vote.", 
      "type": "vote", 
      "vote_type": "vote", 
      "where": "h"
    }, 
    {
      "acted_at": "2015-06-09T21:44:44-04:00", 
      "action_code": "H3A100", 
      "references": [
        {
          "reference": "CR H3986-3987", 
          "type": "consideration"
        }, 
        {
          "reference": "CR H3986", 
          "type": "text"
        }
      ], 
      "text": "Amendment (A077) offered by Mr. Grothman.", 
      "type": "action"
    }, 
    {
      "acted_at": "2015-06-09", 
      "action_code": "", 
      "references": [], 
      "text": "", 
      "type": "action"
    }, 
    {
      "acted_at": "2015-06-09", 
      "action_code": "71000", 
      "references": [], 
      "text": "House amendment offered", 
      "type": "action"
    }, 
    {
      "acted_at": "2015-06-09T21:44:44-04:00", 
      "action_code": "71500", 
      "references": [
        {
          "reference": "CR H3986-3987", 
          "type": "consideration"
        }, 
        {
          "reference": "CR H3986", 
          "type": "text"
        }
      ], 
      "text": "House amendment offered/reported by : Amendment (A077) offered by Mr. Grothman.", 
      "type": "action"
    }, 
    {
      "acted_at": "2015-06-09T21:51:41-04:00", 
      "action_code": "73000", 
      "references": [], 
      "text": "House amendment not agreed to: On agreeing to the Grothman amendment (A077) Failed by voice vote.", 
      "type": "action"
    }, 
    {
      "acted_at": "2015-06-09T21:51:41-04:00", 
      "action_code": "77000", 
      "references": [], 
      "text": "Amendment failed in Committee of the Whole", 
      "type": "action"
    }
  ], 
  "amendment_id": "hamdt437-114", 
  "amendment_type": "hamdt", 
  "amends_amendment": null, 
  "amends_bill": {
    "bill_id": "hr2577-114", 
    "bill_type": "hr", 
    "congress": 114, 
    "number": 2577
  }, 
  "amends_treaty": null, 
  "chamber": "h", 
  "congress": "114", 
  "description": "Amendment sought to reduce funding for housing programs by $300 million but would not affect programs for low-income housing assistance for the elderly or disabled.", 
  "introduced_at": "2015-06-09", 
  "number": 437, 
  "purpose": "An amendment to prohibit the use of funds for any family who is not an elderly family or a disabled family (as such terms are defined in section 3(b) of the United States Housing Act of 1937) and who was not receiving project-based rental assistance under section 8 of such Act as of Oct. 1, 2015, and the amount otherwise provided under such heading is reduced by $300,000,000.", 
  "sponsor": {
    "bioguide_id": "G000576", 
    "district": "6", 
    "name": "Grothman, Glenn", 
    "state": "WI", 
    "thomas_id": "02276", 
    "title": "Rep", 
    "type": "person"
  }, 
  "status": "fail", 
  "status_at": "2015-06-09T21:51:41-04:00", 
  "updated_at": "2016-08-26T08:52:19Z"
}