{
  "actions": [
    {
      "acted_at": "2015-05-20T18:36:26-04:00", 
      "action_code": "H32111", 
      "how": "roll", 
      "references": [], 
      "result": "fail", 
      "roll": 254, 
      "text": "On agreeing to the Lowenthal amendment (A008) Failed by recorded vote: 187 - 236 (Roll no. 254).", 
      "type": "vote", 
      "vote_type": "vote", 
      "where": "h"
    }, 
    {
      "acted_at": "2015-05-20T17:07:39-04:00", 
      "action_code": "H3A100", 
      "references": [
        {
          "reference": "CR H3454-3455, H3486-3487", 
          "type": "consideration"
        }, 
        {
          "reference": "CR H3454", 
          "type": "text"
        }
      ], 
      "text": "Amendment (A008) offered by Mr. Lowenthal.", 
      "type": "action"
    }, 
    {
      "acted_at": "2015-05-20", 
      "action_code": "", 
      "references": [], 
      "text": "", 
      "type": "action"
    }, 
    {
      "acted_at": "2015-05-20", 
      "action_code": "71000", 
      "references": [], 
      "text": "House amendment offered", 
      "type": "action"
    }, 
    {
      "acted_at": "2015-05-20T17:07:39-04:00", 
      "action_code": "71500", 
      "references": [
        {
          "reference": "CR H3454-3455, H3486-3487", 
          "type": "consideration"
        }, 
        {
          "reference": "CR H3454", 
          "type": "text"
        }
      ], 
      "text": "House amendment offered/reported by : Amendment (A008) offered by Mr. Lowenthal.", 
      "type": "action"
    }, 
    {
      "acted_at": "2015-05-20T18:36:26-04:00", 
      "action_code": "73000", 
      "references": [], 
      "text": "House amendment not agreed to: On agreeing to the Lowenthal amendment (A008) Failed by recorded vote: 187 - 236 (Roll no. 254).", 
      "type": "action"
    }, 
    {
      "acted_at": "2015-05-20T18:36:26-04:00", 
      "action_code": "75000", 
      "references": [], 
      "text": "Roll call votes on amendments in House", 
      "type": "action"
    }, 
    {
      "acted_at": "2015-05-20T18:36:26-04:00", 
      "action_code": "77000", 
      "references": [], 
      "text": "Amendment failed in Committee of the Whole", 
      "type": "action"
    }
  ], 
  "amendment_id": "hamdt250-114", 
  "amendment_type": "hamdt", 
  "amends_amendment": null, 
  "amends_bill": {
    "bill_id": "hr1806-114", 
    "bill_type": "hr", 
    "congress": 114, 
    "number": 1806
  }, 
  "amends_treaty": null, 
  "chamber": "h", 
  "congress": "114", 
  "description": "Amendment sought to eliminate additional DOE reporting requirements and restrictions on sound scientific processes to independently verify scientific results.", 
  "introduced_at": "2015-05-20", 
  "number": 250, 
  "purpose": "An amendment No. 8 printed in part A of House Report 114-120 to eliminate additional DOE reporting requirements and restrictions on sound scientific processes to independently verify scientific results.", 
  "sponsor": {
    "bioguide_id": "L000579", 
    "district": "47", 
    "name": "Lowenthal, Alan S.", 
    "state": "CA", 
    "thomas_id": "02111", 
    "title": "Rep", 
    "type": "person"
  }, 
  "status": "fail", 
  "status_at": "2015-05-20T18:36:26-04:00", 
  "updated_at": "2016-08-01T13:27:11Z"
}