{
  "actions": [
    {
      "acted_at": "2015-03-25T16:54:02-04:00", 
      "action_code": "H32111", 
      "how": "roll", 
      "references": [], 
      "result": "fail", 
      "roll": 139, 
      "text": "On agreeing to the Van Hollen amendment (A004) Failed by recorded vote: 160 - 264 (Roll no. 139).", 
      "type": "vote", 
      "vote_type": "vote", 
      "where": "h"
    }, 
    {
      "acted_at": "2015-03-25T15:21:40-04:00", 
      "action_code": "H3A100", 
      "references": [
        {
          "reference": "CR H1963-1980, H1982-1983", 
          "type": "consideration"
        }, 
        {
          "reference": "CR H1963-1975", 
          "type": "text"
        }
      ], 
      "text": "Amendment (A004) in the nature of a substitute offered by Mr. Van Hollen.", 
      "type": "action"
    }, 
    {
      "acted_at": "2015-03-25", 
      "action_code": "", 
      "references": [], 
      "text": "", 
      "type": "action"
    }, 
    {
      "acted_at": "2015-03-25", 
      "action_code": "71000", 
      "references": [], 
      "text": "House amendment offered", 
      "type": "action"
    }, 
    {
      "acted_at": "2015-03-25T15:21:40-04:00", 
      "action_code": "71500", 
      "references": [
        {
          "reference": "CR H1963-1980, H1982-1983", 
          "type": "consideration"
        }, 
        {
          "reference": "CR H1963-1975", 
          "type": "text"
        }
      ], 
      "text": "House amendment offered/reported by : Amendment (A004) in the nature of a substitute offered by Mr. Van Hollen.", 
      "type": "action"
    }, 
    {
      "acted_at": "2015-03-25T16:54:02-04:00", 
      "action_code": "73000", 
      "references": [], 
      "text": "House amendment not agreed to: On agreeing to the Van Hollen amendment (A004) Failed by recorded vote: 160 - 264 (Roll no. 139).", 
      "type": "action"
    }, 
    {
      "acted_at": "2015-03-25T16:54:02-04:00", 
      "action_code": "75000", 
      "references": [], 
      "text": "Roll call votes on amendments in House", 
      "type": "action"
    }, 
    {
      "acted_at": "2015-03-25T16:54:02-04:00", 
      "action_code": "77000", 
      "references": [], 
      "text": "Amendment failed in Committee of the Whole", 
      "type": "action"
    }
  ], 
  "amendment_id": "hamdt84-114", 
  "amendment_type": "hamdt", 
  "amends_amendment": null, 
  "amends_bill": {
    "bill_id": "hconres27-114", 
    "bill_type": "hconres", 
    "congress": 114, 
    "number": 27
  }, 
  "amends_treaty": null, 
  "chamber": "h", 
  "congress": "114", 
  "description": "Amendment in the nature of a substitute printed in House Report 114-49 and numbered 4 was offered as the Democrat substitute.", 
  "introduced_at": "2015-03-25", 
  "number": 84, 
  "purpose": "An amendment in the nature of a substitute numbered 3 printed in House Report 114-49 to provide for tax policies that help the middle class and those working their way into the middle class by raising the take-home pay of hard-working Americans, and rejects the sequester caps to make investments that create jobs for those still seeking work, educate children and prepare them for success.", 
  "sponsor": {
    "bioguide_id": "V000128", 
    "district": "8", 
    "name": "Van Hollen, Chris", 
    "state": "MD", 
    "thomas_id": "01729", 
    "title": "Rep", 
    "type": "person"
  }, 
  "status": "fail", 
  "status_at": "2015-03-25T16:54:02-04:00", 
  "updated_at": "2016-08-01T13:25:25Z"
}