{
  "actions": [
    {
      "acted_at": "2015-06-04T00:01:49-04:00", 
      "action_code": "H32111", 
      "how": "by voice vote", 
      "references": [], 
      "result": "pass", 
      "text": "On agreeing to the Grayson amendment (A035) Agreed to by voice vote.", 
      "type": "vote", 
      "vote_type": "vote", 
      "where": "h"
    }, 
    {
      "acted_at": "2015-06-04T00:01:31-04:00", 
      "action_code": "H3A100", 
      "references": [
        {
          "reference": "CR 6/3/2015 H3868", 
          "type": "consideration"
        }, 
        {
          "reference": "CR 6/3/2015 H3868", 
          "type": "text"
        }
      ], 
      "text": "Amendment (A035) offered by Mr. Grayson.", 
      "type": "action"
    }, 
    {
      "acted_at": "2015-06-04", 
      "action_code": "", 
      "references": [], 
      "text": "", 
      "type": "action"
    }, 
    {
      "acted_at": "2015-06-04", 
      "action_code": "71000", 
      "references": [], 
      "text": "House amendment offered", 
      "type": "action"
    }, 
    {
      "acted_at": "2015-06-04T00:01:31-04:00", 
      "action_code": "71500", 
      "references": [
        {
          "reference": "CR 6/3/2015 H3868", 
          "type": "consideration"
        }, 
        {
          "reference": "CR 6/3/2015 H3868", 
          "type": "text"
        }
      ], 
      "text": "House amendment offered/reported by : Amendment (A035) offered by Mr. Grayson.", 
      "type": "action"
    }, 
    {
      "acted_at": "2015-06-04T00:01:49-04:00", 
      "action_code": "72000", 
      "references": [], 
      "text": "House amendment agreed to: On agreeing to the Grayson amendment (A035) Agreed to by voice vote.", 
      "type": "action"
    }, 
    {
      "acted_at": "2015-06-04T00:01:49-04:00", 
      "action_code": "76000", 
      "references": [], 
      "text": "Amendment agreed to Committee of the Whole", 
      "type": "action"
    }
  ], 
  "amendment_id": "hamdt390-114", 
  "amendment_type": "hamdt", 
  "amends_amendment": null, 
  "amends_bill": {
    "bill_id": "hr2577-114", 
    "bill_type": "hr", 
    "congress": 114, 
    "number": 2577
  }, 
  "amends_treaty": null, 
  "chamber": "h", 
  "congress": "114", 
  "description": "Amendment increases funding for Housing for the Elderly by $2.5 million and reduces funding for Policy Development and Research by a similar amount.", 
  "introduced_at": "2015-06-04", 
  "number": 390, 
  "purpose": "An amendment to increase funding for Housing for the Elderly by $2,500,000 and reduce funding for Policy Development and Research by a similar amount.", 
  "sponsor": {
    "bioguide_id": "G000556", 
    "district": "9", 
    "name": "Grayson, Alan", 
    "state": "FL", 
    "thomas_id": "01914", 
    "title": "Rep", 
    "type": "person"
  }, 
  "status": "pass", 
  "status_at": "2015-06-04T00:01:49-04:00", 
  "updated_at": "2016-08-26T08:52:19Z"
}