{
  "actions": [
    {
      "acted_at": "2015-06-10T22:41:15-04:00", 
      "action_code": "H32111", 
      "how": "roll", 
      "references": [], 
      "result": "fail", 
      "roll": 342, 
      "text": "On agreeing to the Nolan amendment (A035) Failed by recorded vote: 56 - 375 (Roll no. 342).", 
      "type": "vote", 
      "vote_type": "vote", 
      "where": "h"
    }, 
    {
      "acted_at": "2015-06-10T21:00:05-04:00", 
      "action_code": "H3A100", 
      "references": [
        {
          "reference": "CR H4098-4100, H4111-4112", 
          "type": "consideration"
        }, 
        {
          "reference": "CR H4098", 
          "type": "text"
        }
      ], 
      "text": "Amendment (A035) offered by Mr. Nolan.", 
      "type": "action"
    }, 
    {
      "acted_at": "2015-06-10", 
      "action_code": "", 
      "references": [], 
      "text": "", 
      "type": "action"
    }, 
    {
      "acted_at": "2015-06-10", 
      "action_code": "71000", 
      "references": [], 
      "text": "House amendment offered", 
      "type": "action"
    }, 
    {
      "acted_at": "2015-06-10T21:00:05-04:00", 
      "action_code": "71500", 
      "references": [
        {
          "reference": "CR H4098-4100, H4111-4112", 
          "type": "consideration"
        }, 
        {
          "reference": "CR H4098", 
          "type": "text"
        }
      ], 
      "text": "House amendment offered/reported by : Amendment (A035) offered by Mr. Nolan.", 
      "type": "action"
    }, 
    {
      "acted_at": "2015-06-10T22:41:15-04:00", 
      "action_code": "73000", 
      "references": [], 
      "text": "House amendment not agreed to: On agreeing to the Nolan amendment (A035) Failed by recorded vote: 56 - 375 (Roll no. 342).", 
      "type": "action"
    }, 
    {
      "acted_at": "2015-06-10T22:41:15-04:00", 
      "action_code": "75000", 
      "references": [], 
      "text": "Roll call votes on amendments in House", 
      "type": "action"
    }, 
    {
      "acted_at": "2015-06-10T22:41:15-04:00", 
      "action_code": "77000", 
      "references": [], 
      "text": "Amendment failed in Committee of the Whole", 
      "type": "action"
    }
  ], 
  "amendment_id": "hamdt475-114", 
  "amendment_type": "hamdt", 
  "amends_amendment": null, 
  "amends_bill": {
    "bill_id": "hr2685-114", 
    "bill_type": "hr", 
    "congress": 114, 
    "number": 2685
  }, 
  "amends_treaty": null, 
  "chamber": "h", 
  "congress": "114", 
  "description": "Amendment sought to eliminate funding for the Iraq Train and Equip program and apply the savings of $715 million to the spending reduction account.", 
  "introduced_at": "2015-06-10", 
  "number": 475, 
  "purpose": "An amendment to reduce all funds for the Iraq Train and Equip program, and apply the savings to the spending reduction account.", 
  "sponsor": {
    "bioguide_id": "N000127", 
    "district": "8", 
    "name": "Nolan, Richard M.", 
    "state": "MN", 
    "thomas_id": "00867", 
    "title": "Rep", 
    "type": "person"
  }, 
  "status": "fail", 
  "status_at": "2015-06-10T22:41:15-04:00", 
  "updated_at": "2016-08-01T13:27:47Z"
}