{
  "actions": [
    {
      "acted_at": "2015-06-11T14:25:22-04:00", 
      "action_code": "H32111", 
      "how": "roll", 
      "references": [
        {
          "reference": "CR H4223", 
          "type": "consideration"
        }
      ], 
      "result": "fail", 
      "roll": 353, 
      "text": "On agreeing to the Johnson (GA) amendment (A053) Failed by recorded vote: 166 - 262 (Roll no. 353).", 
      "type": "vote", 
      "vote_type": "vote", 
      "where": "h"
    }, 
    {
      "acted_at": "2015-06-11T00:22:07-04:00", 
      "action_code": "H3A100", 
      "references": [
        {
          "reference": "CR 06/10/2015 H4123-4124", 
          "type": "consideration"
        }, 
        {
          "reference": "CR 06/10/2015 H4123", 
          "type": "text"
        }
      ], 
      "text": "Amendment (A053) offered by Mr. Johnson (GA).", 
      "type": "action"
    }, 
    {
      "acted_at": "2015-06-11", 
      "action_code": "", 
      "references": [], 
      "text": "", 
      "type": "action"
    }, 
    {
      "acted_at": "2015-06-11", 
      "action_code": "71000", 
      "references": [], 
      "text": "House amendment offered", 
      "type": "action"
    }, 
    {
      "acted_at": "2015-06-11T00:22:07-04:00", 
      "action_code": "71500", 
      "references": [
        {
          "reference": "CR 06/10/2015 H4123-4124", 
          "type": "consideration"
        }, 
        {
          "reference": "CR 06/10/2015 H4123", 
          "type": "text"
        }
      ], 
      "text": "House amendment offered/reported by : Amendment (A053) offered by Mr. Johnson (GA).", 
      "type": "action"
    }, 
    {
      "acted_at": "2015-06-11T14:25:22-04:00", 
      "action_code": "73000", 
      "references": [
        {
          "reference": "CR H4223", 
          "type": "consideration"
        }
      ], 
      "text": "House amendment not agreed to: On agreeing to the Johnson (GA) amendment (A053) Failed by recorded vote: 166 - 262 (Roll no. 353).", 
      "type": "action"
    }, 
    {
      "acted_at": "2015-06-11T14:25:22-04:00", 
      "action_code": "75000", 
      "references": [], 
      "text": "Roll call votes on amendments in House", 
      "type": "action"
    }, 
    {
      "acted_at": "2015-06-11T14:25:22-04:00", 
      "action_code": "77000", 
      "references": [], 
      "text": "Amendment failed in Committee of the Whole", 
      "type": "action"
    }
  ], 
  "amendment_id": "hamdt493-114", 
  "amendment_type": "hamdt", 
  "amends_amendment": null, 
  "amends_bill": {
    "bill_id": "hr2685-114", 
    "bill_type": "hr", 
    "congress": 114, 
    "number": 2685
  }, 
  "amends_treaty": null, 
  "chamber": "h", 
  "congress": "114", 
  "description": "At the end of the bill (before the short title) insert the following:    SEC.___. None of the funds appropriated or otherwise made available in this Act may be used to transfer a mine-resistant ambush protected vehicle under section 2576a of title 10, United States Code.", 
  "introduced_at": "2015-06-11", 
  "number": 493, 
  "purpose": "An amendment to prohibit use of funds to transfer mine-resistant ambush protected vehicles.", 
  "sponsor": {
    "bioguide_id": "J000288", 
    "district": "4", 
    "name": "Johnson, Henry C. \"Hank,\" Jr.", 
    "state": "GA", 
    "thomas_id": "01843", 
    "title": "Rep", 
    "type": "person"
  }, 
  "status": "fail", 
  "status_at": "2015-06-11T14:25:22-04:00", 
  "updated_at": "2016-08-01T13:27:47Z"
}