{
  "actions": [
    {
      "acted_at": "2015-07-08T17:58:52-04:00", 
      "action_code": "H32111", 
      "how": "roll", 
      "references": [
        {
          "reference": "CR H4928", 
          "type": "consideration"
        }
      ], 
      "result": "fail", 
      "roll": 415, 
      "text": "On agreeing to the Brownley (CA) amendment (A039) Failed by recorded vote: 191 - 239 (Roll no. 415).", 
      "type": "vote", 
      "vote_type": "vote", 
      "where": "h"
    }, 
    {
      "acted_at": "2015-02-26T22:11:20-05:00", 
      "action_code": "H3A100", 
      "references": [
        {
          "reference": "CR H1293-1295", 
          "type": "consideration"
        }, 
        {
          "reference": "CR H1293-1294", 
          "type": "text"
        }
      ], 
      "text": "Amendment (A039) offered by Ms. Brownley (CA).", 
      "type": "action"
    }, 
    {
      "acted_at": "2015-02-26", 
      "action_code": "", 
      "references": [], 
      "text": "", 
      "type": "action"
    }, 
    {
      "acted_at": "2015-02-26", 
      "action_code": "71000", 
      "references": [], 
      "text": "House amendment offered", 
      "type": "action"
    }, 
    {
      "acted_at": "2015-02-26T22:11:20-05:00", 
      "action_code": "71500", 
      "references": [
        {
          "reference": "CR H1293-1295", 
          "type": "consideration"
        }, 
        {
          "reference": "CR H1293-1294", 
          "type": "text"
        }
      ], 
      "text": "House amendment offered/reported by : Amendment (A039) offered by Ms. Brownley (CA).", 
      "type": "action"
    }, 
    {
      "acted_at": "2015-07-08T17:58:52-04:00", 
      "action_code": "73000", 
      "references": [
        {
          "reference": "CR H4928", 
          "type": "consideration"
        }
      ], 
      "text": "House amendment not agreed to: On agreeing to the Brownley (CA) amendment (A039) Failed by recorded vote: 191 - 239 (Roll no. 415).", 
      "type": "action"
    }, 
    {
      "acted_at": "2015-07-08T17:58:52-04:00", 
      "action_code": "75000", 
      "references": [], 
      "text": "Roll call votes on amendments in House", 
      "type": "action"
    }, 
    {
      "acted_at": "2015-07-08T17:58:52-04:00", 
      "action_code": "77000", 
      "references": [], 
      "text": "Amendment failed in Committee of the Whole", 
      "type": "action"
    }
  ], 
  "amendment_id": "hamdt62-114", 
  "amendment_type": "hamdt", 
  "amends_amendment": null, 
  "amends_bill": {
    "bill_id": "hr5-114", 
    "bill_type": "hr", 
    "congress": 114, 
    "number": 5
  }, 
  "amends_treaty": null, 
  "chamber": "h", 
  "congress": "114", 
  "description": "Amendment sought to create a grant program for States to create or expand biliteracy seal programs to recognize student proficiency in speaking, reading, and writing in both English and a second language for graduating high school seniors.", 
  "introduced_at": "2015-02-26", 
  "number": 62, 
  "purpose": "An amendment No. 39 printed in part B of House Report 114-29 to create a grant program for states to create or expand biliteracy seal programs to recognize student proficiency in speaking, reading, and writing in both English and a second language for graduating high school seniors.", 
  "sponsor": {
    "bioguide_id": "B001285", 
    "district": "26", 
    "name": "Brownley, Julia", 
    "state": "CA", 
    "thomas_id": "02106", 
    "title": "Rep", 
    "type": "person"
  }, 
  "status": "fail", 
  "status_at": "2015-07-08T17:58:52-04:00", 
  "updated_at": "2016-08-01T13:26:00Z"
}