{
  "actions": [
    {
      "acted_at": "2015-06-09T21:43:48-04:00", 
      "action_code": "H32111", 
      "how": "by voice vote", 
      "references": [], 
      "result": "pass", 
      "text": "On agreeing to the Mullin amendment (A076) Agreed to by voice vote.", 
      "type": "vote", 
      "vote_type": "vote", 
      "where": "h"
    }, 
    {
      "acted_at": "2015-06-09T21:38:26-04:00", 
      "action_code": "H3A100", 
      "references": [
        {
          "reference": "CR H3986", 
          "type": "consideration"
        }, 
        {
          "reference": "CR H3986", 
          "type": "text"
        }
      ], 
      "text": "Amendment (A076) offered by Mr. Mullin.", 
      "type": "action"
    }, 
    {
      "acted_at": "2015-06-09", 
      "action_code": "", 
      "references": [], 
      "text": "", 
      "type": "action"
    }, 
    {
      "acted_at": "2015-06-09", 
      "action_code": "71000", 
      "references": [], 
      "text": "House amendment offered", 
      "type": "action"
    }, 
    {
      "acted_at": "2015-06-09T21:38:26-04:00", 
      "action_code": "71500", 
      "references": [
        {
          "reference": "CR H3986", 
          "type": "consideration"
        }, 
        {
          "reference": "CR H3986", 
          "type": "text"
        }
      ], 
      "text": "House amendment offered/reported by : Amendment (A076) offered by Mr. Mullin.", 
      "type": "action"
    }, 
    {
      "acted_at": "2015-06-09T21:43:48-04:00", 
      "action_code": "72000", 
      "references": [], 
      "text": "House amendment agreed to: On agreeing to the Mullin amendment (A076) Agreed to by voice vote.", 
      "type": "action"
    }, 
    {
      "acted_at": "2015-06-09T21:43:48-04:00", 
      "action_code": "76000", 
      "references": [], 
      "text": "Amendment agreed to Committee of the Whole", 
      "type": "action"
    }
  ], 
  "amendment_id": "hamdt436-114", 
  "amendment_type": "hamdt", 
  "amends_amendment": null, 
  "amends_bill": {
    "bill_id": "hr2577-114", 
    "bill_type": "hr", 
    "congress": 114, 
    "number": 2577
  }, 
  "amends_treaty": null, 
  "chamber": "h", 
  "congress": "114", 
  "description": "Amendment allows churches and civic organizations to display signs that are larger than 8 square feet.", 
  "introduced_at": "2015-06-09", 
  "number": 436, 
  "purpose": "An amendment to prohibit the use of funds to enforce subpart B of part 750 of title 23, Code of Federal Regulations, regarding signs for service clubs and religious notices as defined in section 153(p) of such part.", 
  "sponsor": {
    "bioguide_id": "M001190", 
    "district": "2", 
    "name": "Mullin, Markwayne", 
    "state": "OK", 
    "thomas_id": "02156", 
    "title": "Rep", 
    "type": "person"
  }, 
  "status": "pass", 
  "status_at": "2015-06-09T21:43:48-04:00", 
  "updated_at": "2016-08-26T08:52:19Z"
}