{
  "actions": [
    {
      "acted_at": "2015-05-01T00:54:45-04:00", 
      "action_code": "H32111", 
      "how": "by voice vote", 
      "references": [], 
      "result": "fail", 
      "text": "On agreeing to the Castro (TX) amendment (A054) Failed by voice vote.", 
      "type": "vote", 
      "vote_type": "vote", 
      "where": "h"
    }, 
    {
      "acted_at": "2015-05-01T00:46:17-04:00", 
      "action_code": "H3A100", 
      "references": [
        {
          "reference": "CR 04/30/2015 H2757-2758", 
          "type": "consideration"
        }, 
        {
          "reference": "CR 04/30/2015 H2758", 
          "type": "text"
        }
      ], 
      "text": "Amendment (A054) offered by Mr. Castro (TX).", 
      "type": "action"
    }, 
    {
      "acted_at": "2015-05-01", 
      "action_code": "", 
      "references": [], 
      "text": "", 
      "type": "action"
    }, 
    {
      "acted_at": "2015-05-01", 
      "action_code": "71000", 
      "references": [], 
      "text": "House amendment offered", 
      "type": "action"
    }, 
    {
      "acted_at": "2015-05-01T00:46:17-04:00", 
      "action_code": "71500", 
      "references": [
        {
          "reference": "CR 04/30/2015 H2757-2758", 
          "type": "consideration"
        }, 
        {
          "reference": "CR 04/30/2015 H2758", 
          "type": "text"
        }
      ], 
      "text": "House amendment offered/reported by : Amendment (A054) offered by Mr. Castro (TX).", 
      "type": "action"
    }, 
    {
      "acted_at": "2015-05-01T00:54:45-04:00", 
      "action_code": "73000", 
      "references": [], 
      "text": "House amendment not agreed to: On agreeing to the Castro (TX) amendment (A054) Failed by voice vote.", 
      "type": "action"
    }, 
    {
      "acted_at": "2015-05-01T00:54:45-04:00", 
      "action_code": "77000", 
      "references": [], 
      "text": "Amendment failed in Committee of the Whole", 
      "type": "action"
    }
  ], 
  "amendment_id": "hamdt204-114", 
  "amendment_type": "hamdt", 
  "amends_amendment": null, 
  "amends_bill": {
    "bill_id": "hr2028-114", 
    "bill_type": "hr", 
    "congress": 114, 
    "number": 2028
  }, 
  "amends_treaty": null, 
  "chamber": "h", 
  "congress": "114", 
  "description": "At the end of the bill (before the short title), insert the following:    SEC.___.(a) For an additional amount for \"Corps of Engineers-Civil--Construction\" for additional funding for ongoing work on authorized projects (except for Flood and Storm Damage Reduction, Navigation, and Environmental Infrastructure projects) there is appropriated, and the amount otherwise made available for such account is hereby reduced by, $10,000,000.    (b) None of the funds made available by this Act for \"Corps of Engineers-Civil--Construction\" in excess of $276,117,000 may be used for additional funding for ongoing work on Flood and Storm Damage Reduction projects.", 
  "introduced_at": "2015-05-01", 
  "number": 204, 
  "purpose": "An amendment to prohibit use of funds in excess of $276,117,000 for additional funding for ongoing work on Flood and Storm Damage Reduction projects.", 
  "sponsor": {
    "bioguide_id": "C001091", 
    "district": "20", 
    "name": "Castro, Joaquin", 
    "state": "TX", 
    "thomas_id": "02163", 
    "title": "Rep", 
    "type": "person"
  }, 
  "status": "fail", 
  "status_at": "2015-05-01T00:54:45-04:00", 
  "updated_at": "2016-08-01T13:27:19Z"
}