{
  "actions": [
    {
      "acted_at": "2015-06-03T18:29:56-04:00", 
      "action_code": "H32111", 
      "how": "roll", 
      "references": [], 
      "result": "pass", 
      "roll": 291, 
      "text": "On agreeing to the Flores amendment (A078) Agreed to by recorded vote: 236 - 190 (Roll no. 291).", 
      "type": "vote", 
      "vote_type": "vote", 
      "where": "h"
    }, 
    {
      "acted_at": "2015-06-03T15:46:26-04:00", 
      "action_code": "H3A100", 
      "references": [
        {
          "reference": "CR H3796-3797, H3811-3812", 
          "type": "consideration"
        }, 
        {
          "reference": "CR H3796", 
          "type": "text"
        }
      ], 
      "text": "Amendment (A078) offered by Mr. Flores.", 
      "type": "action"
    }, 
    {
      "acted_at": "2015-06-03", 
      "action_code": "", 
      "references": [], 
      "text": "", 
      "type": "action"
    }, 
    {
      "acted_at": "2015-06-03", 
      "action_code": "71000", 
      "references": [], 
      "text": "House amendment offered", 
      "type": "action"
    }, 
    {
      "acted_at": "2015-06-03T15:46:26-04:00", 
      "action_code": "71500", 
      "references": [
        {
          "reference": "CR H3796-3797, H3811-3812", 
          "type": "consideration"
        }, 
        {
          "reference": "CR H3796", 
          "type": "text"
        }
      ], 
      "text": "House amendment offered/reported by : Amendment (A078) offered by Mr. Flores.", 
      "type": "action"
    }, 
    {
      "acted_at": "2015-06-03T18:29:56-04:00", 
      "action_code": "72000", 
      "references": [], 
      "text": "House amendment agreed to: On agreeing to the Flores amendment (A078) Agreed to by recorded vote: 236 - 190 (Roll no. 291).", 
      "type": "action"
    }, 
    {
      "acted_at": "2015-06-03T18:29:56-04:00", 
      "action_code": "75000", 
      "references": [], 
      "text": "Roll call votes on amendments in House", 
      "type": "action"
    }, 
    {
      "acted_at": "2015-06-03T18:29:56-04:00", 
      "action_code": "76000", 
      "references": [], 
      "text": "Amendment agreed to Committee of the Whole", 
      "type": "action"
    }
  ], 
  "amendment_id": "hamdt346-114", 
  "amendment_type": "hamdt", 
  "amends_amendment": null, 
  "amends_bill": {
    "bill_id": "hr2578-114", 
    "bill_type": "hr", 
    "congress": 114, 
    "number": 2578
  }, 
  "amends_treaty": null, 
  "chamber": "h", 
  "congress": "114", 
  "description": "Amendment prohibits the use of funds to implement Executive Order 13547 (75 Fed. Reg. 43023, relating to the stewardship of oceans, coasts, and the Great Lakes), including the National Ocean Policy developed under such Executive Order.", 
  "introduced_at": "2015-06-03", 
  "number": 346, 
  "purpose": "An amendment to prohibit the use of funds to implement Executive Order 13547 (75 Fed. Reg. 43023, relating to the stewardship of oceans, coasts, and the Great Lakes), including the National Ocean Policy developed under such Executive Order.", 
  "sponsor": {
    "bioguide_id": "F000461", 
    "district": "17", 
    "name": "Flores, Bill", 
    "state": "TX", 
    "thomas_id": "02065", 
    "title": "Rep", 
    "type": "person"
  }, 
  "status": "pass", 
  "status_at": "2015-06-03T18:29:56-04:00", 
  "updated_at": "2016-08-01T13:27:41Z"
}