{
  "actions": [
    {
      "acted_at": "2015-06-03T18:33:08-04:00", 
      "action_code": "H32111", 
      "how": "roll", 
      "references": [], 
      "result": "fail", 
      "roll": 292, 
      "text": "On agreeing to the Sanford amendment (A081) Failed by recorded vote: 134 - 290 (Roll no. 292).", 
      "type": "vote", 
      "vote_type": "vote", 
      "where": "h"
    }, 
    {
      "acted_at": "2015-06-03T16:13:45-04:00", 
      "action_code": "H3A100", 
      "references": [
        {
          "reference": "CR H3799-3801, H3812", 
          "type": "consideration"
        }, 
        {
          "reference": "CR H3799", 
          "type": "text"
        }
      ], 
      "text": "Amendment (A081) offered by Mr. Sanford.", 
      "type": "action"
    }, 
    {
      "acted_at": "2015-06-03", 
      "action_code": "", 
      "references": [], 
      "text": "", 
      "type": "action"
    }, 
    {
      "acted_at": "2015-06-03", 
      "action_code": "71000", 
      "references": [], 
      "text": "House amendment offered", 
      "type": "action"
    }, 
    {
      "acted_at": "2015-06-03T16:13:45-04:00", 
      "action_code": "71500", 
      "references": [
        {
          "reference": "CR H3799-3801, H3812", 
          "type": "consideration"
        }, 
        {
          "reference": "CR H3799", 
          "type": "text"
        }
      ], 
      "text": "House amendment offered/reported by : Amendment (A081) offered by Mr. Sanford.", 
      "type": "action"
    }, 
    {
      "acted_at": "2015-06-03T18:33:08-04:00", 
      "action_code": "73000", 
      "references": [], 
      "text": "House amendment not agreed to: On agreeing to the Sanford amendment (A081) Failed by recorded vote: 134 - 290 (Roll no. 292).", 
      "type": "action"
    }, 
    {
      "acted_at": "2015-06-03T18:33:08-04:00", 
      "action_code": "75000", 
      "references": [], 
      "text": "Roll call votes on amendments in House", 
      "type": "action"
    }, 
    {
      "acted_at": "2015-06-03T18:33:08-04:00", 
      "action_code": "77000", 
      "references": [], 
      "text": "Amendment failed in Committee of the Whole", 
      "type": "action"
    }
  ], 
  "amendment_id": "hamdt349-114", 
  "amendment_type": "hamdt", 
  "amends_amendment": null, 
  "amends_bill": {
    "bill_id": "hr2578-114", 
    "bill_type": "hr", 
    "congress": 114, 
    "number": 2578
  }, 
  "amends_treaty": null, 
  "chamber": "h", 
  "congress": "114", 
  "description": "At the end of the bill, before the short title, insert the following:    SEC.___. Each amount made available by this Act (other than an amount required to be made available by a provision of law) is hereby reduced by 2.48 percent.", 
  "introduced_at": "2015-06-03", 
  "number": 349, 
  "purpose": "An amendment to reduce funding in the bill by 2.48 percent across-the-board.", 
  "sponsor": {
    "bioguide_id": "S000051", 
    "district": "1", 
    "name": "Sanford, Mark", 
    "state": "SC", 
    "thomas_id": "01012", 
    "title": "Rep", 
    "type": "person"
  }, 
  "status": "fail", 
  "status_at": "2015-06-03T18:33:08-04:00", 
  "updated_at": "2016-08-01T13:27:41Z"
}