{
  "actions": [
    {
      "acted_at": "2015-06-10T16:54:10-04:00", 
      "action_code": "H32140", 
      "references": [
        {
          "reference": "CR H4058", 
          "type": "consideration"
        }
      ], 
      "text": "By unanimous consent, the Jackson Lee amendment was withdrawn.", 
      "type": "action"
    }, 
    {
      "acted_at": "2015-06-10T16:49:32-04:00", 
      "action_code": "H3A100", 
      "references": [
        {
          "reference": "CR H4057-4058", 
          "type": "consideration"
        }, 
        {
          "reference": "CR H4057", 
          "type": "text"
        }
      ], 
      "text": "Amendment (A001) offered by Ms. Jackson Lee.", 
      "type": "action"
    }, 
    {
      "acted_at": "2015-06-10", 
      "action_code": "", 
      "references": [], 
      "text": "", 
      "type": "action"
    }, 
    {
      "acted_at": "2015-06-10", 
      "action_code": "71000", 
      "references": [], 
      "text": "House amendment offered", 
      "type": "action"
    }, 
    {
      "acted_at": "2015-06-10T16:49:32-04:00", 
      "action_code": "71500", 
      "references": [
        {
          "reference": "CR H4057-4058", 
          "type": "consideration"
        }, 
        {
          "reference": "CR H4057", 
          "type": "text"
        }
      ], 
      "text": "House amendment offered/reported by : Amendment (A001) offered by Ms. Jackson Lee.", 
      "type": "action"
    }
  ], 
  "amendment_id": "hamdt441-114", 
  "amendment_type": "hamdt", 
  "amends_amendment": null, 
  "amends_bill": {
    "bill_id": "hr2685-114", 
    "bill_type": "hr", 
    "congress": 114, 
    "number": 2685
  }, 
  "amends_treaty": null, 
  "chamber": "h", 
  "congress": "114", 
  "description": null, 
  "introduced_at": "2015-06-10", 
  "number": 441, 
  "purpose": "An amendment to increase funding for Military Personnel, Navy by 2 million and reduce funding for Procurement, Defense-Wide by a similar amount.", 
  "sponsor": {
    "bioguide_id": "J000032", 
    "district": "18", 
    "name": "Jackson Lee, Sheila", 
    "state": "TX", 
    "thomas_id": "00588", 
    "title": "Rep", 
    "type": "person"
  }, 
  "status": "offered", 
  "status_at": "2015-06-10", 
  "updated_at": "2016-08-01T13:27:47Z"
}