{
  "actions": [
    {
      "acted_at": "2015-06-03T18:13:56-04:00", 
      "action_code": "H32111", 
      "how": "roll", 
      "references": [], 
      "result": "pass", 
      "roll": 288, 
      "text": "On agreeing to the Massie amendment (A072) Agreed to by recorded vote: 289 - 132 (Roll no. 288).", 
      "type": "vote", 
      "vote_type": "vote", 
      "where": "h"
    }, 
    {
      "acted_at": "2015-06-03T14:44:03-04:00", 
      "action_code": "H3A100", 
      "references": [
        {
          "reference": "CR H3790-3791, H3809-3810", 
          "type": "consideration"
        }, 
        {
          "reference": "CR H3790", 
          "type": "text"
        }
      ], 
      "text": "Amendment (A072) offered by Mr. Massie.", 
      "type": "action"
    }, 
    {
      "acted_at": "2015-06-03", 
      "action_code": "", 
      "references": [], 
      "text": "", 
      "type": "action"
    }, 
    {
      "acted_at": "2015-06-03", 
      "action_code": "71000", 
      "references": [], 
      "text": "House amendment offered", 
      "type": "action"
    }, 
    {
      "acted_at": "2015-06-03T14:44:03-04:00", 
      "action_code": "71500", 
      "references": [
        {
          "reference": "CR H3790-3791, H3809-3810", 
          "type": "consideration"
        }, 
        {
          "reference": "CR H3790", 
          "type": "text"
        }
      ], 
      "text": "House amendment offered/reported by : Amendment (A072) offered by Mr. Massie.", 
      "type": "action"
    }, 
    {
      "acted_at": "2015-06-03T18:13:56-04:00", 
      "action_code": "72000", 
      "references": [], 
      "text": "House amendment agreed to: On agreeing to the Massie amendment (A072) Agreed to by recorded vote: 289 - 132 (Roll no. 288).", 
      "type": "action"
    }, 
    {
      "acted_at": "2015-06-03T18:13:56-04:00", 
      "action_code": "75000", 
      "references": [], 
      "text": "Roll call votes on amendments in House", 
      "type": "action"
    }, 
    {
      "acted_at": "2015-06-03T18:13:56-04:00", 
      "action_code": "76000", 
      "references": [], 
      "text": "Amendment agreed to Committee of the Whole", 
      "type": "action"
    }
  ], 
  "amendment_id": "hamdt340-114", 
  "amendment_type": "hamdt", 
  "amends_amendment": null, 
  "amends_bill": {
    "bill_id": "hr2578-114", 
    "bill_type": "hr", 
    "congress": 114, 
    "number": 2578
  }, 
  "amends_treaty": null, 
  "chamber": "h", 
  "congress": "114", 
  "description": "Amendment prohibits use of funds in contravention of Federal law with respect to cultivation and use of industrial hemp.", 
  "introduced_at": "2015-06-03", 
  "number": 340, 
  "purpose": "An amendment to prohibit the use of funds to be used in contravention of section 7606 (\"Legitimacy of Industrial Hemp Research\") of the Agricultural Act of 2014 by the Department of Justice or the Drug Enforcement Administration.", 
  "sponsor": {
    "bioguide_id": "M001184", 
    "district": "4", 
    "name": "Massie, Thomas", 
    "state": "KY", 
    "thomas_id": "02094", 
    "title": "Rep", 
    "type": "person"
  }, 
  "status": "pass", 
  "status_at": "2015-06-03T18:13:56-04:00", 
  "updated_at": "2016-08-01T13:27:41Z"
}