{
  "actions": [
    {
      "acted_at": "2015-06-02T18:57:27-04:00", 
      "action_code": "H32111", 
      "how": "roll", 
      "references": [], 
      "result": "pass", 
      "roll": 273, 
      "text": "On agreeing to the Gosar amendment (A025) Agreed to by recorded vote: 228 - 198 (Roll no. 273).", 
      "type": "vote", 
      "vote_type": "vote", 
      "where": "h"
    }, 
    {
      "acted_at": "2015-06-02T18:07:22-04:00", 
      "action_code": "H3A100", 
      "references": [
        {
          "reference": "CR H3696-3697, H3699-3700", 
          "type": "consideration"
        }, 
        {
          "reference": "CR H3696", 
          "type": "text"
        }
      ], 
      "text": "Amendment (A025) offered by Mr. Gosar.", 
      "type": "action"
    }, 
    {
      "acted_at": "2015-06-02", 
      "action_code": "", 
      "references": [], 
      "text": "", 
      "type": "action"
    }, 
    {
      "acted_at": "2015-06-02", 
      "action_code": "71000", 
      "references": [], 
      "text": "House amendment offered", 
      "type": "action"
    }, 
    {
      "acted_at": "2015-06-02T18:07:22-04:00", 
      "action_code": "71500", 
      "references": [
        {
          "reference": "CR H3696-3697, H3699-3700", 
          "type": "consideration"
        }, 
        {
          "reference": "CR H3696", 
          "type": "text"
        }
      ], 
      "text": "House amendment offered/reported by : Amendment (A025) offered by Mr. Gosar.", 
      "type": "action"
    }, 
    {
      "acted_at": "2015-06-02T18:57:27-04:00", 
      "action_code": "72000", 
      "references": [], 
      "text": "House amendment agreed to: On agreeing to the Gosar amendment (A025) Agreed to by recorded vote: 228 - 198 (Roll no. 273).", 
      "type": "action"
    }, 
    {
      "acted_at": "2015-06-02T18:57:27-04:00", 
      "action_code": "75000", 
      "references": [], 
      "text": "Roll call votes on amendments in House", 
      "type": "action"
    }, 
    {
      "acted_at": "2015-06-02T18:57:27-04:00", 
      "action_code": "76000", 
      "references": [], 
      "text": "Amendment agreed to Committee of the Whole", 
      "type": "action"
    }
  ], 
  "amendment_id": "hamdt293-114", 
  "amendment_type": "hamdt", 
  "amends_amendment": null, 
  "amends_bill": {
    "bill_id": "hr2578-114", 
    "bill_type": "hr", 
    "congress": 114, 
    "number": 2578
  }, 
  "amends_treaty": null, 
  "chamber": "h", 
  "congress": "114", 
  "description": "Amendment reduces funding for salaries, expenses, and general legal activities of the DOJ by $1 million and applies the savings to the spending reduction account.", 
  "introduced_at": "2015-06-02", 
  "number": 293, 
  "purpose": "An amendment to reduce funding for Legal activities of the U.S. Parole Commission by $1 million and apply the savings to the spending reduction account.", 
  "sponsor": {
    "bioguide_id": "G000565", 
    "district": "4", 
    "name": "Gosar, Paul A.", 
    "state": "AZ", 
    "thomas_id": "01992", 
    "title": "Rep", 
    "type": "person"
  }, 
  "status": "pass", 
  "status_at": "2015-06-02T18:57:27-04:00", 
  "updated_at": "2016-08-01T13:27:41Z"
}