{
  "actions": [
    {
      "acted_at": "2015-06-03T23:53:18-04:00", 
      "action_code": "H32111", 
      "how": "by voice vote", 
      "references": [], 
      "result": "pass", 
      "text": "On agreeing to the Nadler amendment (A033) Agreed to by voice vote.", 
      "type": "vote", 
      "vote_type": "vote", 
      "where": "h"
    }, 
    {
      "acted_at": "2015-06-03T23:45:13-04:00", 
      "action_code": "H3A100", 
      "references": [
        {
          "reference": "CR H3865-3866", 
          "type": "consideration"
        }, 
        {
          "reference": "CR H3865", 
          "type": "text"
        }
      ], 
      "text": "Amendment (A033) offered by Mr. Nadler.", 
      "type": "action"
    }, 
    {
      "acted_at": "2015-06-03", 
      "action_code": "", 
      "references": [], 
      "text": "", 
      "type": "action"
    }, 
    {
      "acted_at": "2015-06-03", 
      "action_code": "71000", 
      "references": [], 
      "text": "House amendment offered", 
      "type": "action"
    }, 
    {
      "acted_at": "2015-06-03T23:45:13-04:00", 
      "action_code": "71500", 
      "references": [
        {
          "reference": "CR H3865-3866", 
          "type": "consideration"
        }, 
        {
          "reference": "CR H3865", 
          "type": "text"
        }
      ], 
      "text": "House amendment offered/reported by : Amendment (A033) offered by Mr. Nadler.", 
      "type": "action"
    }, 
    {
      "acted_at": "2015-06-03T23:53:18-04:00", 
      "action_code": "72000", 
      "references": [], 
      "text": "House amendment agreed to: On agreeing to the Nadler amendment (A033) Agreed to by voice vote.", 
      "type": "action"
    }, 
    {
      "acted_at": "2015-06-03T23:53:18-04:00", 
      "action_code": "76000", 
      "references": [], 
      "text": "Amendment agreed to Committee of the Whole", 
      "type": "action"
    }
  ], 
  "amendment_id": "hamdt388-114", 
  "amendment_type": "hamdt", 
  "amends_amendment": null, 
  "amends_bill": {
    "bill_id": "hr2577-114", 
    "bill_type": "hr", 
    "congress": 114, 
    "number": 2577
  }, 
  "amends_treaty": null, 
  "chamber": "h", 
  "congress": "114", 
  "description": "Amendment increases funding for HOPWA by $3 million bringing it back to the FY 10 funding level of $335 million.", 
  "introduced_at": "2015-06-03", 
  "number": 388, 
  "purpose": "An amendment to increase funding for the Community Planning and Development by $3 million and reduce funding for Information Technology Fund by a similar amount.", 
  "sponsor": {
    "bioguide_id": "N000002", 
    "district": "10", 
    "name": "Nadler, Jerrold", 
    "state": "NY", 
    "thomas_id": "00850", 
    "title": "Rep", 
    "type": "person"
  }, 
  "status": "pass", 
  "status_at": "2015-06-03T23:53:18-04:00", 
  "updated_at": "2016-08-26T08:52:19Z"
}