{
  "actions": [
    {
      "acted_at": "2015-05-14T20:11:43-04:00", 
      "action_code": "H32111", 
      "how": "by voice vote", 
      "references": [], 
      "result": "pass", 
      "text": "On agreeing to the Lummis amendment (A013) Agreed to by voice vote.", 
      "type": "vote", 
      "vote_type": "vote", 
      "where": "h"
    }, 
    {
      "acted_at": "2015-05-14T20:01:17-04:00", 
      "action_code": "H3A100", 
      "references": [
        {
          "reference": "CR H3185-3187", 
          "type": "consideration"
        }, 
        {
          "reference": "CR H3185-3186", 
          "type": "text"
        }
      ], 
      "text": "Amendment (A013) offered by Mrs. Lummis.", 
      "type": "action"
    }, 
    {
      "acted_at": "2015-05-14", 
      "action_code": "", 
      "references": [], 
      "text": "", 
      "type": "action"
    }, 
    {
      "acted_at": "2015-05-14", 
      "action_code": "71000", 
      "references": [], 
      "text": "House amendment offered", 
      "type": "action"
    }, 
    {
      "acted_at": "2015-05-14T20:01:17-04:00", 
      "action_code": "71500", 
      "references": [
        {
          "reference": "CR H3185-3187", 
          "type": "consideration"
        }, 
        {
          "reference": "CR H3185-3186", 
          "type": "text"
        }
      ], 
      "text": "House amendment offered/reported by : Amendment (A013) offered by Mrs. Lummis.", 
      "type": "action"
    }, 
    {
      "acted_at": "2015-05-14T20:11:43-04:00", 
      "action_code": "72000", 
      "references": [], 
      "text": "House amendment agreed to: On agreeing to the Lummis amendment (A013) Agreed to by voice vote.", 
      "type": "action"
    }, 
    {
      "acted_at": "2015-05-14T20:11:43-04:00", 
      "action_code": "76000", 
      "references": [], 
      "text": "Amendment agreed to Committee of the Whole", 
      "type": "action"
    }
  ], 
  "amendment_id": "hamdt228-114", 
  "amendment_type": "hamdt", 
  "amends_amendment": null, 
  "amends_bill": {
    "bill_id": "hr1735-114", 
    "bill_type": "hr", 
    "congress": 114, 
    "number": 1735
  }, 
  "amends_treaty": null, 
  "chamber": "h", 
  "congress": "114", 
  "description": "Amendment prohibits reducing the alert posture of the ICBM force.", 
  "introduced_at": "2015-05-14", 
  "number": 228, 
  "purpose": "An amendment No. 35 printed in House Report 114-112 to prohibit reducing the alert posture of the ICBM force.", 
  "sponsor": {
    "bioguide_id": "L000571", 
    "district": null, 
    "name": "Lummis, Cynthia M.", 
    "state": "WY", 
    "thomas_id": "01960", 
    "title": "Rep", 
    "type": "person"
  }, 
  "status": "pass", 
  "status_at": "2015-05-14T20:11:43-04:00", 
  "updated_at": "2016-06-15T13:41:50Z"
}