{
  "actions": [
    {
      "acted_at": "2015-06-10T18:06:49-04:00", 
      "action_code": "H32111", 
      "how": "by voice vote", 
      "references": [], 
      "result": "pass", 
      "text": "On agreeing to the Keating amendment (A016) Agreed to by voice vote.", 
      "type": "vote", 
      "vote_type": "vote", 
      "where": "h"
    }, 
    {
      "acted_at": "2015-06-10T17:58:18-04:00", 
      "action_code": "H3A100", 
      "references": [
        {
          "reference": "CR H4066-4067", 
          "type": "consideration"
        }, 
        {
          "reference": "CR H4066", 
          "type": "text"
        }
      ], 
      "text": "Amendment (A016) offered by Mr. Keating.", 
      "type": "action"
    }, 
    {
      "acted_at": "2015-06-10", 
      "action_code": "", 
      "references": [], 
      "text": "", 
      "type": "action"
    }, 
    {
      "acted_at": "2015-06-10", 
      "action_code": "71000", 
      "references": [], 
      "text": "House amendment offered", 
      "type": "action"
    }, 
    {
      "acted_at": "2015-06-10T17:58:18-04:00", 
      "action_code": "71500", 
      "references": [
        {
          "reference": "CR H4066-4067", 
          "type": "consideration"
        }, 
        {
          "reference": "CR H4066", 
          "type": "text"
        }
      ], 
      "text": "House amendment offered/reported by : Amendment (A016) offered by Mr. Keating.", 
      "type": "action"
    }, 
    {
      "acted_at": "2015-06-10T18:06:49-04:00", 
      "action_code": "72000", 
      "references": [], 
      "text": "House amendment agreed to: On agreeing to the Keating amendment (A016) Agreed to by voice vote.", 
      "type": "action"
    }, 
    {
      "acted_at": "2015-06-10T18:06:49-04:00", 
      "action_code": "76000", 
      "references": [], 
      "text": "Amendment agreed to Committee of the Whole", 
      "type": "action"
    }
  ], 
  "amendment_id": "hamdt456-114", 
  "amendment_type": "hamdt", 
  "amends_amendment": null, 
  "amends_bill": {
    "bill_id": "hr2685-114", 
    "bill_type": "hr", 
    "congress": 114, 
    "number": 2685
  }, 
  "amends_treaty": null, 
  "chamber": "h", 
  "congress": "114", 
  "description": "Amendment reduces funding for Operation and Maintenance, Defense-Wide by $1 million and increases funding for Defense Health Programs by a similar amount in order to address research and development for Duchenne muscular dystrophy.", 
  "introduced_at": "2015-06-10", 
  "number": 456, 
  "purpose": "An amendment to reduce Operation and Maintenance, Defense-Wide by 1 million and reduce Defense Health Program by a similar amount.", 
  "sponsor": {
    "bioguide_id": "K000375", 
    "district": "9", 
    "name": "Keating, William R.", 
    "state": "MA", 
    "thomas_id": "02025", 
    "title": "Rep", 
    "type": "person"
  }, 
  "status": "pass", 
  "status_at": "2015-06-10T18:06:49-04:00", 
  "updated_at": "2016-08-01T13:27:47Z"
}