{
  "actions": [
    {
      "acted_at": "2015-02-12", 
      "action_code": "", 
      "references": [], 
      "text": "", 
      "type": "action"
    }, 
    {
      "acted_at": "2015-02-12", 
      "action_code": "71000", 
      "references": [], 
      "text": "House amendment offered", 
      "type": "action"
    }
  ], 
  "amendment_id": "hamdt21-114", 
  "amendment_type": "hamdt", 
  "amends_amendment": null, 
  "amends_bill": {
    "bill_id": "hr644-114", 
    "bill_type": "hr", 
    "congress": 114, 
    "number": 644
  }, 
  "amends_treaty": null, 
  "chamber": "h", 
  "congress": "114", 
  "description": null, 
  "introduced_at": "2015-02-12", 
  "number": 21, 
  "purpose": "Pursuant to the provisions of H.Res. 101 the amendment in the nature of a substitute consisting of the text of Rules Committee Print 114-5 is considered as adopted.", 
  "sponsor": {
    "name": "House Rules", 
    "type": "committee"
  }, 
  "status": "offered", 
  "status_at": "2015-02-12", 
  "updated_at": "2016-08-01T13:26:27Z"
}