{
  "actions": [
    {
      "acted_at": "2015-05-19T17:01:52-04:00", 
      "action_code": "H32111", 
      "how": "roll", 
      "references": [], 
      "result": "pass", 
      "roll": 245, 
      "text": "On agreeing to the Ratcliffe amendment (A001) Agreed to by recorded vote: 224 - 199 (Roll no. 245).", 
      "type": "vote", 
      "vote_type": "vote", 
      "where": "h"
    }, 
    {
      "acted_at": "2015-05-19T15:55:42-04:00", 
      "action_code": "H3A100", 
      "references": [
        {
          "reference": "CR H3353-3354, H3357-3358", 
          "type": "consideration"
        }, 
        {
          "reference": "CR H3353", 
          "type": "text"
        }
      ], 
      "text": "Amendment (A001) offered by Mr. Ratcliffe.", 
      "type": "action"
    }, 
    {
      "acted_at": "2015-05-19", 
      "action_code": "", 
      "references": [], 
      "text": "", 
      "type": "action"
    }, 
    {
      "acted_at": "2015-05-19", 
      "action_code": "71000", 
      "references": [], 
      "text": "House amendment offered", 
      "type": "action"
    }, 
    {
      "acted_at": "2015-05-19T15:55:42-04:00", 
      "action_code": "71500", 
      "references": [
        {
          "reference": "CR H3353-3354, H3357-3358", 
          "type": "consideration"
        }, 
        {
          "reference": "CR H3353", 
          "type": "text"
        }
      ], 
      "text": "House amendment offered/reported by : Amendment (A001) offered by Mr. Ratcliffe.", 
      "type": "action"
    }, 
    {
      "acted_at": "2015-05-19T17:01:52-04:00", 
      "action_code": "72000", 
      "references": [], 
      "text": "House amendment agreed to: On agreeing to the Ratcliffe amendment (A001) Agreed to by recorded vote: 224 - 199 (Roll no. 245).", 
      "type": "action"
    }, 
    {
      "acted_at": "2015-05-19T17:01:52-04:00", 
      "action_code": "75000", 
      "references": [], 
      "text": "Roll call votes on amendments in House", 
      "type": "action"
    }, 
    {
      "acted_at": "2015-05-19T17:01:52-04:00", 
      "action_code": "76000", 
      "references": [], 
      "text": "Amendment agreed to Committee of the Whole", 
      "type": "action"
    }
  ], 
  "amendment_id": "hamdt239-114", 
  "amendment_type": "hamdt", 
  "amends_amendment": null, 
  "amends_bill": {
    "bill_id": "hr2250-114", 
    "bill_type": "hr", 
    "congress": 114, 
    "number": 2250
  }, 
  "amends_treaty": null, 
  "chamber": "h", 
  "congress": "114", 
  "description": "Amendment zeroes out $5.7 million in funding for the Open World Leadership Center and applies the savings to the spending reduction account.", 
  "introduced_at": "2015-05-19", 
  "number": 239, 
  "purpose": "An amendment numbered 1 printed in Part B of House Report 114-120 to zero out $5,700,000 in funding for the Open World Leadership Center and applies the savings to the spending reduction account.", 
  "sponsor": {
    "bioguide_id": "R000601", 
    "district": "4", 
    "name": "Ratcliffe, John", 
    "state": "TX", 
    "thomas_id": "02268", 
    "title": "Rep", 
    "type": "person"
  }, 
  "status": "pass", 
  "status_at": "2015-05-19T17:01:52-04:00", 
  "updated_at": "2016-08-01T13:27:28Z"
}