{
  "actions": [
    {
      "acted_at": "2015-06-02T18:06:06-04:00", 
      "action_code": "H32111", 
      "how": "by voice vote", 
      "references": [], 
      "result": "pass", 
      "text": "On agreeing to the MacArthur amendment (A024) Agreed to by voice vote.", 
      "type": "vote", 
      "vote_type": "vote", 
      "where": "h"
    }, 
    {
      "acted_at": "2015-06-02T18:02:37-04:00", 
      "action_code": "H3A100", 
      "references": [
        {
          "reference": "CR H3696", 
          "type": "consideration"
        }, 
        {
          "reference": "CR H3696", 
          "type": "text"
        }
      ], 
      "text": "Amendment (A024) offered by Mr. MacArthur.", 
      "type": "action"
    }, 
    {
      "acted_at": "2015-06-02", 
      "action_code": "", 
      "references": [], 
      "text": "", 
      "type": "action"
    }, 
    {
      "acted_at": "2015-06-02", 
      "action_code": "71000", 
      "references": [], 
      "text": "House amendment offered", 
      "type": "action"
    }, 
    {
      "acted_at": "2015-06-02T18:02:37-04:00", 
      "action_code": "71500", 
      "references": [
        {
          "reference": "CR H3696", 
          "type": "consideration"
        }, 
        {
          "reference": "CR H3696", 
          "type": "text"
        }
      ], 
      "text": "House amendment offered/reported by : Amendment (A024) offered by Mr. MacArthur.", 
      "type": "action"
    }, 
    {
      "acted_at": "2015-06-02T18:06:06-04:00", 
      "action_code": "72000", 
      "references": [], 
      "text": "House amendment agreed to: On agreeing to the MacArthur amendment (A024) Agreed to by voice vote.", 
      "type": "action"
    }, 
    {
      "acted_at": "2015-06-02T18:06:06-04:00", 
      "action_code": "76000", 
      "references": [], 
      "text": "Amendment agreed to Committee of the Whole", 
      "type": "action"
    }
  ], 
  "amendment_id": "hamdt292-114", 
  "amendment_type": "hamdt", 
  "amends_amendment": null, 
  "amends_bill": {
    "bill_id": "hr2578-114", 
    "bill_type": "hr", 
    "congress": 114, 
    "number": 2578
  }, 
  "amends_treaty": null, 
  "chamber": "h", 
  "congress": "114", 
  "description": "Amendment increases funding for Violence Against Women by $750,000 and reduces funding for DOJ administration by a similar amount.", 
  "introduced_at": "2015-06-02", 
  "number": 292, 
  "purpose": "An amendment to reduce funding for the general administration account of DOJ by $750,000, and then increase funding for victims services, and enhanced training and services to end violence against women under the Violence Aginst Women and DOJ Reauthorization Act of 2005 by $750,000 each.", 
  "sponsor": {
    "bioguide_id": "M001193", 
    "district": "3", 
    "name": "MacArthur, Thomas", 
    "state": "NJ", 
    "thomas_id": "02258", 
    "title": "Rep", 
    "type": "person"
  }, 
  "status": "pass", 
  "status_at": "2015-06-02T18:06:06-04:00", 
  "updated_at": "2016-08-01T13:27:41Z"
}