{
  "actions": [
    {
      "acted_at": "2015-06-09T20:42:20-04:00", 
      "action_code": "H32140", 
      "references": [
        {
          "reference": "CR H3978", 
          "type": "consideration"
        }
      ], 
      "text": "By unanimous consent, the Newhouse amendment was withdrawn.", 
      "type": "action"
    }, 
    {
      "acted_at": "2015-06-09T20:38:27-04:00", 
      "action_code": "H3A100", 
      "references": [
        {
          "reference": "CR H3978-3979", 
          "type": "consideration"
        }, 
        {
          "reference": "CR H3978", 
          "type": "text"
        }
      ], 
      "text": "Amendment (A066) offered by Mr. Newhouse.", 
      "type": "action"
    }, 
    {
      "acted_at": "2015-06-09", 
      "action_code": "", 
      "references": [], 
      "text": "", 
      "type": "action"
    }, 
    {
      "acted_at": "2015-06-09", 
      "action_code": "71000", 
      "references": [], 
      "text": "House amendment offered", 
      "type": "action"
    }, 
    {
      "acted_at": "2015-06-09T20:38:27-04:00", 
      "action_code": "71500", 
      "references": [
        {
          "reference": "CR H3978-3979", 
          "type": "consideration"
        }, 
        {
          "reference": "CR H3978", 
          "type": "text"
        }
      ], 
      "text": "House amendment offered/reported by : Amendment (A066) offered by Mr. Newhouse.", 
      "type": "action"
    }
  ], 
  "amendment_id": "hamdt426-114", 
  "amendment_type": "hamdt", 
  "amends_amendment": null, 
  "amends_bill": {
    "bill_id": "hr2577-114", 
    "bill_type": "hr", 
    "congress": 114, 
    "number": 2577
  }, 
  "amends_treaty": null, 
  "chamber": "h", 
  "congress": "114", 
  "description": null, 
  "introduced_at": "2015-06-09", 
  "number": 426, 
  "purpose": "An amendment to prohibit the use of funds to issue, implement, or enforce the proposed regulation by the FAA entitled \"Operation and Certification of Small Unmanned Aircraft Systems\" without consideration of the use of small unmanned aircraft systems for agricultural operations.", 
  "sponsor": {
    "bioguide_id": "N000189", 
    "district": "4", 
    "name": "Newhouse, Dan", 
    "state": "WA", 
    "thomas_id": "02275", 
    "title": "Rep", 
    "type": "person"
  }, 
  "status": "offered", 
  "status_at": "2015-06-09", 
  "updated_at": "2016-08-26T08:52:19Z"
}