{
  "actions": [
    {
      "acted_at": "2015-05-20T18:32:39-04:00", 
      "action_code": "H32111", 
      "how": "roll", 
      "references": [], 
      "result": "pass", 
      "roll": 253, 
      "text": "On agreeing to the Griffith amendment (A006) Agreed to by recorded vote: 234 - 183 (Roll no. 253).", 
      "type": "vote", 
      "vote_type": "vote", 
      "where": "h"
    }, 
    {
      "acted_at": "2015-05-20T16:47:23-04:00", 
      "action_code": "H3A100", 
      "references": [
        {
          "reference": "CR H3451-3452, H3486", 
          "type": "consideration"
        }, 
        {
          "reference": "CR H3451", 
          "type": "text"
        }
      ], 
      "text": "Amendment (A006) offered by Mr. Griffith.", 
      "type": "action"
    }, 
    {
      "acted_at": "2015-05-20", 
      "action_code": "", 
      "references": [], 
      "text": "", 
      "type": "action"
    }, 
    {
      "acted_at": "2015-05-20", 
      "action_code": "71000", 
      "references": [], 
      "text": "House amendment offered", 
      "type": "action"
    }, 
    {
      "acted_at": "2015-05-20T16:47:23-04:00", 
      "action_code": "71500", 
      "references": [
        {
          "reference": "CR H3451-3452, H3486", 
          "type": "consideration"
        }, 
        {
          "reference": "CR H3451", 
          "type": "text"
        }
      ], 
      "text": "House amendment offered/reported by : Amendment (A006) offered by Mr. Griffith.", 
      "type": "action"
    }, 
    {
      "acted_at": "2015-05-20T18:32:39-04:00", 
      "action_code": "72000", 
      "references": [], 
      "text": "House amendment agreed to: On agreeing to the Griffith amendment (A006) Agreed to by recorded vote: 234 - 183 (Roll no. 253).", 
      "type": "action"
    }, 
    {
      "acted_at": "2015-05-20T18:32:39-04:00", 
      "action_code": "75000", 
      "references": [], 
      "text": "Roll call votes on amendments in House", 
      "type": "action"
    }, 
    {
      "acted_at": "2015-05-20T18:32:39-04:00", 
      "action_code": "76000", 
      "references": [], 
      "text": "Amendment agreed to Committee of the Whole", 
      "type": "action"
    }
  ], 
  "amendment_id": "hamdt248-114", 
  "amendment_type": "hamdt", 
  "amends_amendment": null, 
  "amends_bill": {
    "bill_id": "hr1806-114", 
    "bill_type": "hr", 
    "congress": 114, 
    "number": 1806
  }, 
  "amends_treaty": null, 
  "chamber": "h", 
  "congress": "114", 
  "description": "Amendment provides for the Speaker of the House and Senate Majority Leader to appoint members to congressionally created advisory boards.", 
  "introduced_at": "2015-05-20", 
  "number": 248, 
  "purpose": "An amendment No. 6 printed in part A of House Report 114-120 to provide for the Speaker of the House and Senate Majority Leader to appoint members to congressionally created advisory boards.", 
  "sponsor": {
    "bioguide_id": "G000568", 
    "district": "9", 
    "name": "Griffith, H. Morgan", 
    "state": "VA", 
    "thomas_id": "02070", 
    "title": "Rep", 
    "type": "person"
  }, 
  "status": "pass", 
  "status_at": "2015-05-20T18:32:39-04:00", 
  "updated_at": "2016-08-01T13:27:11Z"
}