{
  "actions": [
    {
      "acted_at": "2015-06-10T18:53:10-04:00", 
      "action_code": "H32140", 
      "references": [
        {
          "reference": "CR H4075", 
          "type": "consideration"
        }
      ], 
      "text": "By unanimous consent, the Lujan Grisham (NM) amendment was withdrawn.", 
      "type": "action"
    }, 
    {
      "acted_at": "2015-06-10T18:48:33-04:00", 
      "action_code": "H3A100", 
      "references": [
        {
          "reference": "CR H4075", 
          "type": "consideration"
        }, 
        {
          "reference": "CR H4075", 
          "type": "text"
        }
      ], 
      "text": "Amendment (A023) offered by Ms. Lujan Grisham (NM).", 
      "type": "action"
    }, 
    {
      "acted_at": "2015-06-10", 
      "action_code": "", 
      "references": [], 
      "text": "", 
      "type": "action"
    }, 
    {
      "acted_at": "2015-06-10", 
      "action_code": "71000", 
      "references": [], 
      "text": "House amendment offered", 
      "type": "action"
    }, 
    {
      "acted_at": "2015-06-10T18:48:33-04:00", 
      "action_code": "71500", 
      "references": [
        {
          "reference": "CR H4075", 
          "type": "consideration"
        }, 
        {
          "reference": "CR H4075", 
          "type": "text"
        }
      ], 
      "text": "House amendment offered/reported by : Amendment (A023) offered by Ms. Lujan Grisham (NM).", 
      "type": "action"
    }
  ], 
  "amendment_id": "hamdt463-114", 
  "amendment_type": "hamdt", 
  "amends_amendment": null, 
  "amends_bill": {
    "bill_id": "hr2685-114", 
    "bill_type": "hr", 
    "congress": 114, 
    "number": 2685
  }, 
  "amends_treaty": null, 
  "chamber": "h", 
  "congress": "114", 
  "description": null, 
  "introduced_at": "2015-06-10", 
  "number": 463, 
  "purpose": "An amendment to first reduce and then increase, funding for Research, Development, Test and Evaluation, Defense-Wide, by $3,543,000.", 
  "sponsor": {
    "bioguide_id": "L000580", 
    "district": "1", 
    "name": "Lujan Grisham, Michelle", 
    "state": "NM", 
    "thomas_id": "02146", 
    "title": "Rep", 
    "type": "person"
  }, 
  "status": "offered", 
  "status_at": "2015-06-10", 
  "updated_at": "2016-08-01T13:27:47Z"
}