{
  "actions": [
    {
      "acted_at": "2015-05-20T17:19:57-04:00", 
      "action_code": "H32111", 
      "how": "by voice vote", 
      "references": [], 
      "result": "pass", 
      "text": "On agreeing to the Grayson amendment (A009) Agreed to by voice vote.", 
      "type": "vote", 
      "vote_type": "vote", 
      "where": "h"
    }, 
    {
      "acted_at": "2015-05-20T17:17:14-04:00", 
      "action_code": "H3A100", 
      "references": [
        {
          "reference": "CR H3455-3456", 
          "type": "consideration"
        }, 
        {
          "reference": "CR H3455-3456", 
          "type": "text"
        }
      ], 
      "text": "Amendment (A009) offered by Mr. Grayson.", 
      "type": "action"
    }, 
    {
      "acted_at": "2015-05-20", 
      "action_code": "", 
      "references": [], 
      "text": "", 
      "type": "action"
    }, 
    {
      "acted_at": "2015-05-20", 
      "action_code": "71000", 
      "references": [], 
      "text": "House amendment offered", 
      "type": "action"
    }, 
    {
      "acted_at": "2015-05-20T17:17:14-04:00", 
      "action_code": "71500", 
      "references": [
        {
          "reference": "CR H3455-3456", 
          "type": "consideration"
        }, 
        {
          "reference": "CR H3455-3456", 
          "type": "text"
        }
      ], 
      "text": "House amendment offered/reported by : Amendment (A009) offered by Mr. Grayson.", 
      "type": "action"
    }, 
    {
      "acted_at": "2015-05-20T17:19:57-04:00", 
      "action_code": "72000", 
      "references": [], 
      "text": "House amendment agreed to: On agreeing to the Grayson amendment (A009) Agreed to by voice vote.", 
      "type": "action"
    }, 
    {
      "acted_at": "2015-05-20T17:19:57-04:00", 
      "action_code": "76000", 
      "references": [], 
      "text": "Amendment agreed to Committee of the Whole", 
      "type": "action"
    }
  ], 
  "amendment_id": "hamdt251-114", 
  "amendment_type": "hamdt", 
  "amends_amendment": null, 
  "amends_bill": {
    "bill_id": "hr1806-114", 
    "bill_type": "hr", 
    "congress": 114, 
    "number": 1806
  }, 
  "amends_treaty": null, 
  "chamber": "h", 
  "congress": "114", 
  "description": "Amendment authorizes the Energy Innovation Hubs Program within the Department of Energy.", 
  "introduced_at": "2015-05-20", 
  "number": 251, 
  "purpose": "An amendment No. 9 printed in part A of House Report 114-120 to authorize the Energy Innovation Hubs Program within the Department of Energy.", 
  "sponsor": {
    "bioguide_id": "G000556", 
    "district": "9", 
    "name": "Grayson, Alan", 
    "state": "FL", 
    "thomas_id": "01914", 
    "title": "Rep", 
    "type": "person"
  }, 
  "status": "pass", 
  "status_at": "2015-05-20T17:19:57-04:00", 
  "updated_at": "2016-08-01T13:27:11Z"
}