{
  "actions": [
    {
      "acted_at": "2015-06-02T16:42:51-04:00", 
      "action_code": "H32140", 
      "references": [
        {
          "reference": "CR H3685", 
          "type": "consideration"
        }
      ], 
      "text": "By unanimous consent, the Blumenauer amendment was withdrawn.", 
      "type": "action"
    }, 
    {
      "acted_at": "2015-06-02T16:36:03-04:00", 
      "action_code": "H3A100", 
      "references": [
        {
          "reference": "CR H3684-3685", 
          "type": "consideration"
        }, 
        {
          "reference": "CR H3685", 
          "type": "text"
        }
      ], 
      "text": "Amendment (A011) offered by Mr. Blumenauer.", 
      "type": "action"
    }, 
    {
      "acted_at": "2015-06-02", 
      "action_code": "", 
      "references": [], 
      "text": "", 
      "type": "action"
    }, 
    {
      "acted_at": "2015-06-02", 
      "action_code": "71000", 
      "references": [], 
      "text": "House amendment offered", 
      "type": "action"
    }, 
    {
      "acted_at": "2015-06-02T16:36:03-04:00", 
      "action_code": "71500", 
      "references": [
        {
          "reference": "CR H3684-3685", 
          "type": "consideration"
        }, 
        {
          "reference": "CR H3685", 
          "type": "text"
        }
      ], 
      "text": "House amendment offered/reported by : Amendment (A011) offered by Mr. Blumenauer.", 
      "type": "action"
    }
  ], 
  "amendment_id": "hamdt279-114", 
  "amendment_type": "hamdt", 
  "amends_amendment": null, 
  "amends_bill": {
    "bill_id": "hr2578-114", 
    "bill_type": "hr", 
    "congress": 114, 
    "number": 2578
  }, 
  "amends_treaty": null, 
  "chamber": "h", 
  "congress": "114", 
  "description": null, 
  "introduced_at": "2015-06-02", 
  "number": 279, 
  "purpose": "An amendment to reduce and then increase funding for NOAA Operations, Research, and Facilities by ($60,760,000).", 
  "sponsor": {
    "bioguide_id": "B000574", 
    "district": "3", 
    "name": "Blumenauer, Earl", 
    "state": "OR", 
    "thomas_id": "00099", 
    "title": "Rep", 
    "type": "person"
  }, 
  "status": "offered", 
  "status_at": "2015-06-02", 
  "updated_at": "2016-08-01T13:27:41Z"
}