{
  "actions": [
    {
      "acted_at": "2015-06-04T12:25:57-04:00", 
      "action_code": "H32111", 
      "how": "roll", 
      "references": [], 
      "result": "fail", 
      "roll": 306, 
      "text": "On agreeing to the Lee amendment (A049) Failed by recorded vote: 176 - 247, 1 Present (Roll no. 306).", 
      "type": "vote", 
      "vote_type": "vote", 
      "where": "h"
    }, 
    {
      "acted_at": "2015-06-04T10:04:01-04:00", 
      "action_code": "H3A100", 
      "references": [
        {
          "reference": "CR H3888-3891, H3901-3902", 
          "type": "consideration"
        }, 
        {
          "reference": "CR H3888", 
          "type": "text"
        }
      ], 
      "text": "Amendment (A049) offered by Ms. Lee.", 
      "type": "action"
    }, 
    {
      "acted_at": "2015-06-04", 
      "action_code": "", 
      "references": [], 
      "text": "", 
      "type": "action"
    }, 
    {
      "acted_at": "2015-06-04", 
      "action_code": "71000", 
      "references": [], 
      "text": "House amendment offered", 
      "type": "action"
    }, 
    {
      "acted_at": "2015-06-04T10:04:01-04:00", 
      "action_code": "71500", 
      "references": [
        {
          "reference": "CR H3888-3891, H3901-3902", 
          "type": "consideration"
        }, 
        {
          "reference": "CR H3888", 
          "type": "text"
        }
      ], 
      "text": "House amendment offered/reported by : Amendment (A049) offered by Ms. Lee.", 
      "type": "action"
    }, 
    {
      "acted_at": "2015-06-04T12:25:57-04:00", 
      "action_code": "73000", 
      "references": [], 
      "text": "House amendment not agreed to: On agreeing to the Lee amendment (A049) Failed by recorded vote: 176 - 247, 1 Present (Roll no. 306).", 
      "type": "action"
    }, 
    {
      "acted_at": "2015-06-04T12:25:57-04:00", 
      "action_code": "75000", 
      "references": [], 
      "text": "Roll call votes on amendments in House", 
      "type": "action"
    }, 
    {
      "acted_at": "2015-06-04T12:25:57-04:00", 
      "action_code": "77000", 
      "references": [], 
      "text": "Amendment failed in Committee of the Whole", 
      "type": "action"
    }
  ], 
  "amendment_id": "hamdt404-114", 
  "amendment_type": "hamdt", 
  "amends_amendment": null, 
  "amends_bill": {
    "bill_id": "hr2577-114", 
    "bill_type": "hr", 
    "congress": 114, 
    "number": 2577
  }, 
  "amends_treaty": null, 
  "chamber": "h", 
  "congress": "114", 
  "description": "Amendment sought to prohibit use of funds in the bill to implement or enforce sections 193 or 414 which relate to limiting air and ferry travel to Cuba.", 
  "introduced_at": "2015-06-04", 
  "number": 404, 
  "purpose": "An amendment to prohibit the use of funds to administer, implement, or enforce section 193 or section 414 of this Act.", 
  "sponsor": {
    "bioguide_id": "L000551", 
    "district": "13", 
    "name": "Lee, Barbara", 
    "state": "CA", 
    "thomas_id": "01501", 
    "title": "Rep", 
    "type": "person"
  }, 
  "status": "fail", 
  "status_at": "2015-06-04T12:25:57-04:00", 
  "updated_at": "2016-08-26T08:52:18Z"
}