{
  "actions": [
    {
      "acted_at": "2015-06-02T20:14:27-04:00", 
      "action_code": "H32111", 
      "how": "by voice vote", 
      "references": [], 
      "result": "pass", 
      "text": "On agreeing to the Moore amendment (A035) Agreed to by voice vote.", 
      "type": "vote", 
      "vote_type": "vote", 
      "where": "h"
    }, 
    {
      "acted_at": "2015-06-02T20:07:11-04:00", 
      "action_code": "H3A100", 
      "references": [
        {
          "reference": "CR H3709", 
          "type": "consideration"
        }, 
        {
          "reference": "CR H3709", 
          "type": "text"
        }
      ], 
      "text": "Amendment (A035) offered by Ms. Moore.", 
      "type": "action"
    }, 
    {
      "acted_at": "2015-06-02", 
      "action_code": "", 
      "references": [], 
      "text": "", 
      "type": "action"
    }, 
    {
      "acted_at": "2015-06-02", 
      "action_code": "71000", 
      "references": [], 
      "text": "House amendment offered", 
      "type": "action"
    }, 
    {
      "acted_at": "2015-06-02T20:07:11-04:00", 
      "action_code": "71500", 
      "references": [
        {
          "reference": "CR H3709", 
          "type": "consideration"
        }, 
        {
          "reference": "CR H3709", 
          "type": "text"
        }
      ], 
      "text": "House amendment offered/reported by : Amendment (A035) offered by Ms. Moore.", 
      "type": "action"
    }, 
    {
      "acted_at": "2015-06-02T20:14:27-04:00", 
      "action_code": "72000", 
      "references": [], 
      "text": "House amendment agreed to: On agreeing to the Moore amendment (A035) Agreed to by voice vote.", 
      "type": "action"
    }, 
    {
      "acted_at": "2015-06-02T20:14:27-04:00", 
      "action_code": "76000", 
      "references": [], 
      "text": "Amendment agreed to Committee of the Whole", 
      "type": "action"
    }
  ], 
  "amendment_id": "hamdt303-114", 
  "amendment_type": "hamdt", 
  "amends_amendment": null, 
  "amends_bill": {
    "bill_id": "hr2578-114", 
    "bill_type": "hr", 
    "congress": 114, 
    "number": 2578
  }, 
  "amends_treaty": null, 
  "chamber": "h", 
  "congress": "114", 
  "description": "Amendment increases funding for the Mentally Ill Offender Treatment and Crime Reduction Act by $2 million.", 
  "introduced_at": "2015-06-02", 
  "number": 303, 
  "purpose": "An amendment to reduce funding for salaries and expenses of the Federal Prison System by $2 million and increase funding for mental health courts and adult and juvenile collaboration grants.", 
  "sponsor": {
    "bioguide_id": "M001160", 
    "district": "4", 
    "name": "Moore, Gwen", 
    "state": "WI", 
    "thomas_id": "01811", 
    "title": "Rep", 
    "type": "person"
  }, 
  "status": "pass", 
  "status_at": "2015-06-02T20:14:27-04:00", 
  "updated_at": "2016-08-01T13:27:41Z"
}