{
  "actions": [
    {
      "acted_at": "2015-06-10", 
      "action_code": "", 
      "references": [], 
      "text": "", 
      "type": "action"
    }, 
    {
      "acted_at": "2015-06-10", 
      "action_code": "71000", 
      "references": [], 
      "text": "House amendment offered", 
      "type": "action"
    }
  ], 
  "amendment_id": "hamdt440-114", 
  "amendment_type": "hamdt", 
  "amends_amendment": null, 
  "amends_bill": {
    "bill_id": "hr2393-114", 
    "bill_type": "hr", 
    "congress": 114, 
    "number": 2393
  }, 
  "amends_treaty": null, 
  "chamber": "h", 
  "congress": "114", 
  "description": null, 
  "introduced_at": "2015-06-10", 
  "number": 440, 
  "purpose": "Pursuant to the provisions of H.Res. 303 the amendment in the nature of a substitute now printed in the bill is considered as adopted.", 
  "sponsor": {
    "name": "House Rules", 
    "type": "committee"
  }, 
  "status": "offered", 
  "status_at": "2015-06-10", 
  "updated_at": "2016-08-01T13:27:33Z"
}