{
  "actions": [
    {
      "acted_at": "2015-06-09T20:44:10-04:00", 
      "action_code": "H32111", 
      "how": "by voice vote", 
      "references": [], 
      "result": "pass", 
      "text": "On agreeing to the Newhouse amendment (A067) Agreed to by voice vote.", 
      "type": "vote", 
      "vote_type": "vote", 
      "where": "h"
    }, 
    {
      "acted_at": "2015-06-09T20:43:59-04:00", 
      "action_code": "H3A100", 
      "references": [
        {
          "reference": "CR H3979", 
          "type": "consideration"
        }, 
        {
          "reference": "CR H3979", 
          "type": "text"
        }
      ], 
      "text": "Amendment (A067) offered by Mr. Newhouse.", 
      "type": "action"
    }, 
    {
      "acted_at": "2015-06-09", 
      "action_code": "", 
      "references": [], 
      "text": "", 
      "type": "action"
    }, 
    {
      "acted_at": "2015-06-09", 
      "action_code": "71000", 
      "references": [], 
      "text": "House amendment offered", 
      "type": "action"
    }, 
    {
      "acted_at": "2015-06-09T20:43:59-04:00", 
      "action_code": "71500", 
      "references": [
        {
          "reference": "CR H3979", 
          "type": "consideration"
        }, 
        {
          "reference": "CR H3979", 
          "type": "text"
        }
      ], 
      "text": "House amendment offered/reported by : Amendment (A067) offered by Mr. Newhouse.", 
      "type": "action"
    }, 
    {
      "acted_at": "2015-06-09T20:44:10-04:00", 
      "action_code": "72000", 
      "references": [], 
      "text": "House amendment agreed to: On agreeing to the Newhouse amendment (A067) Agreed to by voice vote.", 
      "type": "action"
    }, 
    {
      "acted_at": "2015-06-09T20:44:10-04:00", 
      "action_code": "76000", 
      "references": [], 
      "text": "Amendment agreed to Committee of the Whole", 
      "type": "action"
    }
  ], 
  "amendment_id": "hamdt427-114", 
  "amendment_type": "hamdt", 
  "amends_amendment": null, 
  "amends_bill": {
    "bill_id": "hr2577-114", 
    "bill_type": "hr", 
    "congress": 114, 
    "number": 2577
  }, 
  "amends_treaty": null, 
  "chamber": "h", 
  "congress": "114", 
  "description": "Amendment limits the FAA's rulemaking authority on unmanned aerial vehicles (UAV's) if the rules do not take into consideration the agricultural applications of UAV's in the rulemaking process.", 
  "introduced_at": "2015-06-09", 
  "number": 427, 
  "purpose": "An amendment to prohibit the use of funds to issue, implement, or enforce regulations by the FAA for operations and certification of small unmanned aircraft systems in contravention to 14 CFR 21.25 (b)(1).", 
  "sponsor": {
    "bioguide_id": "N000189", 
    "district": "4", 
    "name": "Newhouse, Dan", 
    "state": "WA", 
    "thomas_id": "02275", 
    "title": "Rep", 
    "type": "person"
  }, 
  "status": "pass", 
  "status_at": "2015-06-09T20:44:10-04:00", 
  "updated_at": "2016-08-26T08:52:19Z"
}