{
  "actions": [
    {
      "acted_at": "2015-04-30T18:47:21-04:00", 
      "action_code": "H32111", 
      "how": "roll", 
      "references": [
        {
          "reference": "CR H2707", 
          "type": "consideration"
        }
      ], 
      "result": "fail", 
      "roll": 190, 
      "text": "On agreeing to the Hice, Jody B. amendment (A042) Failed by recorded vote: 190 - 232 (Roll no. 190).", 
      "type": "vote", 
      "vote_type": "vote", 
      "where": "h"
    }, 
    {
      "acted_at": "2015-04-29T19:57:19-04:00", 
      "action_code": "H3A100", 
      "references": [
        {
          "reference": "CR H2621-2622", 
          "type": "consideration"
        }, 
        {
          "reference": "CR H2621", 
          "type": "text"
        }
      ], 
      "text": "Amendment (A042) offered by Mr. Hice, Jody B..", 
      "type": "action"
    }, 
    {
      "acted_at": "2015-04-29", 
      "action_code": "", 
      "references": [], 
      "text": "", 
      "type": "action"
    }, 
    {
      "acted_at": "2015-04-29", 
      "action_code": "71000", 
      "references": [], 
      "text": "House amendment offered", 
      "type": "action"
    }, 
    {
      "acted_at": "2015-04-29T19:57:19-04:00", 
      "action_code": "71500", 
      "references": [
        {
          "reference": "CR H2621-2622", 
          "type": "consideration"
        }, 
        {
          "reference": "CR H2621", 
          "type": "text"
        }
      ], 
      "text": "House amendment offered/reported by : Amendment (A042) offered by Mr. Hice, Jody B..", 
      "type": "action"
    }, 
    {
      "acted_at": "2015-04-30T18:47:21-04:00", 
      "action_code": "73000", 
      "references": [
        {
          "reference": "CR H2707", 
          "type": "consideration"
        }
      ], 
      "text": "House amendment not agreed to: On agreeing to the Hice, Jody B. amendment (A042) Failed by recorded vote: 190 - 232 (Roll no. 190).", 
      "type": "action"
    }, 
    {
      "acted_at": "2015-04-30T18:47:21-04:00", 
      "action_code": "75000", 
      "references": [], 
      "text": "Roll call votes on amendments in House", 
      "type": "action"
    }, 
    {
      "acted_at": "2015-04-30T18:47:21-04:00", 
      "action_code": "77000", 
      "references": [], 
      "text": "Amendment failed in Committee of the Whole", 
      "type": "action"
    }
  ], 
  "amendment_id": "hamdt149-114", 
  "amendment_type": "hamdt", 
  "amends_amendment": null, 
  "amends_bill": {
    "bill_id": "hr2029-114", 
    "bill_type": "hr", 
    "congress": 114, 
    "number": 2029
  }, 
  "amends_treaty": null, 
  "chamber": "h", 
  "congress": "114", 
  "description": "Amendment sought to address concerns in which Federal employees are permitted to engage in union-related activities while at work at the VA.", 
  "introduced_at": "2015-04-29", 
  "number": 149, 
  "purpose": "An amendment to prohibit use of funds to pay a Federal Employee for any period of time during which such employee is using official time under U.S. Code.", 
  "sponsor": {
    "bioguide_id": "H001071", 
    "district": "10", 
    "name": "Hice, Jody B.", 
    "state": "GA", 
    "thomas_id": "02237", 
    "title": "Rep", 
    "type": "person"
  }, 
  "status": "fail", 
  "status_at": "2015-04-30T18:47:21-04:00", 
  "updated_at": "2016-08-01T13:27:20Z"
}