{
  "actions": [
    {
      "acted_at": "2015-06-09T19:27:55-04:00", 
      "action_code": "H32111", 
      "how": "roll", 
      "references": [
        {
          "reference": "CR H3968", 
          "type": "consideration"
        }
      ], 
      "result": "fail", 
      "roll": 314, 
      "text": "On agreeing to the Sessions amendment (A052) Failed by recorded vote: 205 - 218 (Roll no. 314).", 
      "type": "vote", 
      "vote_type": "vote", 
      "where": "h"
    }, 
    {
      "acted_at": "2015-06-04T10:44:38-04:00", 
      "action_code": "H3A100", 
      "references": [
        {
          "reference": "CR H3892-3893", 
          "type": "consideration"
        }, 
        {
          "reference": "CR H3892", 
          "type": "text"
        }
      ], 
      "text": "Amendment (A052) offered by Mr. Sessions.", 
      "type": "action"
    }, 
    {
      "acted_at": "2015-06-04", 
      "action_code": "", 
      "references": [], 
      "text": "", 
      "type": "action"
    }, 
    {
      "acted_at": "2015-06-04", 
      "action_code": "71000", 
      "references": [], 
      "text": "House amendment offered", 
      "type": "action"
    }, 
    {
      "acted_at": "2015-06-04T10:44:38-04:00", 
      "action_code": "71500", 
      "references": [
        {
          "reference": "CR H3892-3893", 
          "type": "consideration"
        }, 
        {
          "reference": "CR H3892", 
          "type": "text"
        }
      ], 
      "text": "House amendment offered/reported by : Amendment (A052) offered by Mr. Sessions.", 
      "type": "action"
    }, 
    {
      "acted_at": "2015-06-09T19:27:55-04:00", 
      "action_code": "73000", 
      "references": [
        {
          "reference": "CR H3968", 
          "type": "consideration"
        }
      ], 
      "text": "House amendment not agreed to: On agreeing to the Sessions amendment (A052) Failed by recorded vote: 205 - 218 (Roll no. 314).", 
      "type": "action"
    }, 
    {
      "acted_at": "2015-06-09T19:27:55-04:00", 
      "action_code": "75000", 
      "references": [], 
      "text": "Roll call votes on amendments in House", 
      "type": "action"
    }, 
    {
      "acted_at": "2015-06-09T19:27:55-04:00", 
      "action_code": "77000", 
      "references": [], 
      "text": "Amendment failed in Committee of the Whole", 
      "type": "action"
    }
  ], 
  "amendment_id": "hamdt407-114", 
  "amendment_type": "hamdt", 
  "amends_amendment": null, 
  "amends_bill": {
    "bill_id": "hr2577-114", 
    "bill_type": "hr", 
    "congress": 114, 
    "number": 2577
  }, 
  "amends_treaty": null, 
  "chamber": "h", 
  "congress": "114", 
  "description": "Amendment sought to prohibit the use of funds to support Amtrak's Sunset Limited line which runs from New Orleans to Los Angeles.", 
  "introduced_at": "2015-06-04", 
  "number": 407, 
  "purpose": "An amendment to prohibit the use of funds to support Amtrak's route with the highest loss, measured by contributions/(Loss) per Rider.", 
  "sponsor": {
    "bioguide_id": "S000250", 
    "district": "32", 
    "name": "Sessions, Pete", 
    "state": "TX", 
    "thomas_id": "01525", 
    "title": "Rep", 
    "type": "person"
  }, 
  "status": "fail", 
  "status_at": "2015-06-09T19:27:55-04:00", 
  "updated_at": "2016-08-26T08:52:18Z"
}