{
  "actions": [
    {
      "acted_at": "2015-06-09T16:37:39-04:00", 
      "action_code": "H32111", 
      "how": "by voice vote", 
      "references": [], 
      "result": "pass", 
      "text": "On agreeing to the Takai amendment (A005) Agreed to by voice vote.", 
      "type": "vote", 
      "vote_type": "vote", 
      "where": "h"
    }, 
    {
      "acted_at": "2015-06-09T16:35:19-04:00", 
      "action_code": "H3A100", 
      "references": [
        {
          "reference": "CR H3951-3952", 
          "type": "consideration"
        }, 
        {
          "reference": "CR H3951", 
          "type": "text"
        }
      ], 
      "text": "Amendment (A005) offered by Mr. Takai.", 
      "type": "action"
    }, 
    {
      "acted_at": "2015-06-09", 
      "action_code": "", 
      "references": [], 
      "text": "", 
      "type": "action"
    }, 
    {
      "acted_at": "2015-06-09", 
      "action_code": "71000", 
      "references": [], 
      "text": "House amendment offered", 
      "type": "action"
    }, 
    {
      "acted_at": "2015-06-09T16:35:19-04:00", 
      "action_code": "71500", 
      "references": [
        {
          "reference": "CR H3951-3952", 
          "type": "consideration"
        }, 
        {
          "reference": "CR H3951", 
          "type": "text"
        }
      ], 
      "text": "House amendment offered/reported by : Amendment (A005) offered by Mr. Takai.", 
      "type": "action"
    }, 
    {
      "acted_at": "2015-06-09T16:37:39-04:00", 
      "action_code": "72000", 
      "references": [], 
      "text": "House amendment agreed to: On agreeing to the Takai amendment (A005) Agreed to by voice vote.", 
      "type": "action"
    }, 
    {
      "acted_at": "2015-06-09T16:37:39-04:00", 
      "action_code": "76000", 
      "references": [], 
      "text": "Amendment agreed to Committee of the Whole", 
      "type": "action"
    }
  ], 
  "amendment_id": "hamdt418-114", 
  "amendment_type": "hamdt", 
  "amends_amendment": null, 
  "amends_bill": {
    "bill_id": "hr2289-114", 
    "bill_type": "hr", 
    "congress": 114, 
    "number": 2289
  }, 
  "amends_treaty": null, 
  "chamber": "h", 
  "congress": "114", 
  "description": "Amendment adds reporting requirements on plans of action and milestones for any known information security vulnerability.", 
  "introduced_at": "2015-06-09", 
  "number": 418, 
  "purpose": "An amendment No. 3 printed in House Report 114-136 to require a report to the Committee on Agriculture of the House of Representatives and the Committee on Agriculture, Nutrition, and Forestry of the Senate a summary of any plans of action and milestones for any known information security vulnerability.", 
  "sponsor": {
    "bioguide_id": "T000473", 
    "district": "1", 
    "name": "Takai, Mark", 
    "state": "HI", 
    "thomas_id": "02240", 
    "title": "Rep", 
    "type": "person"
  }, 
  "status": "pass", 
  "status_at": "2015-06-09T16:37:39-04:00", 
  "updated_at": "2016-08-01T13:27:30Z"
}