{
  "actions": [
    {
      "acted_at": "2015-03-25T16:26:00-04:00", 
      "action_code": "H32111", 
      "how": "roll", 
      "references": [], 
      "result": "fail", 
      "roll": 136, 
      "text": "On agreeing to the Ellison amendment (A001) Failed by recorded vote: 96 - 330 (Roll no. 136).", 
      "type": "vote", 
      "vote_type": "vote", 
      "where": "h"
    }, 
    {
      "acted_at": "2015-03-25T13:30:04-04:00", 
      "action_code": "H3A100", 
      "references": [
        {
          "reference": "CR H1930-1938, H1980", 
          "type": "consideration"
        }, 
        {
          "reference": "text CR H1930-1934", 
          "type": null
        }
      ], 
      "text": "Amendment (A001) in the nature of a substitute offered by Mr. Ellison.", 
      "type": "action"
    }, 
    {
      "acted_at": "2015-03-25", 
      "action_code": "", 
      "references": [], 
      "text": "", 
      "type": "action"
    }, 
    {
      "acted_at": "2015-03-25", 
      "action_code": "71000", 
      "references": [], 
      "text": "House amendment offered", 
      "type": "action"
    }, 
    {
      "acted_at": "2015-03-25T13:30:04-04:00", 
      "action_code": "71500", 
      "references": [
        {
          "reference": "CR H1930-1938, H1980", 
          "type": "consideration"
        }, 
        {
          "reference": "text CR H1930-1934", 
          "type": null
        }
      ], 
      "text": "House amendment offered/reported by : Amendment (A001) in the nature of a substitute offered by Mr. Ellison.", 
      "type": "action"
    }, 
    {
      "acted_at": "2015-03-25T16:26:00-04:00", 
      "action_code": "73000", 
      "references": [], 
      "text": "House amendment not agreed to: On agreeing to the Ellison amendment (A001) Failed by recorded vote: 96 - 330 (Roll no. 136).", 
      "type": "action"
    }, 
    {
      "acted_at": "2015-03-25T16:26:00-04:00", 
      "action_code": "75000", 
      "references": [], 
      "text": "Roll call votes on amendments in House", 
      "type": "action"
    }, 
    {
      "acted_at": "2015-03-25T16:26:00-04:00", 
      "action_code": "77000", 
      "references": [], 
      "text": "Amendment failed in Committee of the Whole", 
      "type": "action"
    }
  ], 
  "amendment_id": "hamdt81-114", 
  "amendment_type": "hamdt", 
  "amends_amendment": null, 
  "amends_bill": {
    "bill_id": "hconres27-114", 
    "bill_type": "hconres", 
    "congress": 114, 
    "number": 27
  }, 
  "amends_treaty": null, 
  "chamber": "h", 
  "congress": "114", 
  "description": "Amendment in the nature of a substitute printed in House Report 114-49 and numbered 1 was offered as the Congressional Progressive Caucus substitute.", 
  "introduced_at": "2015-03-25", 
  "number": 81, 
  "purpose": "An amendment numbered 1 printed in House Report 114-49 to create 8.4 million jobs, while reducing the deficit and providing a boost to America's long-term global competitiveness.", 
  "sponsor": {
    "bioguide_id": "E000288", 
    "district": "5", 
    "name": "Ellison, Keith", 
    "state": "MN", 
    "thomas_id": "01857", 
    "title": "Rep", 
    "type": "person"
  }, 
  "status": "fail", 
  "status_at": "2015-03-25T16:26:00-04:00", 
  "updated_at": "2016-08-01T13:25:25Z"
}