{
  "actions": [
    {
      "acted_at": "2015-06-09T23:02:32-04:00", 
      "action_code": "H32111", 
      "how": "roll", 
      "references": [], 
      "result": "fail", 
      "roll": 325, 
      "text": "On agreeing to the Emmer (MN) amendment (A070) Failed by recorded vote: 212 - 214 (Roll no. 325).", 
      "type": "vote", 
      "vote_type": "vote", 
      "where": "h"
    }, 
    {
      "acted_at": "2015-06-09T21:05:34-04:00", 
      "action_code": "H3A100", 
      "references": [
        {
          "reference": "CR H3981-3982, H3994-3995", 
          "type": "consideration"
        }, 
        {
          "reference": "CR H3981", 
          "type": "text"
        }
      ], 
      "text": "Amendment (A070) offered by Mr. Emmer (MN).", 
      "type": "action"
    }, 
    {
      "acted_at": "2015-06-09", 
      "action_code": "", 
      "references": [], 
      "text": "", 
      "type": "action"
    }, 
    {
      "acted_at": "2015-06-09", 
      "action_code": "71000", 
      "references": [], 
      "text": "House amendment offered", 
      "type": "action"
    }, 
    {
      "acted_at": "2015-06-09T21:05:34-04:00", 
      "action_code": "71500", 
      "references": [
        {
          "reference": "CR H3981-3982, H3994-3995", 
          "type": "consideration"
        }, 
        {
          "reference": "CR H3981", 
          "type": "text"
        }
      ], 
      "text": "House amendment offered/reported by : Amendment (A070) offered by Mr. Emmer (MN).", 
      "type": "action"
    }, 
    {
      "acted_at": "2015-06-09T23:02:32-04:00", 
      "action_code": "73000", 
      "references": [], 
      "text": "House amendment not agreed to: On agreeing to the Emmer (MN) amendment (A070) Failed by recorded vote: 212 - 214 (Roll no. 325).", 
      "type": "action"
    }, 
    {
      "acted_at": "2015-06-09T23:02:32-04:00", 
      "action_code": "75000", 
      "references": [], 
      "text": "Roll call votes on amendments in House", 
      "type": "action"
    }, 
    {
      "acted_at": "2015-06-09T23:02:32-04:00", 
      "action_code": "77000", 
      "references": [], 
      "text": "Amendment failed in Committee of the Whole", 
      "type": "action"
    }
  ], 
  "amendment_id": "hamdt430-114", 
  "amendment_type": "hamdt", 
  "amends_amendment": null, 
  "amends_bill": {
    "bill_id": "hr2577-114", 
    "bill_type": "hr", 
    "congress": 114, 
    "number": 2577
  }, 
  "amends_treaty": null, 
  "chamber": "h", 
  "congress": "114", 
  "description": "Amendment sought to prohibit use of funds to carry out enrichments such as artwork, landscaping, and bicycle and pedestrian improvements such as sidewalks, paths, plazas, site and station furniture, site lighting, signage, public artwork, bike facilities, and permanent fencing when processing New Start grant applications.", 
  "introduced_at": "2015-06-09", 
  "number": 430, 
  "purpose": "An amendment numbered 28 printed in the Congressional Record to prohibit the use of funds to carry out any enrichment for any New Start grant request.", 
  "sponsor": {
    "bioguide_id": "E000294", 
    "district": "6", 
    "name": "Emmer, Tom", 
    "state": "MN", 
    "thomas_id": "02253", 
    "title": "Rep", 
    "type": "person"
  }, 
  "status": "fail", 
  "status_at": "2015-06-09T23:02:32-04:00", 
  "updated_at": "2016-08-26T08:52:19Z"
}