{
  "actions": [
    {
      "acted_at": "2015-01-13T17:07:14-05:00", 
      "action_code": "H32111", 
      "how": "roll", 
      "references": [], 
      "result": "fail", 
      "roll": 26, 
      "text": "On agreeing to the Connolly amendment (A004) Failed by recorded vote: 178 - 248 (Roll no. 26).", 
      "type": "vote", 
      "vote_type": "vote", 
      "where": "h"
    }, 
    {
      "acted_at": "2015-01-13T16:14:46-05:00", 
      "action_code": "H3A100", 
      "references": [
        {
          "reference": "CR H266-267, H269-270", 
          "type": "consideration"
        }, 
        {
          "reference": "CR H266", 
          "type": "text"
        }
      ], 
      "text": "Amendment (A004) offered by Mr. Connolly.", 
      "type": "action"
    }, 
    {
      "acted_at": "2015-01-13", 
      "action_code": "", 
      "references": [], 
      "text": "", 
      "type": "action"
    }, 
    {
      "acted_at": "2015-01-13", 
      "action_code": "71000", 
      "references": [], 
      "text": "House amendment offered", 
      "type": "action"
    }, 
    {
      "acted_at": "2015-01-13T16:14:46-05:00", 
      "action_code": "71500", 
      "references": [
        {
          "reference": "CR H266-267, H269-270", 
          "type": "consideration"
        }, 
        {
          "reference": "CR H266", 
          "type": "text"
        }
      ], 
      "text": "House amendment offered/reported by : Amendment (A004) offered by Mr. Connolly.", 
      "type": "action"
    }, 
    {
      "acted_at": "2015-01-13T17:07:14-05:00", 
      "action_code": "73000", 
      "references": [], 
      "text": "House amendment not agreed to: On agreeing to the Connolly amendment (A004) Failed by recorded vote: 178 - 248 (Roll no. 26).", 
      "type": "action"
    }, 
    {
      "acted_at": "2015-01-13T17:07:14-05:00", 
      "action_code": "75000", 
      "references": [], 
      "text": "Roll call votes on amendments in House", 
      "type": "action"
    }, 
    {
      "acted_at": "2015-01-13T17:07:14-05:00", 
      "action_code": "77000", 
      "references": [], 
      "text": "Amendment failed in Committee of the Whole", 
      "type": "action"
    }
  ], 
  "amendment_id": "hamdt5-114", 
  "amendment_type": "hamdt", 
  "amends_amendment": null, 
  "amends_bill": {
    "bill_id": "hr185-114", 
    "bill_type": "hr", 
    "congress": 114, 
    "number": 185
  }, 
  "amends_treaty": null, 
  "chamber": "h", 
  "congress": "114", 
  "description": "Amendment sought to exempt from the bill any rule or guidance pertaining to public health or safety.", 
  "introduced_at": "2015-01-13", 
  "number": 5, 
  "purpose": null, 
  "sponsor": {
    "bioguide_id": "C001078", 
    "district": "11", 
    "name": "Connolly, Gerald E.", 
    "state": "VA", 
    "thomas_id": "01959", 
    "title": "Rep", 
    "type": "person"
  }, 
  "status": "fail", 
  "status_at": "2015-01-13T17:07:14-05:00", 
  "updated_at": "2016-08-01T13:26:10Z"
}