{
  "actions": [
    {
      "acted_at": "2015-06-03T22:48:28-04:00", 
      "action_code": "H32140", 
      "references": [
        {
          "reference": "CR H3854", 
          "type": "consideration"
        }
      ], 
      "text": "By unanimous consent, the Mica amendment was withdrawn.", 
      "type": "action"
    }, 
    {
      "acted_at": "2015-06-03T22:39:34-04:00", 
      "action_code": "H3A100", 
      "references": [
        {
          "reference": "CR H3853-3854", 
          "type": "consideration"
        }, 
        {
          "reference": "CR H3853", 
          "type": "text"
        }
      ], 
      "text": "Amendment (A025) offered by Mr. Mica.", 
      "type": "action"
    }, 
    {
      "acted_at": "2015-06-03", 
      "action_code": "", 
      "references": [], 
      "text": "", 
      "type": "action"
    }, 
    {
      "acted_at": "2015-06-03", 
      "action_code": "71000", 
      "references": [], 
      "text": "House amendment offered", 
      "type": "action"
    }, 
    {
      "acted_at": "2015-06-03T22:39:34-04:00", 
      "action_code": "71500", 
      "references": [
        {
          "reference": "CR H3853-3854", 
          "type": "consideration"
        }, 
        {
          "reference": "CR H3853", 
          "type": "text"
        }
      ], 
      "text": "House amendment offered/reported by : Amendment (A025) offered by Mr. Mica.", 
      "type": "action"
    }
  ], 
  "amendment_id": "hamdt380-114", 
  "amendment_type": "hamdt", 
  "amends_amendment": null, 
  "amends_bill": {
    "bill_id": "hr2577-114", 
    "bill_type": "hr", 
    "congress": 114, 
    "number": 2577
  }, 
  "amends_treaty": null, 
  "chamber": "h", 
  "congress": "114", 
  "description": null, 
  "introduced_at": "2015-06-03", 
  "number": 380, 
  "purpose": "An amendment numbered 5 printed in the Congressional Record to strike the proviso that the Secretary, in order to ensure safety throughout the rail system, may waive the requirements of section 601(e)(1) of title VI of Public Law 110-432.", 
  "sponsor": {
    "bioguide_id": "M000689", 
    "district": "7", 
    "name": "Mica, John L.", 
    "state": "FL", 
    "thomas_id": "00800", 
    "title": "Rep", 
    "type": "person"
  }, 
  "status": "offered", 
  "status_at": "2015-06-03", 
  "updated_at": "2016-08-26T08:52:19Z"
}