{
  "actions": [
    {
      "acted_at": "2015-06-10T18:42:05-04:00", 
      "action_code": "H32111", 
      "how": "by voice vote", 
      "references": [], 
      "result": "fail", 
      "text": "On agreeing to the Bridenstine amendment (A021) Failed by voice vote.", 
      "type": "vote", 
      "vote_type": "vote", 
      "where": "h"
    }, 
    {
      "acted_at": "2015-06-10T18:35:32-04:00", 
      "action_code": "H3A100", 
      "references": [
        {
          "reference": "CR H4072-4073", 
          "type": "consideration"
        }, 
        {
          "reference": "CR H4072", 
          "type": "text"
        }
      ], 
      "text": "Amendment (A021) offered by Mr. Bridenstine.", 
      "type": "action"
    }, 
    {
      "acted_at": "2015-06-10", 
      "action_code": "", 
      "references": [], 
      "text": "", 
      "type": "action"
    }, 
    {
      "acted_at": "2015-06-10", 
      "action_code": "71000", 
      "references": [], 
      "text": "House amendment offered", 
      "type": "action"
    }, 
    {
      "acted_at": "2015-06-10T18:35:32-04:00", 
      "action_code": "71500", 
      "references": [
        {
          "reference": "CR H4072-4073", 
          "type": "consideration"
        }, 
        {
          "reference": "CR H4072", 
          "type": "text"
        }
      ], 
      "text": "House amendment offered/reported by : Amendment (A021) offered by Mr. Bridenstine.", 
      "type": "action"
    }, 
    {
      "acted_at": "2015-06-10T18:42:05-04:00", 
      "action_code": "73000", 
      "references": [], 
      "text": "House amendment not agreed to: On agreeing to the Bridenstine amendment (A021) Failed by voice vote.", 
      "type": "action"
    }, 
    {
      "acted_at": "2015-06-10T18:42:05-04:00", 
      "action_code": "77000", 
      "references": [], 
      "text": "Amendment failed in Committee of the Whole", 
      "type": "action"
    }
  ], 
  "amendment_id": "hamdt461-114", 
  "amendment_type": "hamdt", 
  "amends_amendment": null, 
  "amends_bill": {
    "bill_id": "hr2685-114", 
    "bill_type": "hr", 
    "congress": 114, 
    "number": 2685
  }, 
  "amends_treaty": null, 
  "chamber": "h", 
  "congress": "114", 
  "description": "Amendment sought to reduce funding for Other Procurement, Air Force, by $25 million and to increase funding for Research, Development, Test and Evaluation, Defense-Wide, by a similar amount in order to address capability gaps for military response to Russia's INF treaty violations.", 
  "introduced_at": "2015-06-10", 
  "number": 461, 
  "purpose": "An amendment to reduce funding for Other Procurement, Air Force, by $25 million and to increase funding for Research, Development, Test and Evaluation, Defense-Wide, by a similar amount in order to address capability gaps for military response to Russia's INF treaty violations.", 
  "sponsor": {
    "bioguide_id": "B001283", 
    "district": "1", 
    "name": "Bridenstine, Jim", 
    "state": "OK", 
    "thomas_id": "02155", 
    "title": "Rep", 
    "type": "person"
  }, 
  "status": "fail", 
  "status_at": "2015-06-10T18:42:05-04:00", 
  "updated_at": "2016-08-01T13:27:47Z"
}