{
  "actions": [
    {
      "acted_at": "2015-06-02T15:17:45-04:00", 
      "action_code": "H32140", 
      "references": [
        {
          "reference": "CR H3675", 
          "type": "consideration"
        }
      ], 
      "text": "By unanimous consent, the Goodlatte amendment was withdrawn.", 
      "type": "action"
    }, 
    {
      "acted_at": "2015-06-02T15:12:52-04:00", 
      "action_code": "H3A100", 
      "references": [
        {
          "reference": "CR H3674-3675", 
          "type": "consideration"
        }, 
        {
          "reference": "CR H3674", 
          "type": "text"
        }
      ], 
      "text": "Amendment (A001) offered by Mr. Goodlatte.", 
      "type": "action"
    }, 
    {
      "acted_at": "2015-06-02", 
      "action_code": "", 
      "references": [], 
      "text": "", 
      "type": "action"
    }, 
    {
      "acted_at": "2015-06-02", 
      "action_code": "71000", 
      "references": [], 
      "text": "House amendment offered", 
      "type": "action"
    }, 
    {
      "acted_at": "2015-06-02T15:12:52-04:00", 
      "action_code": "71500", 
      "references": [
        {
          "reference": "CR H3674-3675", 
          "type": "consideration"
        }, 
        {
          "reference": "CR H3674", 
          "type": "text"
        }
      ], 
      "text": "House amendment offered/reported by : Amendment (A001) offered by Mr. Goodlatte.", 
      "type": "action"
    }
  ], 
  "amendment_id": "hamdt269-114", 
  "amendment_type": "hamdt", 
  "amends_amendment": null, 
  "amends_bill": {
    "bill_id": "hr2578-114", 
    "bill_type": "hr", 
    "congress": 114, 
    "number": 2578
  }, 
  "amends_treaty": null, 
  "chamber": "h", 
  "congress": "114", 
  "description": null, 
  "introduced_at": "2015-06-02", 
  "number": 269, 
  "purpose": "An amendment to decrease funding levels in various accounts.", 
  "sponsor": {
    "bioguide_id": "G000289", 
    "district": "6", 
    "name": "Goodlatte, Bob", 
    "state": "VA", 
    "thomas_id": "00446", 
    "title": "Rep", 
    "type": "person"
  }, 
  "status": "offered", 
  "status_at": "2015-06-02", 
  "updated_at": "2016-08-01T13:27:41Z"
}