{
  "actions": [
    {
      "acted_at": "2015-07-08T17:51:54-04:00", 
      "action_code": "H32111", 
      "how": "roll", 
      "references": [
        {
          "reference": "CR H4926-4927", 
          "type": "consideration"
        }
      ], 
      "result": "fail", 
      "roll": 413, 
      "text": "On agreeing to the Wilson (FL) amendment (A033) Failed by recorded vote: 192 - 237 (Roll no. 413).", 
      "type": "vote", 
      "vote_type": "vote", 
      "where": "h"
    }, 
    {
      "acted_at": "2015-02-26T21:33:42-05:00", 
      "action_code": "H3A100", 
      "references": [
        {
          "reference": "CR H1286-1289", 
          "type": "consideration"
        }, 
        {
          "reference": "CR H1286-1289", 
          "type": "text"
        }
      ], 
      "text": "Amendment (A033) offered by Ms. Wilson (FL).", 
      "type": "action"
    }, 
    {
      "acted_at": "2015-02-26", 
      "action_code": "", 
      "references": [], 
      "text": "", 
      "type": "action"
    }, 
    {
      "acted_at": "2015-02-26", 
      "action_code": "71000", 
      "references": [], 
      "text": "House amendment offered", 
      "type": "action"
    }, 
    {
      "acted_at": "2015-02-26T21:33:42-05:00", 
      "action_code": "71500", 
      "references": [
        {
          "reference": "CR H1286-1289", 
          "type": "consideration"
        }, 
        {
          "reference": "CR H1286-1289", 
          "type": "text"
        }
      ], 
      "text": "House amendment offered/reported by : Amendment (A033) offered by Ms. Wilson (FL).", 
      "type": "action"
    }, 
    {
      "acted_at": "2015-07-08T17:51:54-04:00", 
      "action_code": "73000", 
      "references": [
        {
          "reference": "CR H4926-4927", 
          "type": "consideration"
        }
      ], 
      "text": "House amendment not agreed to: On agreeing to the Wilson (FL) amendment (A033) Failed by recorded vote: 192 - 237 (Roll no. 413).", 
      "type": "action"
    }, 
    {
      "acted_at": "2015-07-08T17:51:54-04:00", 
      "action_code": "75000", 
      "references": [], 
      "text": "Roll call votes on amendments in House", 
      "type": "action"
    }, 
    {
      "acted_at": "2015-07-08T17:51:54-04:00", 
      "action_code": "77000", 
      "references": [], 
      "text": "Amendment failed in Committee of the Whole", 
      "type": "action"
    }
  ], 
  "amendment_id": "hamdt56-114", 
  "amendment_type": "hamdt", 
  "amends_amendment": null, 
  "amends_bill": {
    "bill_id": "hr5-114", 
    "bill_type": "hr", 
    "congress": 114, 
    "number": 5
  }, 
  "amends_treaty": null, 
  "chamber": "h", 
  "congress": "114", 
  "description": "Amendment sought to provide for school dropout prevention and reentry programs and provides grants to raise academic achievement levels for all students.", 
  "introduced_at": "2015-02-26", 
  "number": 56, 
  "purpose": "An amendment No. 33 printed in part B of House Report 114-29 to provide for school dropout prevention and reentry and provides grants to raise academic achievement levels for all students.", 
  "sponsor": {
    "bioguide_id": "W000808", 
    "district": "24", 
    "name": "Wilson, Frederica S.", 
    "state": "FL", 
    "thomas_id": "02004", 
    "title": "Rep", 
    "type": "person"
  }, 
  "status": "fail", 
  "status_at": "2015-07-08T17:51:54-04:00", 
  "updated_at": "2016-08-01T13:26:00Z"
}