{
  "actions": [
    {
      "acted_at": "2015-04-23T10:46:03-04:00", 
      "action_code": "H32111", 
      "how": "by voice vote", 
      "references": [], 
      "result": "pass", 
      "text": "On agreeing to the Mulvaney amendment (A008) Agreed to by voice vote.", 
      "type": "vote", 
      "vote_type": "vote", 
      "where": "h"
    }, 
    {
      "acted_at": "2015-04-23T10:38:26-04:00", 
      "action_code": "H3A100", 
      "references": [
        {
          "reference": "CR H2439-2440", 
          "type": "consideration"
        }, 
        {
          "reference": "CR H2439", 
          "type": "text"
        }
      ], 
      "text": "Amendment (A008) offered by Mr. Mulvaney.", 
      "type": "action"
    }, 
    {
      "acted_at": "2015-04-23", 
      "action_code": "", 
      "references": [], 
      "text": "", 
      "type": "action"
    }, 
    {
      "acted_at": "2015-04-23", 
      "action_code": "71000", 
      "references": [], 
      "text": "House amendment offered", 
      "type": "action"
    }, 
    {
      "acted_at": "2015-04-23T10:38:26-04:00", 
      "action_code": "71500", 
      "references": [
        {
          "reference": "CR H2439-2440", 
          "type": "consideration"
        }, 
        {
          "reference": "CR H2439", 
          "type": "text"
        }
      ], 
      "text": "House amendment offered/reported by : Amendment (A008) offered by Mr. Mulvaney.", 
      "type": "action"
    }, 
    {
      "acted_at": "2015-04-23T10:46:03-04:00", 
      "action_code": "72000", 
      "references": [], 
      "text": "House amendment agreed to: On agreeing to the Mulvaney amendment (A008) Agreed to by voice vote.", 
      "type": "action"
    }, 
    {
      "acted_at": "2015-04-23T10:46:03-04:00", 
      "action_code": "76000", 
      "references": [], 
      "text": "Amendment agreed to Committee of the Whole", 
      "type": "action"
    }
  ], 
  "amendment_id": "hamdt104-114", 
  "amendment_type": "hamdt", 
  "amends_amendment": null, 
  "amends_bill": {
    "bill_id": "hr1731-114", 
    "bill_type": "hr", 
    "congress": 114, 
    "number": 1731
  }, 
  "amends_treaty": null, 
  "chamber": "h", 
  "congress": "114", 
  "description": "Add at the end the following new section:    SEC.___.SUNSET.    This Act and the amendments made by this Act shall terminate on the date that is seven years after the date of the enactment of this Act.", 
  "introduced_at": "2015-04-23", 
  "number": 104, 
  "purpose": "An amendment numbered 8 printed in Part B of House Report 114-88 to sunset the provisions of the bill after 7 years.", 
  "sponsor": {
    "bioguide_id": "M001182", 
    "district": "5", 
    "name": "Mulvaney, Mick", 
    "state": "SC", 
    "thomas_id": "02059", 
    "title": "Rep", 
    "type": "person"
  }, 
  "status": "pass", 
  "status_at": "2015-04-23T10:46:03-04:00", 
  "updated_at": "2016-08-01T13:27:05Z"
}