{
  "actions": [
    {
      "acted_at": "2015-06-09T16:28:32-04:00", 
      "action_code": "H32111", 
      "how": "by voice vote", 
      "references": [], 
      "result": "pass", 
      "text": "On agreeing to the Walorski amendment (A003) Agreed to by voice vote.", 
      "type": "vote", 
      "vote_type": "vote", 
      "where": "h"
    }, 
    {
      "acted_at": "2015-06-09T16:24:39-04:00", 
      "action_code": "H3A100", 
      "references": [
        {
          "reference": "CR H3950", 
          "type": "consideration"
        }, 
        {
          "reference": "H3950", 
          "type": "text"
        }
      ], 
      "text": "Amendment (A003) offered by Mrs. Walorski.", 
      "type": "action"
    }, 
    {
      "acted_at": "2015-06-09", 
      "action_code": "", 
      "references": [], 
      "text": "", 
      "type": "action"
    }, 
    {
      "acted_at": "2015-06-09", 
      "action_code": "71000", 
      "references": [], 
      "text": "House amendment offered", 
      "type": "action"
    }, 
    {
      "acted_at": "2015-06-09T16:24:39-04:00", 
      "action_code": "71500", 
      "references": [
        {
          "reference": "CR H3950", 
          "type": "consideration"
        }, 
        {
          "reference": "H3950", 
          "type": "text"
        }
      ], 
      "text": "House amendment offered/reported by : Amendment (A003) offered by Mrs. Walorski.", 
      "type": "action"
    }, 
    {
      "acted_at": "2015-06-09T16:28:32-04:00", 
      "action_code": "72000", 
      "references": [], 
      "text": "House amendment agreed to: On agreeing to the Walorski amendment (A003) Agreed to by voice vote.", 
      "type": "action"
    }, 
    {
      "acted_at": "2015-06-09T16:28:32-04:00", 
      "action_code": "76000", 
      "references": [], 
      "text": "Amendment agreed to Committee of the Whole", 
      "type": "action"
    }
  ], 
  "amendment_id": "hamdt416-114", 
  "amendment_type": "hamdt", 
  "amends_amendment": null, 
  "amends_bill": {
    "bill_id": "hr2289-114", 
    "bill_type": "hr", 
    "congress": 114, 
    "number": 2289
  }, 
  "amends_treaty": null, 
  "chamber": "h", 
  "congress": "114", 
  "description": "Amendment requires that the CFTC also provide updates of the status of its consultations with U.S. producers and consumers of aluminum.", 
  "introduced_at": "2015-06-09", 
  "number": 416, 
  "purpose": "An amendment No. 5 printed in House Report 114-136 to add language clarifying that status of consultations with all U.S. market participants including major producers and consumers should be added to the bill.", 
  "sponsor": {
    "bioguide_id": "W000813", 
    "district": "2", 
    "name": "Walorski, Jackie", 
    "state": "IN", 
    "thomas_id": "02128", 
    "title": "Rep", 
    "type": "person"
  }, 
  "status": "pass", 
  "status_at": "2015-06-09T16:28:32-04:00", 
  "updated_at": "2016-08-01T13:27:30Z"
}