{
  "actions": [
    {
      "acted_at": "2015-06-10T22:17:11-04:00", 
      "action_code": "H32111", 
      "how": "roll", 
      "references": [], 
      "result": "pass", 
      "roll": 335, 
      "text": "On agreeing to the Huffman amendment (A026) Agreed to by recorded vote: 252 - 179 (Roll no. 335).", 
      "type": "vote", 
      "vote_type": "vote", 
      "where": "h"
    }, 
    {
      "acted_at": "2015-06-10T19:14:22-04:00", 
      "action_code": "H3A100", 
      "references": [
        {
          "reference": "CR H4081, H4106-4107", 
          "type": "consideration"
        }, 
        {
          "reference": "CR H4081", 
          "type": "text"
        }
      ], 
      "text": "Amendment (A026) offered by Mr. Huffman.", 
      "type": "action"
    }, 
    {
      "acted_at": "2015-06-10", 
      "action_code": "", 
      "references": [], 
      "text": "", 
      "type": "action"
    }, 
    {
      "acted_at": "2015-06-10", 
      "action_code": "71000", 
      "references": [], 
      "text": "House amendment offered", 
      "type": "action"
    }, 
    {
      "acted_at": "2015-06-10T19:14:22-04:00", 
      "action_code": "71500", 
      "references": [
        {
          "reference": "CR H4081, H4106-4107", 
          "type": "consideration"
        }, 
        {
          "reference": "CR H4081", 
          "type": "text"
        }
      ], 
      "text": "House amendment offered/reported by : Amendment (A026) offered by Mr. Huffman.", 
      "type": "action"
    }, 
    {
      "acted_at": "2015-06-10T22:17:11-04:00", 
      "action_code": "72000", 
      "references": [], 
      "text": "House amendment agreed to: On agreeing to the Huffman amendment (A026) Agreed to by recorded vote: 252 - 179 (Roll no. 335).", 
      "type": "action"
    }, 
    {
      "acted_at": "2015-06-10T22:17:11-04:00", 
      "action_code": "75000", 
      "references": [], 
      "text": "Roll call votes on amendments in House", 
      "type": "action"
    }, 
    {
      "acted_at": "2015-06-10T22:17:11-04:00", 
      "action_code": "76000", 
      "references": [], 
      "text": "Amendment agreed to Committee of the Whole", 
      "type": "action"
    }
  ], 
  "amendment_id": "hamdt466-114", 
  "amendment_type": "hamdt", 
  "amends_amendment": null, 
  "amends_bill": {
    "bill_id": "hr2685-114", 
    "bill_type": "hr", 
    "congress": 114, 
    "number": 2685
  }, 
  "amends_treaty": null, 
  "chamber": "h", 
  "congress": "114", 
  "description": "Amendment strikes section 8053 regarding funds for implementing cost-effective agreements for required heating facility modernization in the Kaiserslautern Military Community in the Federal Republic of Germany.", 
  "introduced_at": "2015-06-10", 
  "number": 466, 
  "purpose": "An amendment numbered 4 printed in the Congressional Record to strike section 8053 regarding Kaiserslautem coal.", 
  "sponsor": {
    "bioguide_id": "H001068", 
    "district": "2", 
    "name": "Huffman, Jared", 
    "state": "CA", 
    "thomas_id": "02101", 
    "title": "Rep", 
    "type": "person"
  }, 
  "status": "pass", 
  "status_at": "2015-06-10T22:17:11-04:00", 
  "updated_at": "2016-08-01T13:27:47Z"
}