{
  "actions": [
    {
      "acted_at": "2015-06-02T17:04:04-04:00", 
      "action_code": "H32111", 
      "how": "by voice vote", 
      "references": [], 
      "result": "pass", 
      "text": "On agreeing to the Smith (TX) amendment (A014) Agreed to by voice vote.", 
      "type": "vote", 
      "vote_type": "vote", 
      "where": "h"
    }, 
    {
      "acted_at": "2015-06-02T16:56:42-04:00", 
      "action_code": "H3A100", 
      "references": [
        {
          "reference": "CR H3687-3688", 
          "type": "consideration"
        }, 
        {
          "reference": "CR H3687", 
          "type": "text"
        }
      ], 
      "text": "Amendment (A014) offered by Mr. Smith (TX).", 
      "type": "action"
    }, 
    {
      "acted_at": "2015-06-02", 
      "action_code": "", 
      "references": [], 
      "text": "", 
      "type": "action"
    }, 
    {
      "acted_at": "2015-06-02", 
      "action_code": "71000", 
      "references": [], 
      "text": "House amendment offered", 
      "type": "action"
    }, 
    {
      "acted_at": "2015-06-02T16:56:42-04:00", 
      "action_code": "71500", 
      "references": [
        {
          "reference": "CR H3687-3688", 
          "type": "consideration"
        }, 
        {
          "reference": "CR H3687", 
          "type": "text"
        }
      ], 
      "text": "House amendment offered/reported by : Amendment (A014) offered by Mr. Smith (TX).", 
      "type": "action"
    }, 
    {
      "acted_at": "2015-06-02T17:04:04-04:00", 
      "action_code": "72000", 
      "references": [], 
      "text": "House amendment agreed to: On agreeing to the Smith (TX) amendment (A014) Agreed to by voice vote.", 
      "type": "action"
    }, 
    {
      "acted_at": "2015-06-02T17:04:04-04:00", 
      "action_code": "76000", 
      "references": [], 
      "text": "Amendment agreed to Committee of the Whole", 
      "type": "action"
    }
  ], 
  "amendment_id": "hamdt282-114", 
  "amendment_type": "hamdt", 
  "amends_amendment": null, 
  "amends_bill": {
    "bill_id": "hr2578-114", 
    "bill_type": "hr", 
    "congress": 114, 
    "number": 2578
  }, 
  "amends_treaty": null, 
  "chamber": "h", 
  "congress": "114", 
  "description": "Amendment provides $5 million more for weather lab research in NOAA to total the the $80 million authorized, and also provides $16 million more for weather research technology transfer in NOAA's Office of Oceanic and Atmospheric Research to total the $20 million authorized to implement a labs and Cooperative Institutes research-to-operations program.", 
  "introduced_at": "2015-06-02", 
  "number": 282, 
  "purpose": "An amendment to reduce and then increase funding for NOAA Operations, Research and Facilities by $21 million.", 
  "sponsor": {
    "bioguide_id": "S000583", 
    "district": "21", 
    "name": "Smith, Lamar", 
    "state": "TX", 
    "thomas_id": "01075", 
    "title": "Rep", 
    "type": "person"
  }, 
  "status": "pass", 
  "status_at": "2015-06-02T17:04:04-04:00", 
  "updated_at": "2016-08-01T13:27:41Z"
}