{
  "actions": [
    {
      "acted_at": "2015-04-29T19:54:08-04:00", 
      "action_code": "H32140", 
      "references": [
        {
          "reference": "CR H2620", 
          "type": "consideration"
        }
      ], 
      "text": "By unanimous consent, the Farenthold amendment was withdrawn.", 
      "type": "action"
    }, 
    {
      "acted_at": "2015-04-29T19:49:09-04:00", 
      "action_code": "H3A100", 
      "references": [
        {
          "reference": "CR H2620", 
          "type": "consideration"
        }, 
        {
          "reference": "CR H2620", 
          "type": "text"
        }
      ], 
      "text": "Amendment (A040) offered by Mr. Farenthold.", 
      "type": "action"
    }, 
    {
      "acted_at": "2015-04-29", 
      "action_code": "", 
      "references": [], 
      "text": "", 
      "type": "action"
    }, 
    {
      "acted_at": "2015-04-29", 
      "action_code": "71000", 
      "references": [], 
      "text": "House amendment offered", 
      "type": "action"
    }, 
    {
      "acted_at": "2015-04-29T19:49:09-04:00", 
      "action_code": "71500", 
      "references": [
        {
          "reference": "CR H2620", 
          "type": "consideration"
        }, 
        {
          "reference": "CR H2620", 
          "type": "text"
        }
      ], 
      "text": "House amendment offered/reported by : Amendment (A040) offered by Mr. Farenthold.", 
      "type": "action"
    }
  ], 
  "amendment_id": "hamdt147-114", 
  "amendment_type": "hamdt", 
  "amends_amendment": null, 
  "amends_bill": {
    "bill_id": "hr2029-114", 
    "bill_type": "hr", 
    "congress": 114, 
    "number": 2029
  }, 
  "amends_treaty": null, 
  "chamber": "h", 
  "congress": "114", 
  "description": null, 
  "introduced_at": "2015-04-29", 
  "number": 147, 
  "purpose": "An amendment to prohibit use of funds to pay the salary of any VA employee who received an unsatisfactory work performance review in FY 2015.", 
  "sponsor": {
    "bioguide_id": "F000460", 
    "district": "27", 
    "name": "Farenthold, Blake", 
    "state": "TX", 
    "thomas_id": "02067", 
    "title": "Rep", 
    "type": "person"
  }, 
  "status": "offered", 
  "status_at": "2015-04-29", 
  "updated_at": "2016-08-01T13:27:20Z"
}