{
  "actions": [
    {
      "acted_at": "2015-05-01T10:11:41-04:00", 
      "action_code": "H32111", 
      "how": "roll", 
      "references": [
        {
          "reference": "CR H2779", 
          "type": "consideration"
        }
      ], 
      "result": "pass", 
      "roll": 211, 
      "text": "On agreeing to the McClintock amendment (A058) Agreed to by recorded vote: 228 - 183 (Roll no. 211).", 
      "type": "vote", 
      "vote_type": "vote", 
      "where": "h"
    }, 
    {
      "acted_at": "2015-05-01T01:20:34-04:00", 
      "action_code": "H3A100", 
      "references": [
        {
          "reference": "CR 04/30/2015 H2761-2762", 
          "type": "consideration"
        }, 
        {
          "reference": "CR 04/30/2015 H2761", 
          "type": "text"
        }
      ], 
      "text": "Amendment (A058) offered by Mr. McClintock.", 
      "type": "action"
    }, 
    {
      "acted_at": "2015-05-01", 
      "action_code": "", 
      "references": [], 
      "text": "", 
      "type": "action"
    }, 
    {
      "acted_at": "2015-05-01", 
      "action_code": "71000", 
      "references": [], 
      "text": "House amendment offered", 
      "type": "action"
    }, 
    {
      "acted_at": "2015-05-01T01:20:34-04:00", 
      "action_code": "71500", 
      "references": [
        {
          "reference": "CR 04/30/2015 H2761-2762", 
          "type": "consideration"
        }, 
        {
          "reference": "CR 04/30/2015 H2761", 
          "type": "text"
        }
      ], 
      "text": "House amendment offered/reported by : Amendment (A058) offered by Mr. McClintock.", 
      "type": "action"
    }, 
    {
      "acted_at": "2015-05-01T10:11:41-04:00", 
      "action_code": "72000", 
      "references": [
        {
          "reference": "CR H2779", 
          "type": "consideration"
        }
      ], 
      "text": "House amendment agreed to: On agreeing to the McClintock amendment (A058) Agreed to by recorded vote: 228 - 183 (Roll no. 211).", 
      "type": "action"
    }, 
    {
      "acted_at": "2015-05-01T10:11:41-04:00", 
      "action_code": "75000", 
      "references": [], 
      "text": "Roll call votes on amendments in House", 
      "type": "action"
    }, 
    {
      "acted_at": "2015-05-01T10:11:41-04:00", 
      "action_code": "76000", 
      "references": [], 
      "text": "Amendment agreed to Committee of the Whole", 
      "type": "action"
    }
  ], 
  "amendment_id": "hamdt208-114", 
  "amendment_type": "hamdt", 
  "amends_amendment": null, 
  "amends_bill": {
    "bill_id": "hr2028-114", 
    "bill_type": "hr", 
    "congress": 114, 
    "number": 2028
  }, 
  "amends_treaty": null, 
  "chamber": "h", 
  "congress": "114", 
  "description": "Page 57, after line 11, insert the following:    Sec. 507. None of the funds made available by this Act may be used to purchase water to supplement or enhance the instream flow requirements in the State of California that are mandated under the Endangered Species Act of 1973, the Central Valley Project Improvement Act, or the National Environmental Policy Act of 1969.", 
  "introduced_at": "2015-05-01", 
  "number": 208, 
  "purpose": "An amendment to prohibit use of funds for the purchase of water to supplement or enhance instream water flow requirements in California.", 
  "sponsor": {
    "bioguide_id": "M001177", 
    "district": "4", 
    "name": "McClintock, Tom", 
    "state": "CA", 
    "thomas_id": "01908", 
    "title": "Rep", 
    "type": "person"
  }, 
  "status": "pass", 
  "status_at": "2015-05-01T10:11:41-04:00", 
  "updated_at": "2016-08-01T13:27:19Z"
}