{
  "actions": [
    {
      "acted_at": "2015-05-01T01:01:53-04:00", 
      "action_code": "H32111", 
      "how": "by voice vote", 
      "references": [], 
      "result": "pass", 
      "text": "On agreeing to the Blackburn amendment (A055) Agreed to by voice vote.", 
      "type": "vote", 
      "vote_type": "vote", 
      "where": "h"
    }, 
    {
      "acted_at": "2015-05-01T00:55:27-04:00", 
      "action_code": "H3A100", 
      "references": [
        {
          "reference": "CR 04/30/2015 H2759", 
          "type": "consideration"
        }, 
        {
          "reference": "CR 04/30/2015 H2759", 
          "type": "text"
        }
      ], 
      "text": "Amendment (A055) offered by Mrs. Blackburn.", 
      "type": "action"
    }, 
    {
      "acted_at": "2015-05-01", 
      "action_code": "", 
      "references": [], 
      "text": "", 
      "type": "action"
    }, 
    {
      "acted_at": "2015-05-01", 
      "action_code": "71000", 
      "references": [], 
      "text": "House amendment offered", 
      "type": "action"
    }, 
    {
      "acted_at": "2015-05-01T00:55:27-04:00", 
      "action_code": "71500", 
      "references": [
        {
          "reference": "CR 04/30/2015 H2759", 
          "type": "consideration"
        }, 
        {
          "reference": "CR 04/30/2015 H2759", 
          "type": "text"
        }
      ], 
      "text": "House amendment offered/reported by : Amendment (A055) offered by Mrs. Blackburn.", 
      "type": "action"
    }, 
    {
      "acted_at": "2015-05-01T01:01:53-04:00", 
      "action_code": "72000", 
      "references": [], 
      "text": "House amendment agreed to: On agreeing to the Blackburn amendment (A055) Agreed to by voice vote.", 
      "type": "action"
    }, 
    {
      "acted_at": "2015-05-01T01:01:53-04:00", 
      "action_code": "76000", 
      "references": [], 
      "text": "Amendment agreed to Committee of the Whole", 
      "type": "action"
    }
  ], 
  "amendment_id": "hamdt205-114", 
  "amendment_type": "hamdt", 
  "amends_amendment": null, 
  "amends_bill": {
    "bill_id": "hr2028-114", 
    "bill_type": "hr", 
    "congress": 114, 
    "number": 2028
  }, 
  "amends_treaty": null, 
  "chamber": "h", 
  "congress": "114", 
  "description": "At the end of the bill, before the short title, add the following new section:    Sec. 507. None of the funds made available by this Act may be used to finalize, promulgate, or enforce the Department of Energy's proposed rule entitled \"Energy Conservation Program for Consumer Products: Energy Conservation Standards for Residential Furnaces\" (80 Fed. Reg. 48: March 12, 2015).", 
  "introduced_at": "2015-05-01", 
  "number": 205, 
  "purpose": "An amendment No. 13 printed in the Congressional Record to prohibit use of funds to finalize, promulgate, or enforce the DOE's proposed rule entitled \"Energy Conservation Program for Consumer Products: Energy Conservation Standards for Residential Furnaces\".", 
  "sponsor": {
    "bioguide_id": "B001243", 
    "district": "7", 
    "name": "Blackburn, Marsha", 
    "state": "TN", 
    "thomas_id": "01748", 
    "title": "Rep", 
    "type": "person"
  }, 
  "status": "pass", 
  "status_at": "2015-05-01T01:01:53-04:00", 
  "updated_at": "2016-08-01T13:27:19Z"
}