{
  "actions": [
    {
      "acted_at": "2015-02-26T21:04:44-05:00", 
      "action_code": "H32111", 
      "how": "by voice vote", 
      "references": [], 
      "result": "pass", 
      "text": "On agreeing to the Nolan amendment (A028) Agreed to by voice vote.", 
      "type": "vote", 
      "vote_type": "vote", 
      "where": "h"
    }, 
    {
      "acted_at": "2015-02-26T20:57:39-05:00", 
      "action_code": "H3A100", 
      "references": [
        {
          "reference": "CR H1281-1283", 
          "type": "consideration"
        }, 
        {
          "reference": "CR H1281", 
          "type": "text"
        }
      ], 
      "text": "Amendment (A028) offered by Mr. Nolan.", 
      "type": "action"
    }, 
    {
      "acted_at": "2015-02-26", 
      "action_code": "", 
      "references": [], 
      "text": "", 
      "type": "action"
    }, 
    {
      "acted_at": "2015-02-26", 
      "action_code": "71000", 
      "references": [], 
      "text": "House amendment offered", 
      "type": "action"
    }, 
    {
      "acted_at": "2015-02-26T20:57:39-05:00", 
      "action_code": "71500", 
      "references": [
        {
          "reference": "CR H1281-1283", 
          "type": "consideration"
        }, 
        {
          "reference": "CR H1281", 
          "type": "text"
        }
      ], 
      "text": "House amendment offered/reported by : Amendment (A028) offered by Mr. Nolan.", 
      "type": "action"
    }, 
    {
      "acted_at": "2015-02-26T21:04:44-05:00", 
      "action_code": "72000", 
      "references": [], 
      "text": "House amendment agreed to: On agreeing to the Nolan amendment (A028) Agreed to by voice vote.", 
      "type": "action"
    }, 
    {
      "acted_at": "2015-02-26T21:04:44-05:00", 
      "action_code": "76000", 
      "references": [], 
      "text": "Amendment agreed to Committee of the Whole", 
      "type": "action"
    }
  ], 
  "amendment_id": "hamdt51-114", 
  "amendment_type": "hamdt", 
  "amends_amendment": null, 
  "amends_bill": {
    "bill_id": "hr5-114", 
    "bill_type": "hr", 
    "congress": 114, 
    "number": 5
  }, 
  "amends_treaty": null, 
  "chamber": "h", 
  "congress": "114", 
  "description": "Amendment provides for expression of policy of the United States with respect to the education of Indian children to ensure that Indian children do not attend school in buildings that are dilapidated or deteriorating, as part of the unique and continuing relationship with and responsibility to, the Indian people.", 
  "introduced_at": "2015-02-26", 
  "number": 51, 
  "purpose": "An amendment No. 28 printed in part B of House Report 114-29 to amend the current stated policy of the United States with respect to the education of Indian children to ensure that Indian children do not attend school in buildings that are dilapidated or deteriorating, as part of the unique and continuing trust relationship with, and responsibility to, the Indian people.", 
  "sponsor": {
    "bioguide_id": "N000127", 
    "district": "8", 
    "name": "Nolan, Richard M.", 
    "state": "MN", 
    "thomas_id": "00867", 
    "title": "Rep", 
    "type": "person"
  }, 
  "status": "pass", 
  "status_at": "2015-02-26T21:04:44-05:00", 
  "updated_at": "2016-08-01T13:26:00Z"
}