{
  "actions": [
    {
      "acted_at": "2015-06-09T22:56:03-04:00", 
      "action_code": "H32111", 
      "how": "roll", 
      "references": [], 
      "result": "pass", 
      "roll": 323, 
      "text": "On agreeing to the Garrett amendment (A068) Agreed to by recorded vote: 231 - 195 (Roll no. 323).", 
      "type": "vote", 
      "vote_type": "vote", 
      "where": "h"
    }, 
    {
      "acted_at": "2015-06-09T20:44:32-04:00", 
      "action_code": "H3A100", 
      "references": [
        {
          "reference": "CR H3979-3980, H3993", 
          "type": "consideration"
        }, 
        {
          "reference": "CR H3979", 
          "type": "text"
        }
      ], 
      "text": "Amendment (A068) offered by Mr. Garrett.", 
      "type": "action"
    }, 
    {
      "acted_at": "2015-06-09", 
      "action_code": "", 
      "references": [], 
      "text": "", 
      "type": "action"
    }, 
    {
      "acted_at": "2015-06-09", 
      "action_code": "71000", 
      "references": [], 
      "text": "House amendment offered", 
      "type": "action"
    }, 
    {
      "acted_at": "2015-06-09T20:44:32-04:00", 
      "action_code": "71500", 
      "references": [
        {
          "reference": "CR H3979-3980, H3993", 
          "type": "consideration"
        }, 
        {
          "reference": "CR H3979", 
          "type": "text"
        }
      ], 
      "text": "House amendment offered/reported by : Amendment (A068) offered by Mr. Garrett.", 
      "type": "action"
    }, 
    {
      "acted_at": "2015-06-09T22:56:03-04:00", 
      "action_code": "72000", 
      "references": [], 
      "text": "House amendment agreed to: On agreeing to the Garrett amendment (A068) Agreed to by recorded vote: 231 - 195 (Roll no. 323).", 
      "type": "action"
    }, 
    {
      "acted_at": "2015-06-09T22:56:03-04:00", 
      "action_code": "75000", 
      "references": [], 
      "text": "Roll call votes on amendments in House", 
      "type": "action"
    }, 
    {
      "acted_at": "2015-06-09T22:56:03-04:00", 
      "action_code": "76000", 
      "references": [], 
      "text": "Amendment agreed to Committee of the Whole", 
      "type": "action"
    }
  ], 
  "amendment_id": "hamdt428-114", 
  "amendment_type": "hamdt", 
  "amends_amendment": null, 
  "amends_bill": {
    "bill_id": "hr2577-114", 
    "bill_type": "hr", 
    "congress": 114, 
    "number": 2577
  }, 
  "amends_treaty": null, 
  "chamber": "h", 
  "congress": "114", 
  "description": "Amendment prohibits use of funds to implement economic sanctions which weaken credit availability and job creation through use of disparate impact.", 
  "introduced_at": "2015-06-09", 
  "number": 428, 
  "purpose": "An amendment to prohibit the use of funds to implement, administer, or enforce the final rule entitled \"Implementation of the Fair Housing Act's Discriminatory Effects Standard\", published by the Department of Housing and Urban Development.", 
  "sponsor": {
    "bioguide_id": "G000548", 
    "district": "5", 
    "name": "Garrett, Scott", 
    "state": "NJ", 
    "thomas_id": "01737", 
    "title": "Rep", 
    "type": "person"
  }, 
  "status": "pass", 
  "status_at": "2015-06-09T22:56:03-04:00", 
  "updated_at": "2016-08-26T08:52:19Z"
}