{
  "actions": [
    {
      "acted_at": "2015-04-23T10:33:44-04:00", 
      "action_code": "H32111", 
      "how": "by voice vote", 
      "references": [], 
      "result": "pass", 
      "text": "On agreeing to the Castro (TX) amendment (A006) Agreed to by voice vote.", 
      "type": "vote", 
      "vote_type": "vote", 
      "where": "h"
    }, 
    {
      "acted_at": "2015-04-23T10:28:23-04:00", 
      "action_code": "H3A100", 
      "references": [
        {
          "reference": "CR H2437-2438", 
          "type": "consideration"
        }, 
        {
          "reference": "CR H2437-2438", 
          "type": "text"
        }
      ], 
      "text": "Amendment (A006) offered by Mr. Castro (TX).", 
      "type": "action"
    }, 
    {
      "acted_at": "2015-04-23", 
      "action_code": "", 
      "references": [], 
      "text": "", 
      "type": "action"
    }, 
    {
      "acted_at": "2015-04-23", 
      "action_code": "71000", 
      "references": [], 
      "text": "House amendment offered", 
      "type": "action"
    }, 
    {
      "acted_at": "2015-04-23T10:28:23-04:00", 
      "action_code": "71500", 
      "references": [
        {
          "reference": "CR H2437-2438", 
          "type": "consideration"
        }, 
        {
          "reference": "CR H2437-2438", 
          "type": "text"
        }
      ], 
      "text": "House amendment offered/reported by : Amendment (A006) offered by Mr. Castro (TX).", 
      "type": "action"
    }, 
    {
      "acted_at": "2015-04-23T10:33:44-04:00", 
      "action_code": "72000", 
      "references": [], 
      "text": "House amendment agreed to: On agreeing to the Castro (TX) amendment (A006) Agreed to by voice vote.", 
      "type": "action"
    }, 
    {
      "acted_at": "2015-04-23T10:33:44-04:00", 
      "action_code": "76000", 
      "references": [], 
      "text": "Amendment agreed to Committee of the Whole", 
      "type": "action"
    }
  ], 
  "amendment_id": "hamdt102-114", 
  "amendment_type": "hamdt", 
  "amends_amendment": null, 
  "amends_bill": {
    "bill_id": "hr1731-114", 
    "bill_type": "hr", 
    "congress": 114, 
    "number": 1731
  }, 
  "amends_treaty": null, 
  "chamber": "h", 
  "congress": "114", 
  "description": "Amendment codifies the establishment of the National Cybersecurity Preparedness Consortium (NCPC) made up of university partners and other stakeholders who proactively coordinate to assist state and local officials in cyber security preparation and prevention of cyber attacks.", 
  "introduced_at": "2015-04-23", 
  "number": 102, 
  "purpose": "An amendment numbered 6 printed in Part B of House Report 114-88 to codify the establishment of the National Cybersecurity Preparedness Consortium (NCPC) made up of university partners and other stakeholders who proactively coordinate to assist state and local officials in cyber security preparation and prevention of cyber attacks.", 
  "sponsor": {
    "bioguide_id": "C001091", 
    "district": "20", 
    "name": "Castro, Joaquin", 
    "state": "TX", 
    "thomas_id": "02163", 
    "title": "Rep", 
    "type": "person"
  }, 
  "status": "pass", 
  "status_at": "2015-04-23T10:33:44-04:00", 
  "updated_at": "2016-08-01T13:27:05Z"
}