{
  "actions": [
    {
      "acted_at": "2015-04-29T22:50:18-04:00", 
      "action_code": "H32111", 
      "how": "by voice vote", 
      "references": [], 
      "result": "pass", 
      "text": "On agreeing to the Lamborn amendment (A016) Agreed to by voice vote.", 
      "type": "vote", 
      "vote_type": "vote", 
      "where": "h"
    }, 
    {
      "acted_at": "2015-04-29T22:48:42-04:00", 
      "action_code": "H3A100", 
      "references": [
        {
          "reference": "CR H2646-2647", 
          "type": "consideration"
        }, 
        {
          "reference": "CR H2646", 
          "type": "text"
        }
      ], 
      "text": "Amendment (A016) offered by Mr. Lamborn.", 
      "type": "action"
    }, 
    {
      "acted_at": "2015-04-29", 
      "action_code": "", 
      "references": [], 
      "text": "", 
      "type": "action"
    }, 
    {
      "acted_at": "2015-04-29", 
      "action_code": "71000", 
      "references": [], 
      "text": "House amendment offered", 
      "type": "action"
    }, 
    {
      "acted_at": "2015-04-29T22:48:42-04:00", 
      "action_code": "71500", 
      "references": [
        {
          "reference": "CR H2646-2647", 
          "type": "consideration"
        }, 
        {
          "reference": "CR H2646", 
          "type": "text"
        }
      ], 
      "text": "House amendment offered/reported by : Amendment (A016) offered by Mr. Lamborn.", 
      "type": "action"
    }, 
    {
      "acted_at": "2015-04-29T22:50:18-04:00", 
      "action_code": "72000", 
      "references": [], 
      "text": "House amendment agreed to: On agreeing to the Lamborn amendment (A016) Agreed to by voice vote.", 
      "type": "action"
    }, 
    {
      "acted_at": "2015-04-29T22:50:18-04:00", 
      "action_code": "76000", 
      "references": [], 
      "text": "Amendment agreed to Committee of the Whole", 
      "type": "action"
    }
  ], 
  "amendment_id": "hamdt166-114", 
  "amendment_type": "hamdt", 
  "amends_amendment": null, 
  "amends_bill": {
    "bill_id": "hr2028-114", 
    "bill_type": "hr", 
    "congress": 114, 
    "number": 2028
  }, 
  "amends_treaty": null, 
  "chamber": "h", 
  "congress": "114", 
  "description": "Amendment first reduces and then increases funding for Energy Efficiency and Renewable Energy by $4 milllion in order to address the U.S.-Israel Energy Cooperation Program.", 
  "introduced_at": "2015-04-29", 
  "number": 166, 
  "purpose": "An amendment to first reduce and then increase funding for Energy Efficiency and Renewable Energy by $4 milllion.", 
  "sponsor": {
    "bioguide_id": "L000564", 
    "district": "5", 
    "name": "Lamborn, Doug", 
    "state": "CO", 
    "thomas_id": "01834", 
    "title": "Rep", 
    "type": "person"
  }, 
  "status": "pass", 
  "status_at": "2015-04-29T22:50:18-04:00", 
  "updated_at": "2016-08-01T13:27:19Z"
}