{
  "actions": [
    {
      "acted_at": "2015-06-09T16:24:14-04:00", 
      "action_code": "H32111", 
      "how": "by voice vote", 
      "references": [], 
      "result": "pass", 
      "text": "On agreeing to the Moore amendment (A002) Agreed to by voice vote.", 
      "type": "vote", 
      "vote_type": "vote", 
      "where": "h"
    }, 
    {
      "acted_at": "2015-06-09T16:16:27-04:00", 
      "action_code": "H3A100", 
      "references": [
        {
          "reference": "CR H3949-3950", 
          "type": "consideration"
        }, 
        {
          "reference": "CR H3949", 
          "type": "text"
        }
      ], 
      "text": "Amendment (A002) offered by Ms. Moore.", 
      "type": "action"
    }, 
    {
      "acted_at": "2015-06-09", 
      "action_code": "", 
      "references": [], 
      "text": "", 
      "type": "action"
    }, 
    {
      "acted_at": "2015-06-09", 
      "action_code": "71000", 
      "references": [], 
      "text": "House amendment offered", 
      "type": "action"
    }, 
    {
      "acted_at": "2015-06-09T16:16:27-04:00", 
      "action_code": "71500", 
      "references": [
        {
          "reference": "CR H3949-3950", 
          "type": "consideration"
        }, 
        {
          "reference": "CR H3949", 
          "type": "text"
        }
      ], 
      "text": "House amendment offered/reported by : Amendment (A002) offered by Ms. Moore.", 
      "type": "action"
    }, 
    {
      "acted_at": "2015-06-09T16:24:14-04:00", 
      "action_code": "72000", 
      "references": [], 
      "text": "House amendment agreed to: On agreeing to the Moore amendment (A002) Agreed to by voice vote.", 
      "type": "action"
    }, 
    {
      "acted_at": "2015-06-09T16:24:14-04:00", 
      "action_code": "76000", 
      "references": [], 
      "text": "Amendment agreed to Committee of the Whole", 
      "type": "action"
    }
  ], 
  "amendment_id": "hamdt415-114", 
  "amendment_type": "hamdt", 
  "amends_amendment": null, 
  "amends_bill": {
    "bill_id": "hr2289-114", 
    "bill_type": "hr", 
    "congress": 114, 
    "number": 2289
  }, 
  "amends_treaty": null, 
  "chamber": "h", 
  "congress": "114", 
  "description": "Amendment narrows the scope of the provisions in the bill to ensure that only swap data, and not any other data, held by an SDR is required to be shared with other regulators. Amendment also ensures that the language in the Securities Exchange Act and the Commodity Exchange Act mirror each other.", 
  "introduced_at": "2015-06-09", 
  "number": 415, 
  "purpose": "An amendment No. 4 printed in House Report 114-136 to narrow the scope of the provisions in the bill to ensure that only swap data, and not any other data, held by an SDR is required to be shared with other regulators. Amendment also ensures that the language in the Securities Exchange Act and the Commodity Exchange Act mirror each other.", 
  "sponsor": {
    "bioguide_id": "M001160", 
    "district": "4", 
    "name": "Moore, Gwen", 
    "state": "WI", 
    "thomas_id": "01811", 
    "title": "Rep", 
    "type": "person"
  }, 
  "status": "pass", 
  "status_at": "2015-06-09T16:24:14-04:00", 
  "updated_at": "2016-08-01T13:27:30Z"
}