{
  "actions": [
    {
      "acted_at": "2015-02-26T20:07:46-05:00", 
      "action_code": "H32111", 
      "how": "by voice vote", 
      "references": [], 
      "result": "pass", 
      "text": "On agreeing to the Cohen amendment (A018) Agreed to by voice vote.", 
      "type": "vote", 
      "vote_type": "vote", 
      "where": "h"
    }, 
    {
      "acted_at": "2015-02-26T20:01:35-05:00", 
      "action_code": "H3A100", 
      "references": [
        {
          "reference": "CR H1273-1274", 
          "type": "consideration"
        }, 
        {
          "reference": "CR H1273", 
          "type": "text"
        }
      ], 
      "text": "Amendment (A018) offered by Mr. Cohen.", 
      "type": "action"
    }, 
    {
      "acted_at": "2015-02-26", 
      "action_code": "", 
      "references": [], 
      "text": "", 
      "type": "action"
    }, 
    {
      "acted_at": "2015-02-26", 
      "action_code": "71000", 
      "references": [], 
      "text": "House amendment offered", 
      "type": "action"
    }, 
    {
      "acted_at": "2015-02-26T20:01:35-05:00", 
      "action_code": "71500", 
      "references": [
        {
          "reference": "CR H1273-1274", 
          "type": "consideration"
        }, 
        {
          "reference": "CR H1273", 
          "type": "text"
        }
      ], 
      "text": "House amendment offered/reported by : Amendment (A018) offered by Mr. Cohen.", 
      "type": "action"
    }, 
    {
      "acted_at": "2015-02-26T20:07:46-05:00", 
      "action_code": "72000", 
      "references": [], 
      "text": "House amendment agreed to: On agreeing to the Cohen amendment (A018) Agreed to by voice vote.", 
      "type": "action"
    }, 
    {
      "acted_at": "2015-02-26T20:07:46-05:00", 
      "action_code": "76000", 
      "references": [], 
      "text": "Amendment agreed to Committee of the Whole", 
      "type": "action"
    }
  ], 
  "amendment_id": "hamdt41-114", 
  "amendment_type": "hamdt", 
  "amends_amendment": null, 
  "amends_bill": {
    "bill_id": "hr5-114", 
    "bill_type": "hr", 
    "congress": 114, 
    "number": 5
  }, 
  "amends_treaty": null, 
  "chamber": "h", 
  "congress": "114", 
  "description": "Amendment allows for Title II funds to be used for restorative justice and conflict resolution training.", 
  "introduced_at": "2015-02-26", 
  "number": 41, 
  "purpose": "An amendment No. 18 printed in Part B of House Report 114-29 to allow for Title II funds to be used for restorative justice and conflict resolution training.", 
  "sponsor": {
    "bioguide_id": "C001068", 
    "district": "9", 
    "name": "Cohen, Steve", 
    "state": "TN", 
    "thomas_id": "01878", 
    "title": "Rep", 
    "type": "person"
  }, 
  "status": "pass", 
  "status_at": "2015-02-26T20:07:46-05:00", 
  "updated_at": "2016-08-01T13:26:00Z"
}