{
  "actions": [
    {
      "acted_at": "2015-04-23T11:31:09-04:00", 
      "action_code": "H32111", 
      "how": "roll", 
      "references": [], 
      "result": "pass", 
      "roll": 171, 
      "text": "On agreeing to the Jackson Lee amendment (A010) Agreed to by recorded vote: 405 - 8 (Roll no. 171).", 
      "type": "vote", 
      "vote_type": "vote", 
      "where": "h"
    }, 
    {
      "acted_at": "2015-04-23T10:51:24-04:00", 
      "action_code": "H3A100", 
      "references": [
        {
          "reference": "CR H2441-2442, H2442-2443", 
          "type": "consideration"
        }, 
        {
          "reference": "CR H2441", 
          "type": "text"
        }
      ], 
      "text": "Amendment (A010) offered by Ms. Jackson Lee.", 
      "type": "action"
    }, 
    {
      "acted_at": "2015-04-23", 
      "action_code": "", 
      "references": [], 
      "text": "", 
      "type": "action"
    }, 
    {
      "acted_at": "2015-04-23", 
      "action_code": "71000", 
      "references": [], 
      "text": "House amendment offered", 
      "type": "action"
    }, 
    {
      "acted_at": "2015-04-23T10:51:24-04:00", 
      "action_code": "71500", 
      "references": [
        {
          "reference": "CR H2441-2442, H2442-2443", 
          "type": "consideration"
        }, 
        {
          "reference": "CR H2441", 
          "type": "text"
        }
      ], 
      "text": "House amendment offered/reported by : Amendment (A010) offered by Ms. Jackson Lee.", 
      "type": "action"
    }, 
    {
      "acted_at": "2015-04-23T11:31:09-04:00", 
      "action_code": "72000", 
      "references": [], 
      "text": "House amendment agreed to: On agreeing to the Jackson Lee amendment (A010) Agreed to by recorded vote: 405 - 8 (Roll no. 171).", 
      "type": "action"
    }, 
    {
      "acted_at": "2015-04-23T11:31:09-04:00", 
      "action_code": "75000", 
      "references": [], 
      "text": "Roll call votes on amendments in House", 
      "type": "action"
    }, 
    {
      "acted_at": "2015-04-23T11:31:09-04:00", 
      "action_code": "76000", 
      "references": [], 
      "text": "Amendment agreed to Committee of the Whole", 
      "type": "action"
    }
  ], 
  "amendment_id": "hamdt106-114", 
  "amendment_type": "hamdt", 
  "amends_amendment": null, 
  "amends_bill": {
    "bill_id": "hr1731-114", 
    "bill_type": "hr", 
    "congress": 114, 
    "number": 1731
  }, 
  "amends_treaty": null, 
  "chamber": "h", 
  "congress": "114", 
  "description": "Amendment requires GAO to report to Congress not later than 5 years after enactment of the Act to assess the impact of the legislation on privacy and civil liberties.", 
  "introduced_at": "2015-04-23", 
  "number": 106, 
  "purpose": "An amendment numbered 10 printed in Part B of House Report 114-88 to provide for a Government Accountability Office (GAO) report to Congress 5 years after enactment to assess the impact of this act on privacy and civil liberties.", 
  "sponsor": {
    "bioguide_id": "J000032", 
    "district": "18", 
    "name": "Jackson Lee, Sheila", 
    "state": "TX", 
    "thomas_id": "00588", 
    "title": "Rep", 
    "type": "person"
  }, 
  "status": "pass", 
  "status_at": "2015-04-23T11:31:09-04:00", 
  "updated_at": "2016-08-01T13:27:05Z"
}