{
  "actions": [
    {
      "acted_at": "2015-02-26T19:55:42-05:00", 
      "action_code": "H32111", 
      "how": "by voice vote", 
      "references": [], 
      "result": "pass", 
      "text": "On agreeing to the Jeffries amendment (A016) Agreed to by voice vote.", 
      "type": "vote", 
      "vote_type": "vote", 
      "where": "h"
    }, 
    {
      "acted_at": "2015-02-26T19:48:15-05:00", 
      "action_code": "H3A100", 
      "references": [
        {
          "reference": "CR H1271-1272", 
          "type": "consideration"
        }, 
        {
          "reference": "CR H1271", 
          "type": "text"
        }
      ], 
      "text": "Amendment (A016) offered by Mr. Jeffries.", 
      "type": "action"
    }, 
    {
      "acted_at": "2015-02-26", 
      "action_code": "", 
      "references": [], 
      "text": "", 
      "type": "action"
    }, 
    {
      "acted_at": "2015-02-26", 
      "action_code": "71000", 
      "references": [], 
      "text": "House amendment offered", 
      "type": "action"
    }, 
    {
      "acted_at": "2015-02-26T19:48:15-05:00", 
      "action_code": "71500", 
      "references": [
        {
          "reference": "CR H1271-1272", 
          "type": "consideration"
        }, 
        {
          "reference": "CR H1271", 
          "type": "text"
        }
      ], 
      "text": "House amendment offered/reported by : Amendment (A016) offered by Mr. Jeffries.", 
      "type": "action"
    }, 
    {
      "acted_at": "2015-02-26T19:55:42-05:00", 
      "action_code": "72000", 
      "references": [], 
      "text": "House amendment agreed to: On agreeing to the Jeffries amendment (A016) Agreed to by voice vote.", 
      "type": "action"
    }, 
    {
      "acted_at": "2015-02-26T19:55:42-05:00", 
      "action_code": "76000", 
      "references": [], 
      "text": "Amendment agreed to Committee of the Whole", 
      "type": "action"
    }
  ], 
  "amendment_id": "hamdt39-114", 
  "amendment_type": "hamdt", 
  "amends_amendment": null, 
  "amends_bill": {
    "bill_id": "hr5-114", 
    "bill_type": "hr", 
    "congress": 114, 
    "number": 5
  }, 
  "amends_treaty": null, 
  "chamber": "h", 
  "congress": "114", 
  "description": "Amendment ensures that teachers, parents and other educational professionals receive education on the harms of copyright piracy in order to further educate students to that end.", 
  "introduced_at": "2015-02-26", 
  "number": 39, 
  "purpose": "An amendment numbered 16 printed in Part B of House Report 114-29 to ensure that teachers, parents and other educational professionals receive education on the harms of copyright piracy in order to further educate students to that end.", 
  "sponsor": {
    "bioguide_id": "J000294", 
    "district": "8", 
    "name": "Jeffries, Hakeem S.", 
    "state": "NY", 
    "thomas_id": "02149", 
    "title": "Rep", 
    "type": "person"
  }, 
  "status": "pass", 
  "status_at": "2015-02-26T19:55:42-05:00", 
  "updated_at": "2016-08-01T13:26:00Z"
}