{
  "actions": [
    {
      "acted_at": "2015-03-17T14:57:11-04:00", 
      "action_code": "H32111", 
      "how": "by voice vote", 
      "references": [], 
      "result": "pass", 
      "text": "On agreeing to the Polis amendment (A003) Agreed to by voice vote.", 
      "type": "vote", 
      "vote_type": "vote", 
      "where": "h"
    }, 
    {
      "acted_at": "2015-03-17T14:52:10-04:00", 
      "action_code": "H3A100", 
      "references": [
        {
          "reference": "CR H1688", 
          "type": "consideration"
        }, 
        {
          "reference": "CR H1688", 
          "type": "text"
        }
      ], 
      "text": "Amendment (A003) offered by Mr. Polis.", 
      "type": "action"
    }, 
    {
      "acted_at": "2015-03-17", 
      "action_code": "", 
      "references": [], 
      "text": "", 
      "type": "action"
    }, 
    {
      "acted_at": "2015-03-17", 
      "action_code": "71000", 
      "references": [], 
      "text": "House amendment offered", 
      "type": "action"
    }, 
    {
      "acted_at": "2015-03-17T14:52:10-04:00", 
      "action_code": "71500", 
      "references": [
        {
          "reference": "CR H1688", 
          "type": "consideration"
        }, 
        {
          "reference": "CR H1688", 
          "type": "text"
        }
      ], 
      "text": "House amendment offered/reported by : Amendment (A003) offered by Mr. Polis.", 
      "type": "action"
    }, 
    {
      "acted_at": "2015-03-17T14:57:11-04:00", 
      "action_code": "72000", 
      "references": [], 
      "text": "House amendment agreed to: On agreeing to the Polis amendment (A003) Agreed to by voice vote.", 
      "type": "action"
    }, 
    {
      "acted_at": "2015-03-17T14:57:11-04:00", 
      "action_code": "76000", 
      "references": [], 
      "text": "Amendment agreed to Committee of the Whole", 
      "type": "action"
    }
  ], 
  "amendment_id": "hamdt76-114", 
  "amendment_type": "hamdt", 
  "amends_amendment": null, 
  "amends_bill": {
    "bill_id": "hr1029-114", 
    "bill_type": "hr", 
    "congress": 114, 
    "number": 1029
  }, 
  "amends_treaty": null, 
  "chamber": "h", 
  "congress": "114", 
  "description": "Amendment requires the Administrator of EPA to solicit nominations for Advisory Board membership from institutions of Higher Education and research institutions based in work relevant to that of the Board.", 
  "introduced_at": "2015-03-17", 
  "number": 76, 
  "purpose": "An amendment No.3 printed in Part A of House Report 114-37 to require the Administrator of the Environmental Protection Agency to solicit nominations for Advisory Board membership from (1) Institutions of Higher Education and (2) research institutions based in work relevant to that of the Board.", 
  "sponsor": {
    "bioguide_id": "P000598", 
    "district": "2", 
    "name": "Polis, Jared", 
    "state": "CO", 
    "thomas_id": "01910", 
    "title": "Rep", 
    "type": "person"
  }, 
  "status": "pass", 
  "status_at": "2015-03-17T14:57:11-04:00", 
  "updated_at": "2016-08-01T13:26:39Z"
}