{
  "actions": [
    {
      "acted_at": "2015-05-14T19:04:56-04:00", 
      "action_code": "H32111", 
      "how": "roll", 
      "references": [], 
      "result": "pass", 
      "roll": 229, 
      "text": "On agreeing to the Brooks (AL) amendment (A004) Agreed to by recorded vote: 221 - 202 (Roll no. 229).", 
      "type": "vote", 
      "vote_type": "vote", 
      "where": "h"
    }, 
    {
      "acted_at": "2015-05-14T17:07:52-04:00", 
      "action_code": "H3A100", 
      "references": [
        {
          "reference": "CR H3163-3164, H3178-3179", 
          "type": "consideration"
        }, 
        {
          "reference": "CR H3163", 
          "type": "text"
        }
      ], 
      "text": "Amendment (A004) offered by Mr. Brooks (AL).", 
      "type": "action"
    }, 
    {
      "acted_at": "2015-05-14", 
      "action_code": "", 
      "references": [], 
      "text": "", 
      "type": "action"
    }, 
    {
      "acted_at": "2015-05-14", 
      "action_code": "71000", 
      "references": [], 
      "text": "House amendment offered", 
      "type": "action"
    }, 
    {
      "acted_at": "2015-05-14T17:07:52-04:00", 
      "action_code": "71500", 
      "references": [
        {
          "reference": "CR H3163-3164, H3178-3179", 
          "type": "consideration"
        }, 
        {
          "reference": "CR H3163", 
          "type": "text"
        }
      ], 
      "text": "House amendment offered/reported by : Amendment (A004) offered by Mr. Brooks (AL).", 
      "type": "action"
    }, 
    {
      "acted_at": "2015-05-14T19:04:56-04:00", 
      "action_code": "72000", 
      "references": [], 
      "text": "House amendment agreed to: On agreeing to the Brooks (AL) amendment (A004) Agreed to by recorded vote: 221 - 202 (Roll no. 229).", 
      "type": "action"
    }, 
    {
      "acted_at": "2015-05-14T19:04:56-04:00", 
      "action_code": "75000", 
      "references": [], 
      "text": "Roll call votes on amendments in House", 
      "type": "action"
    }, 
    {
      "acted_at": "2015-05-14T19:04:56-04:00", 
      "action_code": "76000", 
      "references": [], 
      "text": "Amendment agreed to Committee of the Whole", 
      "type": "action"
    }
  ], 
  "amendment_id": "hamdt219-114", 
  "amendment_type": "hamdt", 
  "amends_amendment": null, 
  "amends_bill": {
    "bill_id": "hr1735-114", 
    "bill_type": "hr", 
    "congress": 114, 
    "number": 1735
  }, 
  "amends_treaty": null, 
  "chamber": "h", 
  "congress": "114", 
  "description": "Strike section 538 (page 179, beginning line 6), relating to a sense of the House of Representatives regarding Secretary of Defense review of section 504 of title 10, United States Code, regarding enlisting certain aliens in the Armed Forces.", 
  "introduced_at": "2015-05-14", 
  "number": 219, 
  "purpose": null, 
  "sponsor": {
    "bioguide_id": "B001274", 
    "district": "5", 
    "name": "Brooks, Mo", 
    "state": "AL", 
    "thomas_id": "01987", 
    "title": "Rep", 
    "type": "person"
  }, 
  "status": "pass", 
  "status_at": "2015-05-14T19:04:56-04:00", 
  "updated_at": "2016-06-15T13:41:50Z"
}