{
  "actions": [
    {
      "acted_at": "2015-05-14T17:07:22-04:00", 
      "action_code": "H32111", 
      "how": "by voice vote", 
      "references": [], 
      "result": "pass", 
      "text": "On agreeing to the Thornberry amendments (A003) Agreed to by voice vote.", 
      "type": "vote", 
      "vote_type": "vote", 
      "where": "h"
    }, 
    {
      "acted_at": "2015-05-14T16:39:57-04:00", 
      "action_code": "H3A100", 
      "references": [
        {
          "reference": "CR H3156-3163", 
          "type": "consideration"
        }, 
        {
          "reference": "CR H3156-3160", 
          "type": "text en bloc"
        }
      ], 
      "text": "Amendments en bloc (A003) offered by Mr. Thornberry.", 
      "type": "action"
    }, 
    {
      "acted_at": "2015-05-14", 
      "action_code": "", 
      "references": [], 
      "text": "", 
      "type": "action"
    }, 
    {
      "acted_at": "2015-05-14", 
      "action_code": "71000", 
      "references": [], 
      "text": "House amendment offered", 
      "type": "action"
    }, 
    {
      "acted_at": "2015-05-14T16:39:57-04:00", 
      "action_code": "71500", 
      "references": [
        {
          "reference": "CR H3156-3163", 
          "type": "consideration"
        }, 
        {
          "reference": "CR H3156-3160", 
          "type": "text en bloc"
        }
      ], 
      "text": "House amendment offered/reported by : Amendments en bloc (A003) offered by Mr. Thornberry.", 
      "type": "action"
    }, 
    {
      "acted_at": "2015-05-14T17:07:22-04:00", 
      "action_code": "72000", 
      "references": [], 
      "text": "House amendment agreed to: On agreeing to the Thornberry amendments (A003) Agreed to by voice vote.", 
      "type": "action"
    }, 
    {
      "acted_at": "2015-05-14T17:07:22-04:00", 
      "action_code": "76000", 
      "references": [], 
      "text": "Amendment agreed to Committee of the Whole", 
      "type": "action"
    }
  ], 
  "amendment_id": "hamdt218-114", 
  "amendment_type": "hamdt", 
  "amends_amendment": null, 
  "amends_bill": {
    "bill_id": "hr1735-114", 
    "bill_type": "hr", 
    "congress": 114, 
    "number": 1735
  }, 
  "amends_treaty": null, 
  "chamber": "h", 
  "congress": "114", 
  "description": "Amendments en bloc comprised of amendments numbered 3, 4, 6, 7, 8, 9, 10, 11, 12, 13, 14, 18, 19, 20, 25, 29, 36, 76, and 94 printed in House Report 114-112. See page D540 of the Congressional Record of May 14, 2015 for description of en bloc amendments.", 
  "introduced_at": "2015-05-14", 
  "number": 218, 
  "purpose": "An amendment comprised of the following amendments offered as en bloc No. 1: 3, 4, 6, 7, 8, 9, 10, 11, 12, 13, 14, 18, 19, 20, 25, 29, 36, 76, and 94 printed in House Report 114-112.", 
  "sponsor": {
    "bioguide_id": "T000238", 
    "district": "13", 
    "name": "Thornberry, Mac", 
    "state": "TX", 
    "thomas_id": "01155", 
    "title": "Rep", 
    "type": "person"
  }, 
  "status": "pass", 
  "status_at": "2015-05-14T17:07:22-04:00", 
  "updated_at": "2016-06-15T13:41:50Z"
}