{
  "actions": [
    {
      "acted_at": "2015-02-26T22:10:31-05:00", 
      "action_code": "H32111", 
      "how": "by voice vote", 
      "references": [], 
      "result": "pass", 
      "text": "On agreeing to the Flores amendment (A038) Agreed to by voice vote.", 
      "type": "vote", 
      "vote_type": "vote", 
      "where": "h"
    }, 
    {
      "acted_at": "2015-02-26T22:00:18-05:00", 
      "action_code": "H3A100", 
      "references": [
        {
          "reference": "CR H1292-1293", 
          "type": "consideration"
        }, 
        {
          "reference": "CR H1292", 
          "type": "text"
        }
      ], 
      "text": "Amendment (A038) offered by Mr. Flores.", 
      "type": "action"
    }, 
    {
      "acted_at": "2015-02-26", 
      "action_code": "", 
      "references": [], 
      "text": "", 
      "type": "action"
    }, 
    {
      "acted_at": "2015-02-26", 
      "action_code": "71000", 
      "references": [], 
      "text": "House amendment offered", 
      "type": "action"
    }, 
    {
      "acted_at": "2015-02-26T22:00:18-05:00", 
      "action_code": "71500", 
      "references": [
        {
          "reference": "CR H1292-1293", 
          "type": "consideration"
        }, 
        {
          "reference": "CR H1292", 
          "type": "text"
        }
      ], 
      "text": "House amendment offered/reported by : Amendment (A038) offered by Mr. Flores.", 
      "type": "action"
    }, 
    {
      "acted_at": "2015-02-26T22:10:31-05:00", 
      "action_code": "72000", 
      "references": [], 
      "text": "House amendment agreed to: On agreeing to the Flores amendment (A038) Agreed to by voice vote.", 
      "type": "action"
    }, 
    {
      "acted_at": "2015-02-26T22:10:31-05:00", 
      "action_code": "76000", 
      "references": [], 
      "text": "Amendment agreed to Committee of the Whole", 
      "type": "action"
    }
  ], 
  "amendment_id": "hamdt61-114", 
  "amendment_type": "hamdt", 
  "amends_amendment": null, 
  "amends_bill": {
    "bill_id": "hr5-114", 
    "bill_type": "hr", 
    "congress": 114, 
    "number": 5
  }, 
  "amends_treaty": null, 
  "chamber": "h", 
  "congress": "114", 
  "description": "Amendment expresses the sense of Congress reaffirming students', teachers' and school administrators' right to exercise religion and that schools should examine their policies to ensure students and teachers are fully able to participate in activities on school grounds related to their religious freedom.", 
  "introduced_at": "2015-02-26", 
  "number": 61, 
  "purpose": "An amendment No. 38 printed in part B of House Report 114-29 to reaffirm students', teachers' and school administrators' right to exercise religion. Amendment also expresses the sense of Congress that schools should examine their policies to ensure students and teachers are fully able to participate in activities on school grounds related to their religious freedom.", 
  "sponsor": {
    "bioguide_id": "F000461", 
    "district": "17", 
    "name": "Flores, Bill", 
    "state": "TX", 
    "thomas_id": "02065", 
    "title": "Rep", 
    "type": "person"
  }, 
  "status": "pass", 
  "status_at": "2015-02-26T22:10:31-05:00", 
  "updated_at": "2016-08-01T13:26:00Z"
}