{
  "actions": [
    {
      "acted_at": "2015-03-18T14:09:19-04:00", 
      "action_code": "H32111", 
      "how": "roll", 
      "references": [], 
      "result": "fail", 
      "roll": 122, 
      "text": "On agreeing to the Edwards amendment (A001) Failed by recorded vote: 164 - 254 (Roll no. 122).", 
      "type": "vote", 
      "vote_type": "vote", 
      "where": "h"
    }, 
    {
      "acted_at": "2015-03-18T13:21:35-04:00", 
      "action_code": "H3A100", 
      "references": [
        {
          "reference": "CR H1742-1743, H1744-1745", 
          "type": "consideration"
        }, 
        {
          "reference": "CR H1742", 
          "type": "text"
        }
      ], 
      "text": "Amendment (A001) offered by Ms. Edwards.", 
      "type": "action"
    }, 
    {
      "acted_at": "2015-03-18", 
      "action_code": "", 
      "references": [], 
      "text": "", 
      "type": "action"
    }, 
    {
      "acted_at": "2015-03-18", 
      "action_code": "71000", 
      "references": [], 
      "text": "House amendment offered", 
      "type": "action"
    }, 
    {
      "acted_at": "2015-03-18T13:21:35-04:00", 
      "action_code": "71500", 
      "references": [
        {
          "reference": "CR H1742-1743, H1744-1745", 
          "type": "consideration"
        }, 
        {
          "reference": "CR H1742", 
          "type": "text"
        }
      ], 
      "text": "House amendment offered/reported by : Amendment (A001) offered by Ms. Edwards.", 
      "type": "action"
    }, 
    {
      "acted_at": "2015-03-18T14:09:19-04:00", 
      "action_code": "73000", 
      "references": [], 
      "text": "House amendment not agreed to: On agreeing to the Edwards amendment (A001) Failed by recorded vote: 164 - 254 (Roll no. 122).", 
      "type": "action"
    }, 
    {
      "acted_at": "2015-03-18T14:09:19-04:00", 
      "action_code": "75000", 
      "references": [], 
      "text": "Roll call votes on amendments in House", 
      "type": "action"
    }, 
    {
      "acted_at": "2015-03-18T14:09:19-04:00", 
      "action_code": "77000", 
      "references": [], 
      "text": "Amendment failed in Committee of the Whole", 
      "type": "action"
    }
  ], 
  "amendment_id": "hamdt78-114", 
  "amendment_type": "hamdt", 
  "amends_amendment": null, 
  "amends_bill": {
    "bill_id": "hr1030-114", 
    "bill_type": "hr", 
    "congress": 114, 
    "number": 1030
  }, 
  "amends_treaty": null, 
  "chamber": "h", 
  "congress": "114", 
  "description": "Amendment sought to increase the authorization level in the bill for Data Transparency from $1 million to $250 million per year from 2016 through 2019.", 
  "introduced_at": "2015-03-18", 
  "number": 78, 
  "purpose": "An amendment numbered 1 printed in Part B of House Report 114-37 to authorize $250 million for each of fiscal years 2016 through 2019.", 
  "sponsor": {
    "bioguide_id": "E000290", 
    "district": "4", 
    "name": "Edwards, Donna F.", 
    "state": "MD", 
    "thomas_id": "01894", 
    "title": "Rep", 
    "type": "person"
  }, 
  "status": "fail", 
  "status_at": "2015-03-18T14:09:19-04:00", 
  "updated_at": "2016-08-01T13:26:39Z"
}