{
  "actions": [
    {
      "acted_at": "2015-06-03T01:58:03-04:00", 
      "action_code": "H32111", 
      "how": "by voice vote", 
      "references": [], 
      "result": "pass", 
      "text": "On agreeing to the Marino amendment (A070) Agreed to by voice vote.", 
      "type": "vote", 
      "vote_type": "vote", 
      "where": "h"
    }, 
    {
      "acted_at": "2015-06-03T01:47:57-04:00", 
      "action_code": "H3A100", 
      "references": [
        {
          "reference": "CR H3753-3754", 
          "type": "consideration"
        }, 
        {
          "reference": "CR H3753", 
          "type": "text"
        }
      ], 
      "text": "Amendment (A070) offered by Mr. Marino.", 
      "type": "action"
    }, 
    {
      "acted_at": "2015-06-03", 
      "action_code": "", 
      "references": [], 
      "text": "", 
      "type": "action"
    }, 
    {
      "acted_at": "2015-06-03", 
      "action_code": "71000", 
      "references": [], 
      "text": "House amendment offered", 
      "type": "action"
    }, 
    {
      "acted_at": "2015-06-03T01:47:57-04:00", 
      "action_code": "71500", 
      "references": [
        {
          "reference": "CR H3753-3754", 
          "type": "consideration"
        }, 
        {
          "reference": "CR H3753", 
          "type": "text"
        }
      ], 
      "text": "House amendment offered/reported by : Amendment (A070) offered by Mr. Marino.", 
      "type": "action"
    }, 
    {
      "acted_at": "2015-06-03T01:58:03-04:00", 
      "action_code": "72000", 
      "references": [], 
      "text": "House amendment agreed to: On agreeing to the Marino amendment (A070) Agreed to by voice vote.", 
      "type": "action"
    }, 
    {
      "acted_at": "2015-06-03T01:58:03-04:00", 
      "action_code": "76000", 
      "references": [], 
      "text": "Amendment agreed to Committee of the Whole", 
      "type": "action"
    }
  ], 
  "amendment_id": "hamdt338-114", 
  "amendment_type": "hamdt", 
  "amends_amendment": null, 
  "amends_bill": {
    "bill_id": "hr2578-114", 
    "bill_type": "hr", 
    "congress": 114, 
    "number": 2578
  }, 
  "amends_treaty": null, 
  "chamber": "h", 
  "congress": "114", 
  "description": "At the end of the bill (before the short title), insert the following:    SEC.___. None of the funds made available by this Act may be used for the Department of Justice's clemency initiative announced on April 23, 2014, or for Clemency Project 2014, or to transfer or temporarily assign employees to the Office of the Pardon Attorney for the purpose of screening clemency applications.", 
  "introduced_at": "2015-06-03", 
  "number": 338, 
  "purpose": "An amendment to prohibit the use of funds for the Department of Justice's clemency initiative announced on April 23, 2014, or for Clemency Project 2014, or to transfer or temporarily assign employees to the Office of the Pardon Attorney for the purpose of screening clemency applications.", 
  "sponsor": {
    "bioguide_id": "M001179", 
    "district": "10", 
    "name": "Marino, Tom", 
    "state": "PA", 
    "thomas_id": "02053", 
    "title": "Rep", 
    "type": "person"
  }, 
  "status": "pass", 
  "status_at": "2015-06-03T01:58:03-04:00", 
  "updated_at": "2016-08-01T13:27:41Z"
}