{
  "actions": [
    {
      "acted_at": "2015-06-03T14:17:47-04:00", 
      "action_code": "H32111", 
      "how": "roll", 
      "references": [
        {
          "reference": "CR H3786", 
          "type": "consideration"
        }
      ], 
      "result": "fail", 
      "roll": 282, 
      "text": "On agreeing to the Grayson amendment (A063) Failed by recorded vote: 27 - 399, 1 Present (Roll no. 282).", 
      "type": "vote", 
      "vote_type": "vote", 
      "where": "h"
    }, 
    {
      "acted_at": "2015-06-03T00:27:04-04:00", 
      "action_code": "H3A100", 
      "references": [
        {
          "reference": "CR H3744-3745", 
          "type": "consideration"
        }, 
        {
          "reference": "CR H3744", 
          "type": "text"
        }
      ], 
      "text": "Amendment (A063) offered by Mr. Grayson.", 
      "type": "action"
    }, 
    {
      "acted_at": "2015-06-03", 
      "action_code": "", 
      "references": [], 
      "text": "", 
      "type": "action"
    }, 
    {
      "acted_at": "2015-06-03", 
      "action_code": "71000", 
      "references": [], 
      "text": "House amendment offered", 
      "type": "action"
    }, 
    {
      "acted_at": "2015-06-03T00:27:04-04:00", 
      "action_code": "71500", 
      "references": [
        {
          "reference": "CR H3744-3745", 
          "type": "consideration"
        }, 
        {
          "reference": "CR H3744", 
          "type": "text"
        }
      ], 
      "text": "House amendment offered/reported by : Amendment (A063) offered by Mr. Grayson.", 
      "type": "action"
    }, 
    {
      "acted_at": "2015-06-03T14:17:47-04:00", 
      "action_code": "73000", 
      "references": [
        {
          "reference": "CR H3786", 
          "type": "consideration"
        }
      ], 
      "text": "House amendment not agreed to: On agreeing to the Grayson amendment (A063) Failed by recorded vote: 27 - 399, 1 Present (Roll no. 282).", 
      "type": "action"
    }, 
    {
      "acted_at": "2015-06-03T14:17:47-04:00", 
      "action_code": "75000", 
      "references": [], 
      "text": "Roll call votes on amendments in House", 
      "type": "action"
    }, 
    {
      "acted_at": "2015-06-03T14:17:47-04:00", 
      "action_code": "77000", 
      "references": [], 
      "text": "Amendment failed in Committee of the Whole", 
      "type": "action"
    }
  ], 
  "amendment_id": "hamdt331-114", 
  "amendment_type": "hamdt", 
  "amends_amendment": null, 
  "amends_bill": {
    "bill_id": "hr2578-114", 
    "bill_type": "hr", 
    "congress": 114, 
    "number": 2578
  }, 
  "amends_treaty": null, 
  "chamber": "h", 
  "congress": "114", 
  "description": "SEC.___. None of the finds made available by this Act may be used to negotiate or enter into a trade agreement whose negotiating texts are confidential. The limitation described in this section shall not apply in the case of the administration of a tax or tariff.", 
  "introduced_at": "2015-06-03", 
  "number": 331, 
  "purpose": "An amendment to prohibit the use of funds to negotiate or enter into a trade agreement whose negotiating texts are confidential.", 
  "sponsor": {
    "bioguide_id": "G000556", 
    "district": "9", 
    "name": "Grayson, Alan", 
    "state": "FL", 
    "thomas_id": "01914", 
    "title": "Rep", 
    "type": "person"
  }, 
  "status": "fail", 
  "status_at": "2015-06-03T14:17:47-04:00", 
  "updated_at": "2016-08-01T13:27:41Z"
}