{
  "actions": [
    {
      "acted_at": "2015-06-03T14:25:57-04:00", 
      "action_code": "H32111", 
      "how": "roll", 
      "references": [
        {
          "reference": "CR H3787-3788", 
          "type": "consideration"
        }
      ], 
      "result": "pass", 
      "roll": 284, 
      "text": "On agreeing to the Grayson amendment (A065) Agreed to by recorded vote: 245 - 182 (Roll no. 284).", 
      "type": "vote", 
      "vote_type": "vote", 
      "where": "h"
    }, 
    {
      "acted_at": "2015-06-03T00:59:10-04:00", 
      "action_code": "H3A100", 
      "references": [
        {
          "reference": "CR H3747-4748", 
          "type": "consideration"
        }, 
        {
          "reference": "CR H3747", 
          "type": "text"
        }
      ], 
      "text": "Amendment (A065) offered by Mr. Grayson.", 
      "type": "action"
    }, 
    {
      "acted_at": "2015-06-03", 
      "action_code": "", 
      "references": [], 
      "text": "", 
      "type": "action"
    }, 
    {
      "acted_at": "2015-06-03", 
      "action_code": "71000", 
      "references": [], 
      "text": "House amendment offered", 
      "type": "action"
    }, 
    {
      "acted_at": "2015-06-03T00:59:10-04:00", 
      "action_code": "71500", 
      "references": [
        {
          "reference": "CR H3747-4748", 
          "type": "consideration"
        }, 
        {
          "reference": "CR H3747", 
          "type": "text"
        }
      ], 
      "text": "House amendment offered/reported by : Amendment (A065) offered by Mr. Grayson.", 
      "type": "action"
    }, 
    {
      "acted_at": "2015-06-03T14:25:57-04:00", 
      "action_code": "72000", 
      "references": [
        {
          "reference": "CR H3787-3788", 
          "type": "consideration"
        }
      ], 
      "text": "House amendment agreed to: On agreeing to the Grayson amendment (A065) Agreed to by recorded vote: 245 - 182 (Roll no. 284).", 
      "type": "action"
    }, 
    {
      "acted_at": "2015-06-03T14:25:57-04:00", 
      "action_code": "75000", 
      "references": [], 
      "text": "Roll call votes on amendments in House", 
      "type": "action"
    }, 
    {
      "acted_at": "2015-06-03T14:25:57-04:00", 
      "action_code": "76000", 
      "references": [], 
      "text": "Amendment agreed to Committee of the Whole", 
      "type": "action"
    }
  ], 
  "amendment_id": "hamdt333-114", 
  "amendment_type": "hamdt", 
  "amends_amendment": null, 
  "amends_bill": {
    "bill_id": "hr2578-114", 
    "bill_type": "hr", 
    "congress": 114, 
    "number": 2578
  }, 
  "amends_treaty": null, 
  "chamber": "h", 
  "congress": "114", 
  "description": "At the end of the bill (before the short title), add the following new section:    SEC.___. None of the funds made available by this Act may be used to compel a person to testify about information or sources that the person states in a motion to quash the subpoena that he has obtained as a journalist or reporter and that he regards as confidential.", 
  "introduced_at": "2015-06-03", 
  "number": 333, 
  "purpose": "An amendment to prohibit the use of funds to compel a person to testify about information or sources that the person states in a motion to quash the subpoena that he has obtained as a journalist or reporter and that he regards as confidential.", 
  "sponsor": {
    "bioguide_id": "G000556", 
    "district": "9", 
    "name": "Grayson, Alan", 
    "state": "FL", 
    "thomas_id": "01914", 
    "title": "Rep", 
    "type": "person"
  }, 
  "status": "pass", 
  "status_at": "2015-06-03T14:25:57-04:00", 
  "updated_at": "2016-08-01T13:27:41Z"
}