{
  "actions": [
    {
      "acted_at": "2015-06-03T21:26:44-04:00", 
      "action_code": "H32111", 
      "how": "by voice vote", 
      "references": [], 
      "result": "pass", 
      "text": "On agreeing to the Bridenstine amendment (A015) Agreed to by voice vote.", 
      "type": "vote", 
      "vote_type": "vote", 
      "where": "h"
    }, 
    {
      "acted_at": "2015-06-03T21:22:12-04:00", 
      "action_code": "H3A100", 
      "references": [
        {
          "reference": "CR H3841-3842", 
          "type": "consideration"
        }, 
        {
          "reference": "CR H3841", 
          "type": "text"
        }
      ], 
      "text": "Amendment (A015) offered by Mr. Bridenstine.", 
      "type": "action"
    }, 
    {
      "acted_at": "2015-06-03", 
      "action_code": "", 
      "references": [], 
      "text": "", 
      "type": "action"
    }, 
    {
      "acted_at": "2015-06-03", 
      "action_code": "71000", 
      "references": [], 
      "text": "House amendment offered", 
      "type": "action"
    }, 
    {
      "acted_at": "2015-06-03T21:22:12-04:00", 
      "action_code": "71500", 
      "references": [
        {
          "reference": "CR H3841-3842", 
          "type": "consideration"
        }, 
        {
          "reference": "CR H3841", 
          "type": "text"
        }
      ], 
      "text": "House amendment offered/reported by : Amendment (A015) offered by Mr. Bridenstine.", 
      "type": "action"
    }, 
    {
      "acted_at": "2015-06-03T21:26:44-04:00", 
      "action_code": "72000", 
      "references": [], 
      "text": "House amendment agreed to: On agreeing to the Bridenstine amendment (A015) Agreed to by voice vote.", 
      "type": "action"
    }, 
    {
      "acted_at": "2015-06-03T21:26:44-04:00", 
      "action_code": "76000", 
      "references": [], 
      "text": "Amendment agreed to Committee of the Whole", 
      "type": "action"
    }
  ], 
  "amendment_id": "hamdt370-114", 
  "amendment_type": "hamdt", 
  "amends_amendment": null, 
  "amends_bill": {
    "bill_id": "hr2577-114", 
    "bill_type": "hr", 
    "congress": 114, 
    "number": 2577
  }, 
  "amends_treaty": null, 
  "chamber": "h", 
  "congress": "114", 
  "description": "Amendment transfers $250,000 from the FAA's finance and management activities to the Office of Commercial Space Transportation.", 
  "introduced_at": "2015-06-03", 
  "number": 370, 
  "purpose": "An amendment to increase and then decrease funding for the FAA Operations Airport and Airway Trust Fund for commerical space transportation activities by $250,000.", 
  "sponsor": {
    "bioguide_id": "B001283", 
    "district": "1", 
    "name": "Bridenstine, Jim", 
    "state": "OK", 
    "thomas_id": "02155", 
    "title": "Rep", 
    "type": "person"
  }, 
  "status": "pass", 
  "status_at": "2015-06-03T21:26:44-04:00", 
  "updated_at": "2016-08-26T08:52:19Z"
}