{
  "actions": [
    {
      "acted_at": "2015-06-10T17:57:15-04:00", 
      "action_code": "H32111", 
      "how": "by voice vote", 
      "references": [], 
      "result": "pass", 
      "text": "On agreeing to the Conyers amendment (A015) Agreed to by voice vote.", 
      "type": "vote", 
      "vote_type": "vote", 
      "where": "h"
    }, 
    {
      "acted_at": "2015-06-10T17:54:04-04:00", 
      "action_code": "H3A100", 
      "references": [
        {
          "reference": "CR H4065-4066", 
          "type": "consideration"
        }, 
        {
          "reference": "CR H4065", 
          "type": "text"
        }
      ], 
      "text": "Amendment (A015) offered by Mr. Conyers.", 
      "type": "action"
    }, 
    {
      "acted_at": "2015-06-10", 
      "action_code": "", 
      "references": [], 
      "text": "", 
      "type": "action"
    }, 
    {
      "acted_at": "2015-06-10", 
      "action_code": "71000", 
      "references": [], 
      "text": "House amendment offered", 
      "type": "action"
    }, 
    {
      "acted_at": "2015-06-10T17:54:04-04:00", 
      "action_code": "71500", 
      "references": [
        {
          "reference": "CR H4065-4066", 
          "type": "consideration"
        }, 
        {
          "reference": "CR H4065", 
          "type": "text"
        }
      ], 
      "text": "House amendment offered/reported by : Amendment (A015) offered by Mr. Conyers.", 
      "type": "action"
    }, 
    {
      "acted_at": "2015-06-10T17:57:15-04:00", 
      "action_code": "72000", 
      "references": [], 
      "text": "House amendment agreed to: On agreeing to the Conyers amendment (A015) Agreed to by voice vote.", 
      "type": "action"
    }, 
    {
      "acted_at": "2015-06-10T17:57:15-04:00", 
      "action_code": "76000", 
      "references": [], 
      "text": "Amendment agreed to Committee of the Whole", 
      "type": "action"
    }
  ], 
  "amendment_id": "hamdt455-114", 
  "amendment_type": "hamdt", 
  "amends_amendment": null, 
  "amends_bill": {
    "bill_id": "hr2685-114", 
    "bill_type": "hr", 
    "congress": 114, 
    "number": 2685
  }, 
  "amends_treaty": null, 
  "chamber": "h", 
  "congress": "114", 
  "description": "Amendment reduces funding for Operation and Maintenance, Defense-Wide by $15 million, and increases funding for United Service Organizations (USO) by $10 million.", 
  "introduced_at": "2015-06-10", 
  "number": 455, 
  "purpose": "An amendment to reduce funding for Operation and Maintenance, Defense-Wide by $15 million, and increase funding for United Service Organizations by $10 million.", 
  "sponsor": {
    "bioguide_id": "C000714", 
    "district": "13", 
    "name": "Conyers, John, Jr.", 
    "state": "MI", 
    "thomas_id": "00229", 
    "title": "Rep", 
    "type": "person"
  }, 
  "status": "pass", 
  "status_at": "2015-06-10T17:57:15-04:00", 
  "updated_at": "2016-08-01T13:27:47Z"
}