{
  "actions": [
    {
      "acted_at": "2015-04-22T16:21:52-04:00", 
      "action_code": "H32111", 
      "how": "roll", 
      "references": [], 
      "result": "pass", 
      "roll": 168, 
      "text": "On agreeing to the Mulvaney amendment (A004) Agreed to by recorded vote: 313 - 110 (Roll no. 168).", 
      "type": "vote", 
      "vote_type": "vote", 
      "where": "h"
    }, 
    {
      "acted_at": "2015-04-22T15:33:07-04:00", 
      "action_code": "H3A100", 
      "references": [
        {
          "reference": "CR H2393-2394, H2395-2396", 
          "type": "consideration"
        }, 
        {
          "reference": "CR H2393", 
          "type": "text"
        }
      ], 
      "text": "Amendment (A004) offered by Mr. Mulvaney.", 
      "type": "action"
    }, 
    {
      "acted_at": "2015-04-22", 
      "action_code": "", 
      "references": [], 
      "text": "", 
      "type": "action"
    }, 
    {
      "acted_at": "2015-04-22", 
      "action_code": "71000", 
      "references": [], 
      "text": "House amendment offered", 
      "type": "action"
    }, 
    {
      "acted_at": "2015-04-22T15:33:07-04:00", 
      "action_code": "71500", 
      "references": [
        {
          "reference": "CR H2393-2394, H2395-2396", 
          "type": "consideration"
        }, 
        {
          "reference": "CR H2393", 
          "type": "text"
        }
      ], 
      "text": "House amendment offered/reported by : Amendment (A004) offered by Mr. Mulvaney.", 
      "type": "action"
    }, 
    {
      "acted_at": "2015-04-22T16:21:52-04:00", 
      "action_code": "72000", 
      "references": [], 
      "text": "House amendment agreed to: On agreeing to the Mulvaney amendment (A004) Agreed to by recorded vote: 313 - 110 (Roll no. 168).", 
      "type": "action"
    }, 
    {
      "acted_at": "2015-04-22T16:21:52-04:00", 
      "action_code": "75000", 
      "references": [], 
      "text": "Roll call votes on amendments in House", 
      "type": "action"
    }, 
    {
      "acted_at": "2015-04-22T16:21:52-04:00", 
      "action_code": "76000", 
      "references": [], 
      "text": "Amendment agreed to Committee of the Whole", 
      "type": "action"
    }
  ], 
  "amendment_id": "hamdt95-114", 
  "amendment_type": "hamdt", 
  "amends_amendment": null, 
  "amends_bill": {
    "bill_id": "hr1560-114", 
    "bill_type": "hr", 
    "congress": 114, 
    "number": 1560
  }, 
  "amends_treaty": null, 
  "chamber": "h", 
  "congress": "114", 
  "description": "Add at the end the following new section:    SEC. 12. SUNSET.    This Act and the amendments made by this Act shall terminate on the date that is seven years after the date of the enactment of this Act.", 
  "introduced_at": "2015-04-22", 
  "number": 95, 
  "purpose": "An amendment numbered 4 printed in Part A of House Report 114-88 to sunset provisions of the bill after 7 years.", 
  "sponsor": {
    "bioguide_id": "M001182", 
    "district": "5", 
    "name": "Mulvaney, Mick", 
    "state": "SC", 
    "thomas_id": "02059", 
    "title": "Rep", 
    "type": "person"
  }, 
  "status": "pass", 
  "status_at": "2015-04-22T16:21:52-04:00", 
  "updated_at": "2016-08-01T13:27:00Z"
}