{
  "actions": [
    {
      "acted_at": "2015-02-05T10:07:56-05:00", 
      "action_code": "H32111", 
      "how": "by voice vote", 
      "references": [], 
      "result": "pass", 
      "text": "On agreeing to the Peters amendment (A001) Agreed to by voice vote.", 
      "type": "vote", 
      "vote_type": "vote", 
      "where": "h"
    }, 
    {
      "acted_at": "2015-02-05T10:02:59-05:00", 
      "action_code": "H3A100", 
      "references": [
        {
          "reference": "CR H825-826", 
          "type": "consideration"
        }, 
        {
          "reference": "CR H825", 
          "type": "text"
        }
      ], 
      "text": "Amendment (A001) offered by Mr. Peters.", 
      "type": "action"
    }, 
    {
      "acted_at": "2015-02-05", 
      "action_code": "", 
      "references": [], 
      "text": "", 
      "type": "action"
    }, 
    {
      "acted_at": "2015-02-05", 
      "action_code": "71000", 
      "references": [], 
      "text": "House amendment offered", 
      "type": "action"
    }, 
    {
      "acted_at": "2015-02-05T10:02:59-05:00", 
      "action_code": "71500", 
      "references": [
        {
          "reference": "CR H825-826", 
          "type": "consideration"
        }, 
        {
          "reference": "CR H825", 
          "type": "text"
        }
      ], 
      "text": "House amendment offered/reported by : Amendment (A001) offered by Mr. Peters.", 
      "type": "action"
    }, 
    {
      "acted_at": "2015-02-05T10:07:56-05:00", 
      "action_code": "72000", 
      "references": [], 
      "text": "House amendment agreed to: On agreeing to the Peters amendment (A001) Agreed to by voice vote.", 
      "type": "action"
    }, 
    {
      "acted_at": "2015-02-05T10:07:56-05:00", 
      "action_code": "76000", 
      "references": [], 
      "text": "Amendment agreed to Committee of the Whole", 
      "type": "action"
    }
  ], 
  "amendment_id": "hamdt16-114", 
  "amendment_type": "hamdt", 
  "amends_amendment": null, 
  "amends_bill": {
    "bill_id": "hr527-114", 
    "bill_type": "hr", 
    "congress": 114, 
    "number": 527
  }, 
  "amends_treaty": null, 
  "chamber": "h", 
  "congress": "114", 
  "description": "Amendment adds to the bill's Regulatory Flexibility Act exemption for veterans rights-and-benefits rules, an exemption for rules pertaining to servicemembers and predatory lending.", 
  "introduced_at": "2015-02-05", 
  "number": 16, 
  "purpose": null, 
  "sponsor": {
    "bioguide_id": "P000608", 
    "district": "52", 
    "name": "Peters, Scott H.", 
    "state": "CA", 
    "thomas_id": "02113", 
    "title": "Rep", 
    "type": "person"
  }, 
  "status": "pass", 
  "status_at": "2015-02-05T10:07:56-05:00", 
  "updated_at": "2016-08-01T13:26:21Z"
}