{
  "actions": [
    {
      "acted_at": "2015-04-30T23:40:20-04:00", 
      "action_code": "H32111", 
      "how": "roll", 
      "references": [], 
      "result": "fail", 
      "roll": 203, 
      "text": "On agreeing to the Quigley amendment (A030) Failed by recorded vote: 164 - 257 (Roll no. 203).", 
      "type": "vote", 
      "vote_type": "vote", 
      "where": "h"
    }, 
    {
      "acted_at": "2015-04-30T19:18:03-04:00", 
      "action_code": "H3A100", 
      "references": [
        {
          "reference": "CR H2711, H2748", 
          "type": "consideration"
        }, 
        {
          "reference": "CR H2711", 
          "type": "text"
        }
      ], 
      "text": "Amendment (A030) offered by Mr. Quigley.", 
      "type": "action"
    }, 
    {
      "acted_at": "2015-04-30", 
      "action_code": "", 
      "references": [], 
      "text": "", 
      "type": "action"
    }, 
    {
      "acted_at": "2015-04-30", 
      "action_code": "71000", 
      "references": [], 
      "text": "House amendment offered", 
      "type": "action"
    }, 
    {
      "acted_at": "2015-04-30T19:18:03-04:00", 
      "action_code": "71500", 
      "references": [
        {
          "reference": "CR H2711, H2748", 
          "type": "consideration"
        }, 
        {
          "reference": "CR H2711", 
          "type": "text"
        }
      ], 
      "text": "House amendment offered/reported by : Amendment (A030) offered by Mr. Quigley.", 
      "type": "action"
    }, 
    {
      "acted_at": "2015-04-30T23:40:20-04:00", 
      "action_code": "73000", 
      "references": [], 
      "text": "House amendment not agreed to: On agreeing to the Quigley amendment (A030) Failed by recorded vote: 164 - 257 (Roll no. 203).", 
      "type": "action"
    }, 
    {
      "acted_at": "2015-04-30T23:40:20-04:00", 
      "action_code": "75000", 
      "references": [], 
      "text": "Roll call votes on amendments in House", 
      "type": "action"
    }, 
    {
      "acted_at": "2015-04-30T23:40:20-04:00", 
      "action_code": "77000", 
      "references": [], 
      "text": "Amendment failed in Committee of the Whole", 
      "type": "action"
    }
  ], 
  "amendment_id": "hamdt180-114", 
  "amendment_type": "hamdt", 
  "amends_amendment": null, 
  "amends_bill": {
    "bill_id": "hr2028-114", 
    "bill_type": "hr", 
    "congress": 114, 
    "number": 2028
  }, 
  "amends_treaty": null, 
  "chamber": "h", 
  "congress": "114", 
  "description": "Amendment sought to reduce funding for the new nuclear-armed cruise missile by $167.050 million and to apply the savings to the spending reduction account.", 
  "introduced_at": "2015-04-30", 
  "number": 180, 
  "purpose": "An amendment to apply $167,050,000 to the savings reduction account for the new nuclear arm cruise missile.", 
  "sponsor": {
    "bioguide_id": "Q000023", 
    "district": "5", 
    "name": "Quigley, Mike", 
    "state": "IL", 
    "thomas_id": "01967", 
    "title": "Rep", 
    "type": "person"
  }, 
  "status": "fail", 
  "status_at": "2015-04-30T23:40:20-04:00", 
  "updated_at": "2016-08-01T13:27:19Z"
}