{
  "actions": [
    {
      "acted_at": "2015-03-04T13:45:24-05:00", 
      "action_code": "H32111", 
      "how": "by voice vote", 
      "references": [], 
      "result": "pass", 
      "text": "On agreeing to the Brownley (CA) amendment (A004) Agreed to by voice vote.", 
      "type": "vote", 
      "vote_type": "vote", 
      "where": "h"
    }, 
    {
      "acted_at": "2015-03-04T13:38:06-05:00", 
      "action_code": "H3A100", 
      "references": [
        {
          "reference": "CR H1595-1596", 
          "type": "consideration"
        }, 
        {
          "reference": "CR H1595", 
          "type": "text"
        }
      ], 
      "text": "Amendment (A004) offered by Ms. Brownley (CA).", 
      "type": "action"
    }, 
    {
      "acted_at": "2015-03-04", 
      "action_code": "", 
      "references": [], 
      "text": "", 
      "type": "action"
    }, 
    {
      "acted_at": "2015-03-04", 
      "action_code": "71000", 
      "references": [], 
      "text": "House amendment offered", 
      "type": "action"
    }, 
    {
      "acted_at": "2015-03-04T13:38:06-05:00", 
      "action_code": "71500", 
      "references": [
        {
          "reference": "CR H1595-1596", 
          "type": "consideration"
        }, 
        {
          "reference": "CR H1595", 
          "type": "text"
        }
      ], 
      "text": "House amendment offered/reported by : Amendment (A004) offered by Ms. Brownley (CA).", 
      "type": "action"
    }, 
    {
      "acted_at": "2015-03-04T13:45:24-05:00", 
      "action_code": "72000", 
      "references": [], 
      "text": "House amendment agreed to: On agreeing to the Brownley (CA) amendment (A004) Agreed to by voice vote.", 
      "type": "action"
    }, 
    {
      "acted_at": "2015-03-04T13:45:24-05:00", 
      "action_code": "76000", 
      "references": [], 
      "text": "Amendment agreed to Committee of the Whole", 
      "type": "action"
    }
  ], 
  "amendment_id": "hamdt70-114", 
  "amendment_type": "hamdt", 
  "amends_amendment": null, 
  "amends_bill": {
    "bill_id": "hr749-114", 
    "bill_type": "hr", 
    "congress": 114, 
    "number": 749
  }, 
  "amends_treaty": null, 
  "chamber": "h", 
  "congress": "114", 
  "description": "Amendment requires each state to develop a grade crossing action plan, identifying specific solutions for improving safety at crossings, including highway-rail grade crossing closures or grade separations; and which focuses on crossings that have experienced recent grade crossing accidents or multiple accidents, or are at high risk for accidents.", 
  "introduced_at": "2015-03-04", 
  "number": 70, 
  "purpose": null, 
  "sponsor": {
    "bioguide_id": "B001285", 
    "district": "26", 
    "name": "Brownley, Julia", 
    "state": "CA", 
    "thomas_id": "02106", 
    "title": "Rep", 
    "type": "person"
  }, 
  "status": "pass", 
  "status_at": "2015-03-04T13:45:24-05:00", 
  "updated_at": "2016-08-01T13:26:31Z"
}