{
  "actions": [
    {
      "acted_at": "2015-06-01T17:28:11-04:00", 
      "action_code": "H32111", 
      "how": "by voice vote", 
      "references": [], 
      "result": "pass", 
      "text": "On agreeing to the Wittman amendment (A006) Agreed to by voice vote.", 
      "type": "vote", 
      "vote_type": "vote", 
      "where": "h"
    }, 
    {
      "acted_at": "2015-06-01T17:21:45-04:00", 
      "action_code": "H3A100", 
      "references": [
        {
          "reference": "CR H3612-3613", 
          "type": "consideration"
        }, 
        {
          "reference": "CR H3612", 
          "type": "text"
        }
      ], 
      "text": "Amendment (A006) offered by Mr. Wittman.", 
      "type": "action"
    }, 
    {
      "acted_at": "2015-06-01", 
      "action_code": "", 
      "references": [], 
      "text": "", 
      "type": "action"
    }, 
    {
      "acted_at": "2015-06-01", 
      "action_code": "71000", 
      "references": [], 
      "text": "House amendment offered", 
      "type": "action"
    }, 
    {
      "acted_at": "2015-06-01T17:21:45-04:00", 
      "action_code": "71500", 
      "references": [
        {
          "reference": "CR H3612-3613", 
          "type": "consideration"
        }, 
        {
          "reference": "CR H3612", 
          "type": "text"
        }
      ], 
      "text": "House amendment offered/reported by : Amendment (A006) offered by Mr. Wittman.", 
      "type": "action"
    }, 
    {
      "acted_at": "2015-06-01T17:28:11-04:00", 
      "action_code": "72000", 
      "references": [], 
      "text": "House amendment agreed to: On agreeing to the Wittman amendment (A006) Agreed to by voice vote.", 
      "type": "action"
    }, 
    {
      "acted_at": "2015-06-01T17:28:11-04:00", 
      "action_code": "76000", 
      "references": [], 
      "text": "Amendment agreed to Committee of the Whole", 
      "type": "action"
    }
  ], 
  "amendment_id": "hamdt267-114", 
  "amendment_type": "hamdt", 
  "amends_amendment": null, 
  "amends_bill": {
    "bill_id": "hr1335-114", 
    "bill_type": "hr", 
    "congress": 114, 
    "number": 1335
  }, 
  "amends_treaty": null, 
  "chamber": "h", 
  "congress": "114", 
  "description": "Amendment gives the National Oceanic and Atmospheric Administration (NOAA), the authority to implement management practices better suited to the nature and scope of recreational fishing.", 
  "introduced_at": "2015-06-01", 
  "number": 267, 
  "purpose": "An amendment numbered 7 printed in House Report 114-128 to give NOAA the authority to use alternative fishery management measures.", 
  "sponsor": {
    "bioguide_id": "W000804", 
    "district": "1", 
    "name": "Wittman, Robert J.", 
    "state": "VA", 
    "thomas_id": "01886", 
    "title": "Rep", 
    "type": "person"
  }, 
  "status": "pass", 
  "status_at": "2015-06-01T17:28:11-04:00", 
  "updated_at": "2016-08-17T17:01:07Z"
}