{
  "actions": [
    {
      "acted_at": "2015-04-30T16:08:48-04:00", 
      "action_code": "H32111", 
      "how": "by voice vote", 
      "references": [], 
      "result": "pass", 
      "text": "On agreeing to the Jackson Lee amendment (A029) Agreed to by voice vote.", 
      "type": "vote", 
      "vote_type": "vote", 
      "where": "h"
    }, 
    {
      "acted_at": "2015-04-30T16:03:40-04:00", 
      "action_code": "H3A100", 
      "references": [
        {
          "reference": "CR H2692-2693", 
          "type": "consideration"
        }, 
        {
          "reference": "CR H2692", 
          "type": "text"
        }
      ], 
      "text": "Amendment (A029) offered by Ms. Jackson Lee.", 
      "type": "action"
    }, 
    {
      "acted_at": "2015-04-30", 
      "action_code": "", 
      "references": [], 
      "text": "", 
      "type": "action"
    }, 
    {
      "acted_at": "2015-04-30", 
      "action_code": "71000", 
      "references": [], 
      "text": "House amendment offered", 
      "type": "action"
    }, 
    {
      "acted_at": "2015-04-30T16:03:40-04:00", 
      "action_code": "71500", 
      "references": [
        {
          "reference": "CR H2692-2693", 
          "type": "consideration"
        }, 
        {
          "reference": "CR H2692", 
          "type": "text"
        }
      ], 
      "text": "House amendment offered/reported by : Amendment (A029) offered by Ms. Jackson Lee.", 
      "type": "action"
    }, 
    {
      "acted_at": "2015-04-30T16:08:48-04:00", 
      "action_code": "72000", 
      "references": [], 
      "text": "House amendment agreed to: On agreeing to the Jackson Lee amendment (A029) Agreed to by voice vote.", 
      "type": "action"
    }, 
    {
      "acted_at": "2015-04-30T16:08:48-04:00", 
      "action_code": "76000", 
      "references": [], 
      "text": "Amendment agreed to Committee of the Whole", 
      "type": "action"
    }
  ], 
  "amendment_id": "hamdt179-114", 
  "amendment_type": "hamdt", 
  "amends_amendment": null, 
  "amends_bill": {
    "bill_id": "hr2028-114", 
    "bill_type": "hr", 
    "congress": 114, 
    "number": 2028
  }, 
  "amends_treaty": null, 
  "chamber": "h", 
  "congress": "114", 
  "description": "Amendment redirects $1 million in funding within the Departmental Administration account in order to address environmental concerns in both urban and rural settings.", 
  "introduced_at": "2015-04-30", 
  "number": 179, 
  "purpose": "An amendment to redirect $1 million in funding within the Departmental Administration account.", 
  "sponsor": {
    "bioguide_id": "J000032", 
    "district": "18", 
    "name": "Jackson Lee, Sheila", 
    "state": "TX", 
    "thomas_id": "00588", 
    "title": "Rep", 
    "type": "person"
  }, 
  "status": "pass", 
  "status_at": "2015-04-30T16:08:48-04:00", 
  "updated_at": "2016-08-01T13:27:19Z"
}