{
  "actions": [
    {
      "acted_at": "2015-04-30T20:19:16-04:00", 
      "action_code": "H32111", 
      "how": "by voice vote", 
      "references": [], 
      "result": "pass", 
      "text": "On agreeing to the Babin amendment (A036) Agreed to by voice vote.", 
      "type": "vote", 
      "vote_type": "vote", 
      "where": "h"
    }, 
    {
      "acted_at": "2015-04-30T20:11:11-04:00", 
      "action_code": "H3A100", 
      "references": [
        {
          "reference": "CR H2719-2720", 
          "type": "consideration"
        }, 
        {
          "reference": "CR H2719", 
          "type": "text"
        }
      ], 
      "text": "Amendment (A036) offered by Mr. Babin.", 
      "type": "action"
    }, 
    {
      "acted_at": "2015-04-30", 
      "action_code": "", 
      "references": [], 
      "text": "", 
      "type": "action"
    }, 
    {
      "acted_at": "2015-04-30", 
      "action_code": "71000", 
      "references": [], 
      "text": "House amendment offered", 
      "type": "action"
    }, 
    {
      "acted_at": "2015-04-30T20:11:11-04:00", 
      "action_code": "71500", 
      "references": [
        {
          "reference": "CR H2719-2720", 
          "type": "consideration"
        }, 
        {
          "reference": "CR H2719", 
          "type": "text"
        }
      ], 
      "text": "House amendment offered/reported by : Amendment (A036) offered by Mr. Babin.", 
      "type": "action"
    }, 
    {
      "acted_at": "2015-04-30T20:19:16-04:00", 
      "action_code": "72000", 
      "references": [], 
      "text": "House amendment agreed to: On agreeing to the Babin amendment (A036) Agreed to by voice vote.", 
      "type": "action"
    }, 
    {
      "acted_at": "2015-04-30T20:19:16-04:00", 
      "action_code": "76000", 
      "references": [], 
      "text": "Amendment agreed to Committee of the Whole", 
      "type": "action"
    }
  ], 
  "amendment_id": "hamdt186-114", 
  "amendment_type": "hamdt", 
  "amends_amendment": null, 
  "amends_bill": {
    "bill_id": "hr2028-114", 
    "bill_type": "hr", 
    "congress": 114, 
    "number": 2028
  }, 
  "amends_treaty": null, 
  "chamber": "h", 
  "congress": "114", 
  "description": "SEC.___. None of the funds made available in this Act under the heading \"Defense Nuclear Nonproliferation\" may be made available to enter into new contracts with, or new agreements for Federal assistance to the Islamic Republic of Iran except for contracts or agreements that require the Islamic Republic of Iran to cease the pursuit, acquisition, and development of nuclear weapons technology.", 
  "introduced_at": "2015-04-30", 
  "number": 186, 
  "purpose": "An amendment numbered 3 printed in the Congressional Record to prohibit the use of funds under the heading \"Defense Nuclear Nonproliferation\" from being made available to enter into new contracts with, or new agreements for Federal assistance to the Islamic Republic of Iran except for contracts or agreements that require the Islamic Republic of Iran to cease the pursuit, acquisition, and development of nuclear weapons technology.", 
  "sponsor": {
    "bioguide_id": "B001291", 
    "district": "36", 
    "name": "Babin, Brian", 
    "state": "TX", 
    "thomas_id": "02270", 
    "title": "Rep", 
    "type": "person"
  }, 
  "status": "pass", 
  "status_at": "2015-04-30T20:19:16-04:00", 
  "updated_at": "2016-08-01T13:27:19Z"
}