{
  "actions": [
    {
      "acted_at": "2015-06-09T19:24:20-04:00", 
      "action_code": "H32111", 
      "how": "roll", 
      "references": [
        {
          "reference": "CR H3967-3968", 
          "type": "consideration"
        }
      ], 
      "result": "fail", 
      "roll": 313, 
      "text": "On agreeing to the Posey amendment (A050) Failed by recorded vote: 163 - 260 (Roll no. 313).", 
      "type": "vote", 
      "vote_type": "vote", 
      "where": "h"
    }, 
    {
      "acted_at": "2015-06-04T10:27:10-04:00", 
      "action_code": "H3A100", 
      "references": [
        {
          "reference": "CR H3891", 
          "type": "consideration"
        }, 
        {
          "reference": "CR H3891", 
          "type": "text"
        }
      ], 
      "text": "Amendment (A050) offered by Mr. Posey.", 
      "type": "action"
    }, 
    {
      "acted_at": "2015-06-04", 
      "action_code": "", 
      "references": [], 
      "text": "", 
      "type": "action"
    }, 
    {
      "acted_at": "2015-06-04", 
      "action_code": "71000", 
      "references": [], 
      "text": "House amendment offered", 
      "type": "action"
    }, 
    {
      "acted_at": "2015-06-04T10:27:10-04:00", 
      "action_code": "71500", 
      "references": [
        {
          "reference": "CR H3891", 
          "type": "consideration"
        }, 
        {
          "reference": "CR H3891", 
          "type": "text"
        }
      ], 
      "text": "House amendment offered/reported by : Amendment (A050) offered by Mr. Posey.", 
      "type": "action"
    }, 
    {
      "acted_at": "2015-06-09T19:24:20-04:00", 
      "action_code": "73000", 
      "references": [
        {
          "reference": "CR H3967-3968", 
          "type": "consideration"
        }
      ], 
      "text": "House amendment not agreed to: On agreeing to the Posey amendment (A050) Failed by recorded vote: 163 - 260 (Roll no. 313).", 
      "type": "action"
    }, 
    {
      "acted_at": "2015-06-09T19:24:20-04:00", 
      "action_code": "75000", 
      "references": [], 
      "text": "Roll call votes on amendments in House", 
      "type": "action"
    }, 
    {
      "acted_at": "2015-06-09T19:24:20-04:00", 
      "action_code": "77000", 
      "references": [], 
      "text": "Amendment failed in Committee of the Whole", 
      "type": "action"
    }
  ], 
  "amendment_id": "hamdt405-114", 
  "amendment_type": "hamdt", 
  "amends_amendment": null, 
  "amends_bill": {
    "bill_id": "hr2577-114", 
    "bill_type": "hr", 
    "congress": 114, 
    "number": 2577
  }, 
  "amends_treaty": null, 
  "chamber": "h", 
  "congress": "114", 
  "description": "Amendment sought to prohibit the use of funds by the Department of Transportation to take any actions with respect to the financing of passenger rail projects along Florida's East Coast.", 
  "introduced_at": "2015-06-04", 
  "number": 405, 
  "purpose": "An amendment to prohibit the use of funds by the Department of Transportation to take any actions with respect to the financing of passenger rail projects along Florida's East Coast.", 
  "sponsor": {
    "bioguide_id": "P000599", 
    "district": "8", 
    "name": "Posey, Bill", 
    "state": "FL", 
    "thomas_id": "01915", 
    "title": "Rep", 
    "type": "person"
  }, 
  "status": "fail", 
  "status_at": "2015-06-09T19:24:20-04:00", 
  "updated_at": "2016-08-26T08:52:18Z"
}