{
  "actions": [
    {
      "acted_at": "2015-02-26T16:42:25-05:00", 
      "action_code": "H32111", 
      "how": "by voice vote", 
      "references": [], 
      "result": "pass", 
      "text": "On agreeing to the DeSaulnier amendment (A011) Agreed to by voice vote.", 
      "type": "vote", 
      "vote_type": "vote", 
      "where": "h"
    }, 
    {
      "acted_at": "2015-02-26T16:39:06-05:00", 
      "action_code": "H3A100", 
      "references": [
        {
          "reference": "CR H1263", 
          "type": "consideration"
        }, 
        {
          "reference": "CR H1263", 
          "type": "text"
        }
      ], 
      "text": "Amendment (A011) offered by Mr. DeSaulnier.", 
      "type": "action"
    }, 
    {
      "acted_at": "2015-02-26", 
      "action_code": "", 
      "references": [], 
      "text": "", 
      "type": "action"
    }, 
    {
      "acted_at": "2015-02-26", 
      "action_code": "71000", 
      "references": [], 
      "text": "House amendment offered", 
      "type": "action"
    }, 
    {
      "acted_at": "2015-02-26T16:39:06-05:00", 
      "action_code": "71500", 
      "references": [
        {
          "reference": "CR H1263", 
          "type": "consideration"
        }, 
        {
          "reference": "CR H1263", 
          "type": "text"
        }
      ], 
      "text": "House amendment offered/reported by : Amendment (A011) offered by Mr. DeSaulnier.", 
      "type": "action"
    }, 
    {
      "acted_at": "2015-02-26T16:42:25-05:00", 
      "action_code": "72000", 
      "references": [], 
      "text": "House amendment agreed to: On agreeing to the DeSaulnier amendment (A011) Agreed to by voice vote.", 
      "type": "action"
    }, 
    {
      "acted_at": "2015-02-26T16:42:25-05:00", 
      "action_code": "76000", 
      "references": [], 
      "text": "Amendment agreed to Committee of the Whole", 
      "type": "action"
    }
  ], 
  "amendment_id": "hamdt34-114", 
  "amendment_type": "hamdt", 
  "amends_amendment": null, 
  "amends_bill": {
    "bill_id": "hr5-114", 
    "bill_type": "hr", 
    "congress": 114, 
    "number": 5
  }, 
  "amends_treaty": null, 
  "chamber": "h", 
  "congress": "114", 
  "description": "Amendment requires local education agencies to develop agreements with Head Start and other agencies to carry out early childhood education activities.", 
  "introduced_at": "2015-02-26", 
  "number": 34, 
  "purpose": "An amendment numbered 11 printed in Part B of House Report 114-29 to require LEAs to develop agreements with Head Start and other agencies to carry out early childhood education activities.", 
  "sponsor": {
    "bioguide_id": "D000623", 
    "district": "11", 
    "name": "DeSaulnier, Mark", 
    "state": "CA", 
    "thomas_id": "02227", 
    "title": "Rep", 
    "type": "person"
  }, 
  "status": "pass", 
  "status_at": "2015-02-26T16:42:25-05:00", 
  "updated_at": "2016-08-01T13:26:00Z"
}