{
  "actions": [
    {
      "acted_at": "2015-06-11T00:35:26-04:00", 
      "action_code": "H32111", 
      "how": "by voice vote", 
      "references": [], 
      "result": "pass", 
      "text": "On agreeing to the Grayson amendment (A055) Agreed to by voice vote.", 
      "type": "vote", 
      "vote_type": "vote", 
      "where": "h"
    }, 
    {
      "acted_at": "2015-06-11T00:34:08-04:00", 
      "action_code": "H3A100", 
      "references": [
        {
          "reference": "CR 06/10/2015 H4124-4125", 
          "type": "consideration"
        }, 
        {
          "reference": "CR 06/10/2015 H4124-4125", 
          "type": "text"
        }
      ], 
      "text": "Amendment (A055) offered by Mr. Grayson.", 
      "type": "action"
    }, 
    {
      "acted_at": "2015-06-11", 
      "action_code": "", 
      "references": [], 
      "text": "", 
      "type": "action"
    }, 
    {
      "acted_at": "2015-06-11", 
      "action_code": "71000", 
      "references": [], 
      "text": "House amendment offered", 
      "type": "action"
    }, 
    {
      "acted_at": "2015-06-11T00:34:08-04:00", 
      "action_code": "71500", 
      "references": [
        {
          "reference": "CR 06/10/2015 H4124-4125", 
          "type": "consideration"
        }, 
        {
          "reference": "CR 06/10/2015 H4124-4125", 
          "type": "text"
        }
      ], 
      "text": "House amendment offered/reported by : Amendment (A055) offered by Mr. Grayson.", 
      "type": "action"
    }, 
    {
      "acted_at": "2015-06-11T00:35:26-04:00", 
      "action_code": "72000", 
      "references": [], 
      "text": "House amendment agreed to: On agreeing to the Grayson amendment (A055) Agreed to by voice vote.", 
      "type": "action"
    }, 
    {
      "acted_at": "2015-06-11T00:35:26-04:00", 
      "action_code": "76000", 
      "references": [], 
      "text": "Amendment agreed to Committee of the Whole", 
      "type": "action"
    }
  ], 
  "amendment_id": "hamdt495-114", 
  "amendment_type": "hamdt", 
  "amends_amendment": null, 
  "amends_bill": {
    "bill_id": "hr2685-114", 
    "bill_type": "hr", 
    "congress": 114, 
    "number": 2685
  }, 
  "amends_treaty": null, 
  "chamber": "h", 
  "congress": "114", 
  "description": "Amendment prohibits use of funds to enter into contracts with entities who are convicted of fraud.", 
  "introduced_at": "2015-06-11", 
  "number": 495, 
  "purpose": "An amendment to prohibit use of funds to enter into contracts with entities who are convicted of fraud.", 
  "sponsor": {
    "bioguide_id": "G000556", 
    "district": "9", 
    "name": "Grayson, Alan", 
    "state": "FL", 
    "thomas_id": "01914", 
    "title": "Rep", 
    "type": "person"
  }, 
  "status": "pass", 
  "status_at": "2015-06-11T00:35:26-04:00", 
  "updated_at": "2016-08-01T13:27:47Z"
}