{
  "actions": [
    {
      "acted_at": "2015-04-29T22:31:43-04:00", 
      "action_code": "H32111", 
      "how": "by voice vote", 
      "references": [], 
      "result": "pass", 
      "text": "On agreeing to the Tipton amendment (A013) Agreed to by voice vote.", 
      "type": "vote", 
      "vote_type": "vote", 
      "where": "h"
    }, 
    {
      "acted_at": "2015-04-29T22:27:51-04:00", 
      "action_code": "H3A100", 
      "references": [
        {
          "reference": "CR H2643-2644", 
          "type": "consideration"
        }, 
        {
          "reference": "CR H2643", 
          "type": "text"
        }
      ], 
      "text": "Amendment (A013) offered by Mr. Tipton.", 
      "type": "action"
    }, 
    {
      "acted_at": "2015-04-29", 
      "action_code": "", 
      "references": [], 
      "text": "", 
      "type": "action"
    }, 
    {
      "acted_at": "2015-04-29", 
      "action_code": "71000", 
      "references": [], 
      "text": "House amendment offered", 
      "type": "action"
    }, 
    {
      "acted_at": "2015-04-29T22:27:51-04:00", 
      "action_code": "71500", 
      "references": [
        {
          "reference": "CR H2643-2644", 
          "type": "consideration"
        }, 
        {
          "reference": "CR H2643", 
          "type": "text"
        }
      ], 
      "text": "House amendment offered/reported by : Amendment (A013) offered by Mr. Tipton.", 
      "type": "action"
    }, 
    {
      "acted_at": "2015-04-29T22:31:43-04:00", 
      "action_code": "72000", 
      "references": [], 
      "text": "House amendment agreed to: On agreeing to the Tipton amendment (A013) Agreed to by voice vote.", 
      "type": "action"
    }, 
    {
      "acted_at": "2015-04-29T22:31:43-04:00", 
      "action_code": "76000", 
      "references": [], 
      "text": "Amendment agreed to Committee of the Whole", 
      "type": "action"
    }
  ], 
  "amendment_id": "hamdt163-114", 
  "amendment_type": "hamdt", 
  "amends_amendment": null, 
  "amends_bill": {
    "bill_id": "hr2028-114", 
    "bill_type": "hr", 
    "congress": 114, 
    "number": 2028
  }, 
  "amends_treaty": null, 
  "chamber": "h", 
  "congress": "114", 
  "description": "Amendment increases funding for Water and Related Resources by $2 million and reduces funding for Departmental Administration by a similar amount in order to allow the Bureau of Reclamation to proceed with water supply delivery projects.", 
  "introduced_at": "2015-04-29", 
  "number": 163, 
  "purpose": "An amendment to increase funding for Water and Related Resources by $2 million and to reduce funding for Departmental Administration by a similar amount.", 
  "sponsor": {
    "bioguide_id": "T000470", 
    "district": "3", 
    "name": "Tipton, Scott  R.", 
    "state": "CO", 
    "thomas_id": "01997", 
    "title": "Rep", 
    "type": "person"
  }, 
  "status": "pass", 
  "status_at": "2015-04-29T22:31:43-04:00", 
  "updated_at": "2016-08-01T13:27:19Z"
}