{
  "actions": [
    {
      "acted_at": "2015-03-26", 
      "action_code": "", 
      "references": [], 
      "text": "", 
      "type": "action"
    }, 
    {
      "acted_at": "2015-03-26", 
      "action_code": "71000", 
      "references": [], 
      "text": "House amendment offered", 
      "type": "action"
    }
  ], 
  "amendment_id": "hamdt87-114", 
  "amendment_type": "hamdt", 
  "amends_amendment": null, 
  "amends_bill": {
    "bill_id": "hr2-114", 
    "bill_type": "hr", 
    "congress": 114, 
    "number": 2
  }, 
  "amends_treaty": null, 
  "chamber": "h", 
  "congress": "114", 
  "description": null, 
  "introduced_at": "2015-03-26", 
  "number": 87, 
  "purpose": "Pursuant to the provisions of H.Res. 173 the amendment printed in House Report 114-50 is considered as adopted.", 
  "sponsor": {
    "name": "House Rules", 
    "type": "committee"
  }, 
  "status": "offered", 
  "status_at": "2015-03-26", 
  "updated_at": "2016-08-03T14:01:24Z"
}