{
  "actions": [
    {
      "acted_at": "2015-06-03T13:59:54-04:00", 
      "action_code": "H32111", 
      "how": "roll", 
      "references": [
        {
          "reference": "CR H3783-3784", 
          "type": "consideration"
        }
      ], 
      "result": "fail", 
      "roll": 278, 
      "text": "On agreeing to the Blackburn amendment (A045) Failed by recorded vote: 168 - 257 (Roll no. 278).", 
      "type": "vote", 
      "vote_type": "vote", 
      "where": "h"
    }, 
    {
      "acted_at": "2015-06-02T22:00:55-04:00", 
      "action_code": "H3A100", 
      "references": [
        {
          "reference": "CR H3727-3729", 
          "type": "consideration"
        }, 
        {
          "reference": "CR H3728", 
          "type": "text"
        }
      ], 
      "text": "Amendment (A045) offered by Mrs. Blackburn.", 
      "type": "action"
    }, 
    {
      "acted_at": "2015-06-02", 
      "action_code": "", 
      "references": [], 
      "text": "", 
      "type": "action"
    }, 
    {
      "acted_at": "2015-06-02", 
      "action_code": "71000", 
      "references": [], 
      "text": "House amendment offered", 
      "type": "action"
    }, 
    {
      "acted_at": "2015-06-02T22:00:55-04:00", 
      "action_code": "71500", 
      "references": [
        {
          "reference": "CR H3727-3729", 
          "type": "consideration"
        }, 
        {
          "reference": "CR H3728", 
          "type": "text"
        }
      ], 
      "text": "House amendment offered/reported by : Amendment (A045) offered by Mrs. Blackburn.", 
      "type": "action"
    }, 
    {
      "acted_at": "2015-06-03T13:59:54-04:00", 
      "action_code": "73000", 
      "references": [
        {
          "reference": "CR H3783-3784", 
          "type": "consideration"
        }
      ], 
      "text": "House amendment not agreed to: On agreeing to the Blackburn amendment (A045) Failed by recorded vote: 168 - 257 (Roll no. 278).", 
      "type": "action"
    }, 
    {
      "acted_at": "2015-06-03T13:59:54-04:00", 
      "action_code": "75000", 
      "references": [], 
      "text": "Roll call votes on amendments in House", 
      "type": "action"
    }, 
    {
      "acted_at": "2015-06-03T13:59:54-04:00", 
      "action_code": "77000", 
      "references": [], 
      "text": "Amendment failed in Committee of the Whole", 
      "type": "action"
    }
  ], 
  "amendment_id": "hamdt313-114", 
  "amendment_type": "hamdt", 
  "amends_amendment": null, 
  "amends_bill": {
    "bill_id": "hr2578-114", 
    "bill_type": "hr", 
    "congress": 114, 
    "number": 2578
  }, 
  "amends_treaty": null, 
  "chamber": "h", 
  "congress": "114", 
  "description": "Amendment sought to reduce funds in the bill by 1 percent across-the-board excepting the FBI and specified accounts for the Department of Justice.", 
  "introduced_at": "2015-06-02", 
  "number": 313, 
  "purpose": "An amendment No. 1 printed in the Congressional Record to reduce funds in the bill by 1 percent across-the-board excepting the FBI and specified accounts for the Department of Justice.", 
  "sponsor": {
    "bioguide_id": "B001243", 
    "district": "7", 
    "name": "Blackburn, Marsha", 
    "state": "TN", 
    "thomas_id": "01748", 
    "title": "Rep", 
    "type": "person"
  }, 
  "status": "fail", 
  "status_at": "2015-06-03T13:59:54-04:00", 
  "updated_at": "2016-08-01T13:27:41Z"
}