{
  "actions": [
    {
      "acted_at": "2015-04-21T17:45:31-04:00", 
      "action_code": "H32111", 
      "how": "by voice vote", 
      "references": [], 
      "result": "pass", 
      "text": "On agreeing to the Kuster amendment (A002) Agreed to by voice vote.", 
      "type": "vote", 
      "vote_type": "vote", 
      "where": "h"
    }, 
    {
      "acted_at": "2015-04-21T17:41:47-04:00", 
      "action_code": "H3A100", 
      "references": [
        {
          "reference": "CR H2342-2343", 
          "type": "consideration"
        }, 
        {
          "reference": "CR H2342", 
          "type": "text"
        }
      ], 
      "text": "Amendment (A002) offered by Ms. Kuster.", 
      "type": "action"
    }, 
    {
      "acted_at": "2015-04-21", 
      "action_code": "", 
      "references": [], 
      "text": "", 
      "type": "action"
    }, 
    {
      "acted_at": "2015-04-21", 
      "action_code": "71000", 
      "references": [], 
      "text": "House amendment offered", 
      "type": "action"
    }, 
    {
      "acted_at": "2015-04-21T17:41:47-04:00", 
      "action_code": "71500", 
      "references": [
        {
          "reference": "CR H2342-2343", 
          "type": "consideration"
        }, 
        {
          "reference": "CR H2342", 
          "type": "text"
        }
      ], 
      "text": "House amendment offered/reported by : Amendment (A002) offered by Ms. Kuster.", 
      "type": "action"
    }, 
    {
      "acted_at": "2015-04-21T17:45:31-04:00", 
      "action_code": "72000", 
      "references": [], 
      "text": "House amendment agreed to: On agreeing to the Kuster amendment (A002) Agreed to by voice vote.", 
      "type": "action"
    }, 
    {
      "acted_at": "2015-04-21T17:45:31-04:00", 
      "action_code": "76000", 
      "references": [], 
      "text": "Amendment agreed to Committee of the Whole", 
      "type": "action"
    }
  ], 
  "amendment_id": "hamdt91-114", 
  "amendment_type": "hamdt", 
  "amends_amendment": null, 
  "amends_bill": {
    "bill_id": "hr1195-114", 
    "bill_type": "hr", 
    "congress": 114, 
    "number": 1195
  }, 
  "amends_treaty": null, 
  "chamber": "h", 
  "congress": "114", 
  "description": "Amendment encourages the CFPB Director to ensure the participation of veteran-owned small business concerns in the Small Business Advisory Board.", 
  "introduced_at": "2015-04-21", 
  "number": 91, 
  "purpose": "An amendment No. 2 printed in part D of House Report 114-74 to encourage the CFPB Director to ensure the participation of veteran-owned small business concerns in the Small Business Advisory Board.", 
  "sponsor": {
    "bioguide_id": "K000382", 
    "district": "2", 
    "name": "Kuster, Ann M.", 
    "state": "NH", 
    "thomas_id": "02145", 
    "title": "Rep", 
    "type": "person"
  }, 
  "status": "pass", 
  "status_at": "2015-04-21T17:45:31-04:00", 
  "updated_at": "2016-08-03T15:26:59Z"
}