{
  "actions": [
    {
      "acted_at": "2015-05-15T10:28:14-04:00", 
      "action_code": "H32111", 
      "how": "roll", 
      "references": [
        {
          "reference": "CR H3231-3232", 
          "type": "consideration"
        }
      ], 
      "result": "fail", 
      "roll": 235, 
      "text": "On agreeing to the Blumenauer amendment (A012) Failed by recorded vote: 43 - 375 (Roll no. 235).", 
      "type": "vote", 
      "vote_type": "vote", 
      "where": "h"
    }, 
    {
      "acted_at": "2015-05-14T19:48:08-04:00", 
      "action_code": "H3A100", 
      "references": [
        {
          "reference": "CR H3184-3185", 
          "type": "consideration"
        }, 
        {
          "reference": "CR H3184", 
          "type": "text"
        }
      ], 
      "text": "Amendment (A012) offered by Mr. Blumenauer.", 
      "type": "action"
    }, 
    {
      "acted_at": "2015-05-14", 
      "action_code": "", 
      "references": [], 
      "text": "", 
      "type": "action"
    }, 
    {
      "acted_at": "2015-05-14", 
      "action_code": "71000", 
      "references": [], 
      "text": "House amendment offered", 
      "type": "action"
    }, 
    {
      "acted_at": "2015-05-14T19:48:08-04:00", 
      "action_code": "71500", 
      "references": [
        {
          "reference": "CR H3184-3185", 
          "type": "consideration"
        }, 
        {
          "reference": "CR H3184", 
          "type": "text"
        }
      ], 
      "text": "House amendment offered/reported by : Amendment (A012) offered by Mr. Blumenauer.", 
      "type": "action"
    }, 
    {
      "acted_at": "2015-05-15T10:28:14-04:00", 
      "action_code": "73000", 
      "references": [
        {
          "reference": "CR H3231-3232", 
          "type": "consideration"
        }
      ], 
      "text": "House amendment not agreed to: On agreeing to the Blumenauer amendment (A012) Failed by recorded vote: 43 - 375 (Roll no. 235).", 
      "type": "action"
    }, 
    {
      "acted_at": "2015-05-15T10:28:14-04:00", 
      "action_code": "75000", 
      "references": [], 
      "text": "Roll call votes on amendments in House", 
      "type": "action"
    }, 
    {
      "acted_at": "2015-05-15T10:28:14-04:00", 
      "action_code": "77000", 
      "references": [], 
      "text": "Amendment failed in Committee of the Whole", 
      "type": "action"
    }
  ], 
  "amendment_id": "hamdt227-114", 
  "amendment_type": "hamdt", 
  "amends_amendment": null, 
  "amends_bill": {
    "bill_id": "hr1735-114", 
    "bill_type": "hr", 
    "congress": 114, 
    "number": 1735
  }, 
  "amends_treaty": null, 
  "chamber": "h", 
  "congress": "114", 
  "description": "Amendment sought to require that funding for the Navy's new Ohio-class replacement submarines must come from the shipbuilding budget instead of the Sea-Based Deterrent Fund. Amendment also sought to transfer funds from the Sea-Based Deterrent Fund back into Navy budget lines.", 
  "introduced_at": "2015-05-14", 
  "number": 227, 
  "purpose": "An amendment No. 32 printed in House Report 114-112 to require funding for the Navy's new Ohio-class replacement submarines to come from their traditional Navy accounts, instead of the Sea-Based Deterrent Fund and transfers funds from the Sea-Based Deterrent Fund back into their historic Navy budget lines.", 
  "sponsor": {
    "bioguide_id": "B000574", 
    "district": "3", 
    "name": "Blumenauer, Earl", 
    "state": "OR", 
    "thomas_id": "00099", 
    "title": "Rep", 
    "type": "person"
  }, 
  "status": "fail", 
  "status_at": "2015-05-15T10:28:14-04:00", 
  "updated_at": "2016-06-15T13:41:50Z"
}