{
  "actions": [
    {
      "acted_at": "2015-04-29T18:03:46-04:00", 
      "action_code": "H32111", 
      "how": "by voice vote", 
      "references": [], 
      "result": "pass", 
      "text": "On agreeing to the Jackson Lee amendment (A021) Agreed to by voice vote.", 
      "type": "vote", 
      "vote_type": "vote", 
      "where": "h"
    }, 
    {
      "acted_at": "2015-04-29T17:59:40-04:00", 
      "action_code": "H3A100", 
      "references": [
        {
          "reference": "CR H2606-2607", 
          "type": "consideration"
        }, 
        {
          "reference": "CR H2606", 
          "type": "text"
        }
      ], 
      "text": "Amendment (A021) offered by Ms. Jackson Lee.", 
      "type": "action"
    }, 
    {
      "acted_at": "2015-04-29", 
      "action_code": "", 
      "references": [], 
      "text": "", 
      "type": "action"
    }, 
    {
      "acted_at": "2015-04-29", 
      "action_code": "71000", 
      "references": [], 
      "text": "House amendment offered", 
      "type": "action"
    }, 
    {
      "acted_at": "2015-04-29T17:59:40-04:00", 
      "action_code": "71500", 
      "references": [
        {
          "reference": "CR H2606-2607", 
          "type": "consideration"
        }, 
        {
          "reference": "CR H2606", 
          "type": "text"
        }
      ], 
      "text": "House amendment offered/reported by : Amendment (A021) offered by Ms. Jackson Lee.", 
      "type": "action"
    }, 
    {
      "acted_at": "2015-04-29T18:03:46-04:00", 
      "action_code": "72000", 
      "references": [], 
      "text": "House amendment agreed to: On agreeing to the Jackson Lee amendment (A021) Agreed to by voice vote.", 
      "type": "action"
    }, 
    {
      "acted_at": "2015-04-29T18:03:46-04:00", 
      "action_code": "76000", 
      "references": [], 
      "text": "Amendment agreed to Committee of the Whole", 
      "type": "action"
    }
  ], 
  "amendment_id": "hamdt128-114", 
  "amendment_type": "hamdt", 
  "amends_amendment": null, 
  "amends_bill": {
    "bill_id": "hr2029-114", 
    "bill_type": "hr", 
    "congress": 114, 
    "number": 2029
  }, 
  "amends_treaty": null, 
  "chamber": "h", 
  "congress": "114", 
  "description": "Amendment increases the amount of funding for Supportive Services for Veterans Families by $2 million offset by a reduction of a similar amount in the funding for the VA's Information Technology Systems.", 
  "introduced_at": "2015-04-29", 
  "number": 128, 
  "purpose": "An amendment to add a new section to the end of the bill revising amounts provided by the bill by reducing the amount made available for Department of Veterans Affairs- Departmental Administration- Information Technology Services and by increasing the amount made available for Veterans Health Administration- Medical Services by $2,000,000.", 
  "sponsor": {
    "bioguide_id": "J000032", 
    "district": "18", 
    "name": "Jackson Lee, Sheila", 
    "state": "TX", 
    "thomas_id": "00588", 
    "title": "Rep", 
    "type": "person"
  }, 
  "status": "pass", 
  "status_at": "2015-04-29T18:03:46-04:00", 
  "updated_at": "2016-08-01T13:27:20Z"
}