{
  "actions": [
    {
      "acted_at": "2015-06-10T22:26:20-04:00", 
      "action_code": "H32111", 
      "how": "roll", 
      "references": [], 
      "result": "fail", 
      "roll": 338, 
      "text": "On agreeing to the Nadler amendment (A029) Failed by recorded vote: 181 - 251 (Roll no. 338).", 
      "type": "vote", 
      "vote_type": "vote", 
      "where": "h"
    }, 
    {
      "acted_at": "2015-06-10T19:51:01-04:00", 
      "action_code": "H3A100", 
      "references": [
        {
          "reference": "CR H4088, H4108-4109", 
          "type": "consideration"
        }, 
        {
          "reference": "CR H4088", 
          "type": "text"
        }
      ], 
      "text": "Amendment (A029) offered by Mr. Nadler.", 
      "type": "action"
    }, 
    {
      "acted_at": "2015-06-10", 
      "action_code": "", 
      "references": [], 
      "text": "", 
      "type": "action"
    }, 
    {
      "acted_at": "2015-06-10", 
      "action_code": "71000", 
      "references": [], 
      "text": "House amendment offered", 
      "type": "action"
    }, 
    {
      "acted_at": "2015-06-10T19:51:01-04:00", 
      "action_code": "71500", 
      "references": [
        {
          "reference": "CR H4088, H4108-4109", 
          "type": "consideration"
        }, 
        {
          "reference": "CR H4088", 
          "type": "text"
        }
      ], 
      "text": "House amendment offered/reported by : Amendment (A029) offered by Mr. Nadler.", 
      "type": "action"
    }, 
    {
      "acted_at": "2015-06-10T22:26:20-04:00", 
      "action_code": "73000", 
      "references": [], 
      "text": "House amendment not agreed to: On agreeing to the Nadler amendment (A029) Failed by recorded vote: 181 - 251 (Roll no. 338).", 
      "type": "action"
    }, 
    {
      "acted_at": "2015-06-10T22:26:20-04:00", 
      "action_code": "75000", 
      "references": [], 
      "text": "Roll call votes on amendments in House", 
      "type": "action"
    }, 
    {
      "acted_at": "2015-06-10T22:26:20-04:00", 
      "action_code": "77000", 
      "references": [], 
      "text": "Amendment failed in Committee of the Whole", 
      "type": "action"
    }
  ], 
  "amendment_id": "hamdt469-114", 
  "amendment_type": "hamdt", 
  "amends_amendment": null, 
  "amends_bill": {
    "bill_id": "hr2685-114", 
    "bill_type": "hr", 
    "congress": 114, 
    "number": 2685
  }, 
  "amends_treaty": null, 
  "chamber": "h", 
  "congress": "114", 
  "description": "Amendment sought to strike section 8102 regarding prohibition of funds to transfer any individual detained at Guantanamo Bay to the custody or control of the individual's country of origin, or any other foreign country.", 
  "introduced_at": "2015-06-10", 
  "number": 469, 
  "purpose": "An amendment to strike section 8102 regarding prohibiting funds to transfer any individual detained at GTMO to the custody or control of the individual's country of origin, or any other foreign country.", 
  "sponsor": {
    "bioguide_id": "N000002", 
    "district": "10", 
    "name": "Nadler, Jerrold", 
    "state": "NY", 
    "thomas_id": "00850", 
    "title": "Rep", 
    "type": "person"
  }, 
  "status": "fail", 
  "status_at": "2015-06-10T22:26:20-04:00", 
  "updated_at": "2016-08-01T13:27:47Z"
}