{
  "actions": [
    {
      "acted_at": "2015-05-21T11:39:14-04:00", 
      "action_code": "H32111", 
      "how": "by voice vote", 
      "references": [], 
      "result": "pass", 
      "text": "On agreeing to the Castro (TX) amendment (A004) Agreed to by voice vote.", 
      "type": "vote", 
      "vote_type": "vote", 
      "where": "h"
    }, 
    {
      "acted_at": "2015-05-21T11:36:35-04:00", 
      "action_code": "H3A100", 
      "references": [
        {
          "reference": "CR H3526", 
          "type": "consideration"
        }, 
        {
          "reference": "CR H3526", 
          "type": "text"
        }
      ], 
      "text": "Amendment (A004) offered by Mr. Castro (TX).", 
      "type": "action"
    }, 
    {
      "acted_at": "2015-05-21", 
      "action_code": "", 
      "references": [], 
      "text": "", 
      "type": "action"
    }, 
    {
      "acted_at": "2015-05-21", 
      "action_code": "71000", 
      "references": [], 
      "text": "House amendment offered", 
      "type": "action"
    }, 
    {
      "acted_at": "2015-05-21T11:36:35-04:00", 
      "action_code": "71500", 
      "references": [
        {
          "reference": "CR H3526", 
          "type": "consideration"
        }, 
        {
          "reference": "CR H3526", 
          "type": "text"
        }
      ], 
      "text": "House amendment offered/reported by : Amendment (A004) offered by Mr. Castro (TX).", 
      "type": "action"
    }, 
    {
      "acted_at": "2015-05-21T11:39:14-04:00", 
      "action_code": "72000", 
      "references": [], 
      "text": "House amendment agreed to: On agreeing to the Castro (TX) amendment (A004) Agreed to by voice vote.", 
      "type": "action"
    }, 
    {
      "acted_at": "2015-05-21T11:39:14-04:00", 
      "action_code": "76000", 
      "references": [], 
      "text": "Amendment agreed to Committee of the Whole", 
      "type": "action"
    }
  ], 
  "amendment_id": "hamdt258-114", 
  "amendment_type": "hamdt", 
  "amends_amendment": null, 
  "amends_bill": {
    "bill_id": "hr2262-114", 
    "bill_type": "hr", 
    "congress": 114, 
    "number": 2262
  }, 
  "amends_treaty": null, 
  "chamber": "h", 
  "congress": "114", 
  "description": "Amendment ensures that the Orbital Traffic Management study includes input from nonprofit organizations that conduct research in space traffic and orbital activities.", 
  "introduced_at": "2015-05-21", 
  "number": 258, 
  "purpose": "An amendment numbered 4 printed in Part A of House Report 114-127 to ensure the Orbital Traffic Management study includes input from nonprofit organizations that conduct research in space traffic and orbital activities.", 
  "sponsor": {
    "bioguide_id": "C001091", 
    "district": "20", 
    "name": "Castro, Joaquin", 
    "state": "TX", 
    "thomas_id": "02163", 
    "title": "Rep", 
    "type": "person"
  }, 
  "status": "pass", 
  "status_at": "2015-05-21T11:39:14-04:00", 
  "updated_at": "2016-08-01T13:27:29Z"
}