{
  "actions": [
    {
      "acted_at": "2015-04-30T23:28:10-04:00", 
      "action_code": "H32111", 
      "how": "roll", 
      "references": [
        {
          "reference": "CR H2745-2746", 
          "type": "consideration"
        }
      ], 
      "result": "fail", 
      "roll": 199, 
      "text": "On agreeing to the Byrne amendment (A021) Failed by recorded vote: 139 - 282 (Roll no. 199).", 
      "type": "vote", 
      "vote_type": "vote", 
      "where": "h"
    }, 
    {
      "acted_at": "2015-04-29T23:10:08-04:00", 
      "action_code": "H3A100", 
      "references": [
        {
          "reference": "CR H2649-2650", 
          "type": "consideration"
        }, 
        {
          "reference": "CR H2649", 
          "type": "text"
        }
      ], 
      "text": "Amendment (A021) offered by Mr. Byrne.", 
      "type": "action"
    }, 
    {
      "acted_at": "2015-04-29", 
      "action_code": "", 
      "references": [], 
      "text": "", 
      "type": "action"
    }, 
    {
      "acted_at": "2015-04-29", 
      "action_code": "71000", 
      "references": [], 
      "text": "House amendment offered", 
      "type": "action"
    }, 
    {
      "acted_at": "2015-04-29T23:10:08-04:00", 
      "action_code": "71500", 
      "references": [
        {
          "reference": "CR H2649-2650", 
          "type": "consideration"
        }, 
        {
          "reference": "CR H2649", 
          "type": "text"
        }
      ], 
      "text": "House amendment offered/reported by : Amendment (A021) offered by Mr. Byrne.", 
      "type": "action"
    }, 
    {
      "acted_at": "2015-04-30T23:28:10-04:00", 
      "action_code": "73000", 
      "references": [
        {
          "reference": "CR H2745-2746", 
          "type": "consideration"
        }
      ], 
      "text": "House amendment not agreed to: On agreeing to the Byrne amendment (A021) Failed by recorded vote: 139 - 282 (Roll no. 199).", 
      "type": "action"
    }, 
    {
      "acted_at": "2015-04-30T23:28:10-04:00", 
      "action_code": "75000", 
      "references": [], 
      "text": "Roll call votes on amendments in House", 
      "type": "action"
    }, 
    {
      "acted_at": "2015-04-30T23:28:10-04:00", 
      "action_code": "77000", 
      "references": [], 
      "text": "Amendment failed in Committee of the Whole", 
      "type": "action"
    }
  ], 
  "amendment_id": "hamdt171-114", 
  "amendment_type": "hamdt", 
  "amends_amendment": null, 
  "amends_bill": {
    "bill_id": "hr2028-114", 
    "bill_type": "hr", 
    "congress": 114, 
    "number": 2028
  }, 
  "amends_treaty": null, 
  "chamber": "h", 
  "congress": "114", 
  "description": "Amendment sought to zero out funding for Energy Efficiency and Renewable Energy and to apply the savings of $1,657,774,000 to the spending reduction account.", 
  "introduced_at": "2015-04-29", 
  "number": 171, 
  "purpose": "An amendment to zero out funding for Energy Efficiency and Renewable Energy and to apply the savings of $1,657,774,000 to the spending reduction account.", 
  "sponsor": {
    "bioguide_id": "B001289", 
    "district": "1", 
    "name": "Byrne, Bradley", 
    "state": "AL", 
    "thomas_id": "02197", 
    "title": "Rep", 
    "type": "person"
  }, 
  "status": "fail", 
  "status_at": "2015-04-30T23:28:10-04:00", 
  "updated_at": "2016-08-01T13:27:19Z"
}