{
  "actions": [
    {
      "acted_at": "2015-06-01T16:57:40-04:00", 
      "action_code": "H32111", 
      "how": "by voice vote", 
      "references": [], 
      "result": "pass", 
      "text": "On agreeing to the Keating amendment (A002) Agreed to by voice vote.", 
      "type": "vote", 
      "vote_type": "vote", 
      "where": "h"
    }, 
    {
      "acted_at": "2015-06-01T16:51:11-04:00", 
      "action_code": "H3A100", 
      "references": [
        {
          "reference": "CR H3604-3605", 
          "type": "consideration"
        }, 
        {
          "reference": "CR H3604-3605", 
          "type": "text"
        }
      ], 
      "text": "Amendment (A002) offered by Mr. Keating.", 
      "type": "action"
    }, 
    {
      "acted_at": "2015-06-01", 
      "action_code": "", 
      "references": [], 
      "text": "", 
      "type": "action"
    }, 
    {
      "acted_at": "2015-06-01", 
      "action_code": "71000", 
      "references": [], 
      "text": "House amendment offered", 
      "type": "action"
    }, 
    {
      "acted_at": "2015-06-01T16:51:11-04:00", 
      "action_code": "71500", 
      "references": [
        {
          "reference": "CR H3604-3605", 
          "type": "consideration"
        }, 
        {
          "reference": "CR H3604-3605", 
          "type": "text"
        }
      ], 
      "text": "House amendment offered/reported by : Amendment (A002) offered by Mr. Keating.", 
      "type": "action"
    }, 
    {
      "acted_at": "2015-06-01T16:57:40-04:00", 
      "action_code": "72000", 
      "references": [], 
      "text": "House amendment agreed to: On agreeing to the Keating amendment (A002) Agreed to by voice vote.", 
      "type": "action"
    }, 
    {
      "acted_at": "2015-06-01T16:57:40-04:00", 
      "action_code": "76000", 
      "references": [], 
      "text": "Amendment agreed to Committee of the Whole", 
      "type": "action"
    }
  ], 
  "amendment_id": "hamdt263-114", 
  "amendment_type": "hamdt", 
  "amends_amendment": null, 
  "amends_bill": {
    "bill_id": "hr1335-114", 
    "bill_type": "hr", 
    "congress": 114, 
    "number": 1335
  }, 
  "amends_treaty": null, 
  "chamber": "h", 
  "congress": "114", 
  "description": "Amendment ensures that forfeiture funds are used for five things: (1) enhancing fishery research and stock assessments; (2) covering at-sea and shoreside monitoring; (3) advancing conservation gear engineering; (4) assisting with additional research for fishery impact statements; and (5) assisting with funding priorities of the regional fishery management councils.", 
  "introduced_at": "2015-06-01", 
  "number": 263, 
  "purpose": "An amendment numbered 3 printed in House Report 114-128 to use of Asset Forfeiture Fund for Fishery Independent Data Collection to include fishery research and independent stock assessments, conservation gear engineering, at-sea and shoreside monitoring, fishery impact statements, and other priorities established by the Council as necessary to rebuild or maintain sustainable fisheries, ensure healthy ecosystems, and maintain fishing communities.", 
  "sponsor": {
    "bioguide_id": "K000375", 
    "district": "9", 
    "name": "Keating, William R.", 
    "state": "MA", 
    "thomas_id": "02025", 
    "title": "Rep", 
    "type": "person"
  }, 
  "status": "pass", 
  "status_at": "2015-06-01T16:57:40-04:00", 
  "updated_at": "2016-08-17T17:01:07Z"
}