{
  "actions": [
    {
      "acted_at": "2015-02-04T14:55:44-05:00", 
      "action_code": "H32111", 
      "how": "by voice vote", 
      "references": [], 
      "result": "pass", 
      "text": "On agreeing to the Reed amendment (A002) Agreed to by voice vote.", 
      "type": "vote", 
      "vote_type": "vote", 
      "where": "h"
    }, 
    {
      "acted_at": "2015-02-04T14:51:40-05:00", 
      "action_code": "H3A100", 
      "references": [
        {
          "reference": "CR H781-782", 
          "type": "consideration"
        }, 
        {
          "reference": "CR H781", 
          "type": "text"
        }
      ], 
      "text": "Amendment (A002) offered by Mr. Reed.", 
      "type": "action"
    }, 
    {
      "acted_at": "2015-02-04", 
      "action_code": "", 
      "references": [], 
      "text": "", 
      "type": "action"
    }, 
    {
      "acted_at": "2015-02-04", 
      "action_code": "71000", 
      "references": [], 
      "text": "House amendment offered", 
      "type": "action"
    }, 
    {
      "acted_at": "2015-02-04T14:51:40-05:00", 
      "action_code": "71500", 
      "references": [
        {
          "reference": "CR H781-782", 
          "type": "consideration"
        }, 
        {
          "reference": "CR H781", 
          "type": "text"
        }
      ], 
      "text": "House amendment offered/reported by : Amendment (A002) offered by Mr. Reed.", 
      "type": "action"
    }, 
    {
      "acted_at": "2015-02-04T14:55:44-05:00", 
      "action_code": "72000", 
      "references": [], 
      "text": "House amendment agreed to: On agreeing to the Reed amendment (A002) Agreed to by voice vote.", 
      "type": "action"
    }, 
    {
      "acted_at": "2015-02-04T14:55:44-05:00", 
      "action_code": "76000", 
      "references": [], 
      "text": "Amendment agreed to Committee of the Whole", 
      "type": "action"
    }
  ], 
  "amendment_id": "hamdt13-114", 
  "amendment_type": "hamdt", 
  "amends_amendment": null, 
  "amends_bill": {
    "bill_id": "hr50-114", 
    "bill_type": "hr", 
    "congress": 114, 
    "number": 50
  }, 
  "amends_treaty": null, 
  "chamber": "h", 
  "congress": "114", 
  "description": "Amendment to require an assessment of the effects that a proposed or final rule are expected to have on private property owners, including the use and value of affected property.", 
  "introduced_at": "2015-02-04", 
  "number": 13, 
  "purpose": null, 
  "sponsor": {
    "bioguide_id": "R000585", 
    "district": "23", 
    "name": "Reed, Tom", 
    "state": "NY", 
    "thomas_id": "01982", 
    "title": "Rep", 
    "type": "person"
  }, 
  "status": "pass", 
  "status_at": "2015-02-04T14:55:44-05:00", 
  "updated_at": "2016-08-01T13:26:05Z"
}