{
  "actions": [
    {
      "acted_at": "2015-04-30T23:37:22-04:00", 
      "action_code": "H32111", 
      "how": "roll", 
      "references": [], 
      "result": "fail", 
      "roll": 202, 
      "text": "On agreeing to the Swalwell (CA) amendment (A028) Failed by recorded vote: 202 - 219 (Roll no. 202).", 
      "type": "vote", 
      "vote_type": "vote", 
      "where": "h"
    }, 
    {
      "acted_at": "2015-04-30T15:55:41-04:00", 
      "action_code": "H3A100", 
      "references": [
        {
          "reference": "CR H2691-2692, H2747-2748", 
          "type": "consideration"
        }, 
        {
          "reference": "CR H2691", 
          "type": "text"
        }
      ], 
      "text": "Amendment (A028) offered by Mr. Swalwell (CA).", 
      "type": "action"
    }, 
    {
      "acted_at": "2015-04-30", 
      "action_code": "", 
      "references": [], 
      "text": "", 
      "type": "action"
    }, 
    {
      "acted_at": "2015-04-30", 
      "action_code": "71000", 
      "references": [], 
      "text": "House amendment offered", 
      "type": "action"
    }, 
    {
      "acted_at": "2015-04-30T15:55:41-04:00", 
      "action_code": "71500", 
      "references": [
        {
          "reference": "CR H2691-2692, H2747-2748", 
          "type": "consideration"
        }, 
        {
          "reference": "CR H2691", 
          "type": "text"
        }
      ], 
      "text": "House amendment offered/reported by : Amendment (A028) offered by Mr. Swalwell (CA).", 
      "type": "action"
    }, 
    {
      "acted_at": "2015-04-30T23:37:22-04:00", 
      "action_code": "73000", 
      "references": [], 
      "text": "House amendment not agreed to: On agreeing to the Swalwell (CA) amendment (A028) Failed by recorded vote: 202 - 219 (Roll no. 202).", 
      "type": "action"
    }, 
    {
      "acted_at": "2015-04-30T23:37:22-04:00", 
      "action_code": "75000", 
      "references": [], 
      "text": "Roll call votes on amendments in House", 
      "type": "action"
    }, 
    {
      "acted_at": "2015-04-30T23:37:22-04:00", 
      "action_code": "77000", 
      "references": [], 
      "text": "Amendment failed in Committee of the Whole", 
      "type": "action"
    }
  ], 
  "amendment_id": "hamdt178-114", 
  "amendment_type": "hamdt", 
  "amends_amendment": null, 
  "amends_bill": {
    "bill_id": "hr2028-114", 
    "bill_type": "hr", 
    "congress": 114, 
    "number": 2028
  }, 
  "amends_treaty": null, 
  "chamber": "h", 
  "congress": "114", 
  "description": "Amendment sought to increase funding for Advanced Research Projects Agency-Energy (ARPA-E) by $20 million and to reduce funding for Departmental Administration by a similar amount.", 
  "introduced_at": "2015-04-30", 
  "number": 178, 
  "purpose": "An amendment to increase funding for Advanced Research Projects Agency-Energy (ARPA-E) by $20 million and to reduce funding for Departmental Administration by a similar amount.", 
  "sponsor": {
    "bioguide_id": "S001193", 
    "district": "15", 
    "name": "Swalwell, Eric", 
    "state": "CA", 
    "thomas_id": "02104", 
    "title": "Rep", 
    "type": "person"
  }, 
  "status": "fail", 
  "status_at": "2015-04-30T23:37:22-04:00", 
  "updated_at": "2016-08-01T13:27:19Z"
}