{
  "actions": [
    {
      "acted_at": "2015-06-03T15:40:47-04:00", 
      "action_code": "H32111", 
      "how": "by voice vote", 
      "references": [], 
      "result": "pass", 
      "text": "On agreeing to the Issa amendment (A076) Agreed to by voice vote.", 
      "type": "vote", 
      "vote_type": "vote", 
      "where": "h"
    }, 
    {
      "acted_at": "2015-06-03T15:35:34-04:00", 
      "action_code": "H3A100", 
      "references": [
        {
          "reference": "CR H3795-3796", 
          "type": "consideration"
        }, 
        {
          "reference": "CR H3795", 
          "type": "text"
        }
      ], 
      "text": "Amendment (A076) offered by Mr. Issa.", 
      "type": "action"
    }, 
    {
      "acted_at": "2015-06-03", 
      "action_code": "", 
      "references": [], 
      "text": "", 
      "type": "action"
    }, 
    {
      "acted_at": "2015-06-03", 
      "action_code": "71000", 
      "references": [], 
      "text": "House amendment offered", 
      "type": "action"
    }, 
    {
      "acted_at": "2015-06-03T15:35:34-04:00", 
      "action_code": "71500", 
      "references": [
        {
          "reference": "CR H3795-3796", 
          "type": "consideration"
        }, 
        {
          "reference": "CR H3795", 
          "type": "text"
        }
      ], 
      "text": "House amendment offered/reported by : Amendment (A076) offered by Mr. Issa.", 
      "type": "action"
    }, 
    {
      "acted_at": "2015-06-03T15:40:47-04:00", 
      "action_code": "72000", 
      "references": [], 
      "text": "House amendment agreed to: On agreeing to the Issa amendment (A076) Agreed to by voice vote.", 
      "type": "action"
    }, 
    {
      "acted_at": "2015-06-03T15:40:47-04:00", 
      "action_code": "76000", 
      "references": [], 
      "text": "Amendment agreed to Committee of the Whole", 
      "type": "action"
    }
  ], 
  "amendment_id": "hamdt344-114", 
  "amendment_type": "hamdt", 
  "amends_amendment": null, 
  "amends_bill": {
    "bill_id": "hr2578-114", 
    "bill_type": "hr", 
    "congress": 114, 
    "number": 2578
  }, 
  "amends_treaty": null, 
  "chamber": "h", 
  "congress": "114", 
  "description": "At the end of the bill, before the short title, insert the following:    SEC.___. None of the funds made available by this Act may be used to operate or disseminate a cell-site simulator or IMSI catcher in the United States except pursuant to a court order that identifies an individual, account, address, or personal device.", 
  "introduced_at": "2015-06-03", 
  "number": 344, 
  "purpose": "An amendment to prohibit the use of funds to operate or disseminate a cell-site simulator or IMSI catcher in the United States except pursuant to a court order that identifies an individual, account, address, or personal device.", 
  "sponsor": {
    "bioguide_id": "I000056", 
    "district": "49", 
    "name": "Issa, Darrell E.", 
    "state": "CA", 
    "thomas_id": "01640", 
    "title": "Rep", 
    "type": "person"
  }, 
  "status": "pass", 
  "status_at": "2015-06-03T15:40:47-04:00", 
  "updated_at": "2016-08-01T13:27:41Z"
}