{
  "actions": [
    {
      "acted_at": "2015-01-13T16:57:57-05:00", 
      "action_code": "H32111", 
      "how": "roll", 
      "references": [], 
      "result": "fail", 
      "roll": 24, 
      "text": "On agreeing to the Johnson (GA) amendment (A002) Failed by recorded vote: 178 - 247 (Roll no. 24).", 
      "type": "vote", 
      "vote_type": "vote", 
      "where": "h"
    }, 
    {
      "acted_at": "2015-01-13T15:58:32-05:00", 
      "action_code": "H3A100", 
      "references": [
        {
          "reference": "CR H262-263, H268", 
          "type": "consideration"
        }, 
        {
          "reference": "CR H262", 
          "type": "text"
        }
      ], 
      "text": "Amendment (A002) offered by Mr. Johnson (GA).", 
      "type": "action"
    }, 
    {
      "acted_at": "2015-01-13", 
      "action_code": "", 
      "references": [], 
      "text": "", 
      "type": "action"
    }, 
    {
      "acted_at": "2015-01-13", 
      "action_code": "71000", 
      "references": [], 
      "text": "House amendment offered", 
      "type": "action"
    }, 
    {
      "acted_at": "2015-01-13T15:58:32-05:00", 
      "action_code": "71500", 
      "references": [
        {
          "reference": "CR H262-263, H268", 
          "type": "consideration"
        }, 
        {
          "reference": "CR H262", 
          "type": "text"
        }
      ], 
      "text": "House amendment offered/reported by : Amendment (A002) offered by Mr. Johnson (GA).", 
      "type": "action"
    }, 
    {
      "acted_at": "2015-01-13T16:57:57-05:00", 
      "action_code": "73000", 
      "references": [], 
      "text": "House amendment not agreed to: On agreeing to the Johnson (GA) amendment (A002) Failed by recorded vote: 178 - 247 (Roll no. 24).", 
      "type": "action"
    }, 
    {
      "acted_at": "2015-01-13T16:57:57-05:00", 
      "action_code": "75000", 
      "references": [], 
      "text": "Roll call votes on amendments in House", 
      "type": "action"
    }, 
    {
      "acted_at": "2015-01-13T16:57:57-05:00", 
      "action_code": "77000", 
      "references": [], 
      "text": "Amendment failed in Committee of the Whole", 
      "type": "action"
    }
  ], 
  "amendment_id": "hamdt3-114", 
  "amendment_type": "hamdt", 
  "amends_amendment": null, 
  "amends_bill": {
    "bill_id": "hr185-114", 
    "bill_type": "hr", 
    "congress": 114, 
    "number": 185
  }, 
  "amends_treaty": null, 
  "chamber": "h", 
  "congress": "114", 
  "description": "Amendment sought to exempt from the bill all rules or guidance that the Director of OMB determines would result in net job creation.", 
  "introduced_at": "2015-01-13", 
  "number": 3, 
  "purpose": "An amendment numbered 2 printed in Part A of House Report 114-2 to exempt from H.R. 185 all rules or guidance that the Director of the Office of Management and Budget determines would result in net job creation.", 
  "sponsor": {
    "bioguide_id": "J000288", 
    "district": "4", 
    "name": "Johnson, Henry C. \"Hank,\" Jr.", 
    "state": "GA", 
    "thomas_id": "01843", 
    "title": "Rep", 
    "type": "person"
  }, 
  "status": "fail", 
  "status_at": "2015-01-13T16:57:57-05:00", 
  "updated_at": "2016-08-01T13:26:10Z"
}