{
  "actions": [
    {
      "acted_at": "2015-06-03T18:39:09-04:00", 
      "action_code": "H32111", 
      "how": "roll", 
      "references": [], 
      "result": "pass", 
      "roll": 294, 
      "text": "On agreeing to the King (IA) amendment (A084) Agreed to by recorded vote: 227 - 198 (Roll no. 294).", 
      "type": "vote", 
      "vote_type": "vote", 
      "where": "h"
    }, 
    {
      "acted_at": "2015-06-03T16:55:43-04:00", 
      "action_code": "H3A100", 
      "references": [
        {
          "reference": "CR H3804-3805, H3813-3814", 
          "type": "consideration"
        }, 
        {
          "reference": "CR H3804", 
          "type": "text"
        }
      ], 
      "text": "Amendment (A084) offered by Mr. King (IA).", 
      "type": "action"
    }, 
    {
      "acted_at": "2015-06-03", 
      "action_code": "", 
      "references": [], 
      "text": "", 
      "type": "action"
    }, 
    {
      "acted_at": "2015-06-03", 
      "action_code": "71000", 
      "references": [], 
      "text": "House amendment offered", 
      "type": "action"
    }, 
    {
      "acted_at": "2015-06-03T16:55:43-04:00", 
      "action_code": "71500", 
      "references": [
        {
          "reference": "CR H3804-3805, H3813-3814", 
          "type": "consideration"
        }, 
        {
          "reference": "CR H3804", 
          "type": "text"
        }
      ], 
      "text": "House amendment offered/reported by : Amendment (A084) offered by Mr. King (IA).", 
      "type": "action"
    }, 
    {
      "acted_at": "2015-06-03T18:39:09-04:00", 
      "action_code": "72000", 
      "references": [], 
      "text": "House amendment agreed to: On agreeing to the King (IA) amendment (A084) Agreed to by recorded vote: 227 - 198 (Roll no. 294).", 
      "type": "action"
    }, 
    {
      "acted_at": "2015-06-03T18:39:09-04:00", 
      "action_code": "75000", 
      "references": [], 
      "text": "Roll call votes on amendments in House", 
      "type": "action"
    }, 
    {
      "acted_at": "2015-06-03T18:39:09-04:00", 
      "action_code": "76000", 
      "references": [], 
      "text": "Amendment agreed to Committee of the Whole", 
      "type": "action"
    }
  ], 
  "amendment_id": "hamdt352-114", 
  "amendment_type": "hamdt", 
  "amends_amendment": null, 
  "amends_bill": {
    "bill_id": "hr2578-114", 
    "bill_type": "hr", 
    "congress": 114, 
    "number": 2578
  }, 
  "amends_treaty": null, 
  "chamber": "h", 
  "congress": "114", 
  "description": "Amendment prohibits use of State and Local Law Enforcement Assistance in contravention of the Immigration Reform and Immigrant Responsibility Act of 1996 (relating to establishment of sanctuary cities).", 
  "introduced_at": "2015-06-03", 
  "number": 352, 
  "purpose": "An amendment to prohibit use of State and Local Law Enforcement Assistance in contravention of the Immigration Reform and Immigrant Responsibility Act of 1996.", 
  "sponsor": {
    "bioguide_id": "K000362", 
    "district": "4", 
    "name": "King, Steve", 
    "state": "IA", 
    "thomas_id": "01724", 
    "title": "Rep", 
    "type": "person"
  }, 
  "status": "pass", 
  "status_at": "2015-06-03T18:39:09-04:00", 
  "updated_at": "2016-08-01T13:27:41Z"
}