{
  "actions": [
    {
      "acted_at": "2015-05-20T18:41:44-04:00", 
      "action_code": "H32111", 
      "how": "roll", 
      "references": [], 
      "result": "fail", 
      "roll": 255, 
      "text": "On agreeing to the Bonamici amendment (A010) Failed by recorded vote: 208 - 215 (Roll no. 255).", 
      "type": "vote", 
      "vote_type": "vote", 
      "where": "h"
    }, 
    {
      "acted_at": "2015-05-20T17:20:20-04:00", 
      "action_code": "H3A100", 
      "references": [
        {
          "reference": "CR H3456-3458, H3487-3488", 
          "type": "consideration"
        }, 
        {
          "reference": "CR H3456", 
          "type": "text"
        }
      ], 
      "text": "Amendment (A010) offered by Ms. Bonamici.", 
      "type": "action"
    }, 
    {
      "acted_at": "2015-05-20", 
      "action_code": "", 
      "references": [], 
      "text": "", 
      "type": "action"
    }, 
    {
      "acted_at": "2015-05-20", 
      "action_code": "71000", 
      "references": [], 
      "text": "House amendment offered", 
      "type": "action"
    }, 
    {
      "acted_at": "2015-05-20T17:20:20-04:00", 
      "action_code": "71500", 
      "references": [
        {
          "reference": "CR H3456-3458, H3487-3488", 
          "type": "consideration"
        }, 
        {
          "reference": "CR H3456", 
          "type": "text"
        }
      ], 
      "text": "House amendment offered/reported by : Amendment (A010) offered by Ms. Bonamici.", 
      "type": "action"
    }, 
    {
      "acted_at": "2015-05-20T18:41:44-04:00", 
      "action_code": "73000", 
      "references": [], 
      "text": "House amendment not agreed to: On agreeing to the Bonamici amendment (A010) Failed by recorded vote: 208 - 215 (Roll no. 255).", 
      "type": "action"
    }, 
    {
      "acted_at": "2015-05-20T18:41:44-04:00", 
      "action_code": "75000", 
      "references": [], 
      "text": "Roll call votes on amendments in House", 
      "type": "action"
    }, 
    {
      "acted_at": "2015-05-20T18:41:44-04:00", 
      "action_code": "77000", 
      "references": [], 
      "text": "Amendment failed in Committee of the Whole", 
      "type": "action"
    }
  ], 
  "amendment_id": "hamdt252-114", 
  "amendment_type": "hamdt", 
  "amends_amendment": null, 
  "amends_bill": {
    "bill_id": "hr1806-114", 
    "bill_type": "hr", 
    "congress": 114, 
    "number": 1806
  }, 
  "amends_treaty": null, 
  "chamber": "h", 
  "congress": "114", 
  "description": "Amendment sought to allow the Department of Energy to continue partnering with the Department of Defense to produce biofuels for the military.", 
  "introduced_at": "2015-05-20", 
  "number": 252, 
  "purpose": "An amendment No. 10 printed in part A of House Report 114-120 to allow the Department of Energy to continue partnering with the Department of Defense to produce biofuels for the military.", 
  "sponsor": {
    "bioguide_id": "B001278", 
    "district": "1", 
    "name": "Bonamici, Suzanne", 
    "state": "OR", 
    "thomas_id": "02092", 
    "title": "Rep", 
    "type": "person"
  }, 
  "status": "fail", 
  "status_at": "2015-05-20T18:41:44-04:00", 
  "updated_at": "2016-08-01T13:27:11Z"
}