{
  "actions": [
    {
      "acted_at": "2015-06-02T17:53:24-04:00", 
      "action_code": "H32111", 
      "how": "by voice vote", 
      "references": [], 
      "result": "pass", 
      "text": "On agreeing to the Gosar amendment (A022) Agreed to by voice vote.", 
      "type": "vote", 
      "vote_type": "vote", 
      "where": "h"
    }, 
    {
      "acted_at": "2015-06-02T17:50:36-04:00", 
      "action_code": "H3A100", 
      "references": [
        {
          "reference": "CR H3694-3695", 
          "type": "consideration"
        }, 
        {
          "reference": "CR H3694", 
          "type": "text"
        }
      ], 
      "text": "Amendment (A022) offered by Mr. Gosar.", 
      "type": "action"
    }, 
    {
      "acted_at": "2015-06-02", 
      "action_code": "", 
      "references": [], 
      "text": "", 
      "type": "action"
    }, 
    {
      "acted_at": "2015-06-02", 
      "action_code": "71000", 
      "references": [], 
      "text": "House amendment offered", 
      "type": "action"
    }, 
    {
      "acted_at": "2015-06-02T17:50:36-04:00", 
      "action_code": "71500", 
      "references": [
        {
          "reference": "CR H3694-3695", 
          "type": "consideration"
        }, 
        {
          "reference": "CR H3694", 
          "type": "text"
        }
      ], 
      "text": "House amendment offered/reported by : Amendment (A022) offered by Mr. Gosar.", 
      "type": "action"
    }, 
    {
      "acted_at": "2015-06-02T17:53:24-04:00", 
      "action_code": "72000", 
      "references": [], 
      "text": "House amendment agreed to: On agreeing to the Gosar amendment (A022) Agreed to by voice vote.", 
      "type": "action"
    }, 
    {
      "acted_at": "2015-06-02T17:53:24-04:00", 
      "action_code": "76000", 
      "references": [], 
      "text": "Amendment agreed to Committee of the Whole", 
      "type": "action"
    }
  ], 
  "amendment_id": "hamdt290-114", 
  "amendment_type": "hamdt", 
  "amends_amendment": null, 
  "amends_bill": {
    "bill_id": "hr2578-114", 
    "bill_type": "hr", 
    "congress": 114, 
    "number": 2578
  }, 
  "amends_treaty": null, 
  "chamber": "h", 
  "congress": "114", 
  "description": "Amendment reduces funding for the general administration account of the DOJ by $2,209,500 and increases funding for the general administration account of the Office of Inspector General by $1,709,000.", 
  "introduced_at": "2015-06-02", 
  "number": 290, 
  "purpose": "An amendment to reduce DOJ's general administration's account by $2,209,500 and increase the Office of Inspector General's account by $1,709,000.", 
  "sponsor": {
    "bioguide_id": "G000565", 
    "district": "4", 
    "name": "Gosar, Paul A.", 
    "state": "AZ", 
    "thomas_id": "01992", 
    "title": "Rep", 
    "type": "person"
  }, 
  "status": "pass", 
  "status_at": "2015-06-02T17:53:24-04:00", 
  "updated_at": "2016-08-01T13:27:41Z"
}