{
  "actions": [
    {
      "acted_at": "2015-06-10T23:35:08-04:00", 
      "action_code": "H32111", 
      "how": "by voice vote", 
      "references": [], 
      "result": "fail", 
      "text": "On agreeing to the Huizenga (MI) amendment (A041) Failed by voice vote.", 
      "type": "vote", 
      "vote_type": "vote", 
      "where": "h"
    }, 
    {
      "acted_at": "2015-06-10T23:35:07-04:00", 
      "action_code": "H3A100", 
      "references": [
        {
          "reference": "CR H4118", 
          "type": "consideration"
        }
      ], 
      "text": "Amendment (A041) offered by Mr. Huizenga (MI).", 
      "type": "action"
    }, 
    {
      "acted_at": "2015-06-10T23:13:24-04:00", 
      "action_code": "H3A100", 
      "references": [
        {
          "reference": "CR H4115-4116", 
          "type": "consideration"
        }, 
        {
          "reference": "CR H4115", 
          "type": "text"
        }
      ], 
      "text": "Amendment (A041) offered by Mr. Huizenga (MI).", 
      "type": "action"
    }, 
    {
      "acted_at": "2015-06-10", 
      "action_code": "", 
      "references": [], 
      "text": "", 
      "type": "action"
    }, 
    {
      "acted_at": "2015-06-10", 
      "action_code": "71000", 
      "references": [], 
      "text": "House amendment offered", 
      "type": "action"
    }, 
    {
      "acted_at": "2015-06-10T23:13:24-04:00", 
      "action_code": "71500", 
      "references": [
        {
          "reference": "CR H4115-4116", 
          "type": "consideration"
        }, 
        {
          "reference": "CR H4115", 
          "type": "text"
        }
      ], 
      "text": "House amendment offered/reported by : Amendment (A041) offered by Mr. Huizenga (MI).", 
      "type": "action"
    }, 
    {
      "acted_at": "2015-06-10T23:35:07-04:00", 
      "action_code": "71500", 
      "references": [
        {
          "reference": "CR H4118", 
          "type": "consideration"
        }
      ], 
      "text": "House amendment offered/reported by : Amendment (A041) offered by Mr. Huizenga (MI).", 
      "type": "action"
    }, 
    {
      "acted_at": "2015-06-10T23:35:08-04:00", 
      "action_code": "73000", 
      "references": [], 
      "text": "House amendment not agreed to: On agreeing to the Huizenga (MI) amendment (A041) Failed by voice vote.", 
      "type": "action"
    }, 
    {
      "acted_at": "2015-06-10T23:35:08-04:00", 
      "action_code": "77000", 
      "references": [], 
      "text": "Amendment failed in Committee of the Whole", 
      "type": "action"
    }
  ], 
  "amendment_id": "hamdt481-114", 
  "amendment_type": "hamdt", 
  "amends_amendment": null, 
  "amends_bill": {
    "bill_id": "hr2685-114", 
    "bill_type": "hr", 
    "congress": 114, 
    "number": 2685
  }, 
  "amends_treaty": null, 
  "chamber": "h", 
  "congress": "114", 
  "description": "Amendment sought to prohibit use of funds by the Defense Logistics Agency to implement the 2012 SBA rule with regard to footwear in which the DLA would be prevented from bidding the contract as a small business set-aside.", 
  "introduced_at": "2015-06-10", 
  "number": 481, 
  "purpose": "An amendment numbered 2 printed in the Congressional Record to prohibit the use of funds by the Defense Logistics Agency to implement the SBA with respect to the procurement of footwear.", 
  "sponsor": {
    "bioguide_id": "H001058", 
    "district": "2", 
    "name": "Huizenga, Bill", 
    "state": "MI", 
    "thomas_id": "02028", 
    "title": "Rep", 
    "type": "person"
  }, 
  "status": "fail", 
  "status_at": "2015-06-10T23:35:08-04:00", 
  "updated_at": "2016-08-01T13:27:47Z"
}