{
  "actions": [
    {
      "acted_at": "2015-06-02T21:52:47-04:00", 
      "action_code": "H32111", 
      "how": "by voice vote", 
      "references": [], 
      "result": "pass", 
      "text": "On agreeing to the Poe (TX) amendment (A043) Agreed to by voice vote.", 
      "type": "vote", 
      "vote_type": "vote", 
      "where": "h"
    }, 
    {
      "acted_at": "2015-06-02T21:40:36-04:00", 
      "action_code": "H3A100", 
      "references": [
        {
          "reference": "CR H3725-3727", 
          "type": "consideration"
        }, 
        {
          "reference": "CR H3725", 
          "type": "text"
        }
      ], 
      "text": "Amendment (A043) offered by Mr. Poe (TX).", 
      "type": "action"
    }, 
    {
      "acted_at": "2015-06-02", 
      "action_code": "", 
      "references": [], 
      "text": "", 
      "type": "action"
    }, 
    {
      "acted_at": "2015-06-02", 
      "action_code": "71000", 
      "references": [], 
      "text": "House amendment offered", 
      "type": "action"
    }, 
    {
      "acted_at": "2015-06-02T21:40:36-04:00", 
      "action_code": "71500", 
      "references": [
        {
          "reference": "CR H3725-3727", 
          "type": "consideration"
        }, 
        {
          "reference": "CR H3725", 
          "type": "text"
        }
      ], 
      "text": "House amendment offered/reported by : Amendment (A043) offered by Mr. Poe (TX).", 
      "type": "action"
    }, 
    {
      "acted_at": "2015-06-02T21:52:47-04:00", 
      "action_code": "72000", 
      "references": [], 
      "text": "House amendment agreed to: On agreeing to the Poe (TX) amendment (A043) Agreed to by voice vote.", 
      "type": "action"
    }, 
    {
      "acted_at": "2015-06-02T21:52:47-04:00", 
      "action_code": "76000", 
      "references": [], 
      "text": "Amendment agreed to Committee of the Whole", 
      "type": "action"
    }
  ], 
  "amendment_id": "hamdt311-114", 
  "amendment_type": "hamdt", 
  "amends_amendment": null, 
  "amends_bill": {
    "bill_id": "hr2578-114", 
    "bill_type": "hr", 
    "congress": 114, 
    "number": 2578
  }, 
  "amends_treaty": null, 
  "chamber": "h", 
  "congress": "114", 
  "description": "Amendment prohibits the government from requiring the use of encryption in cell phones that are sold to Americans, which would allow the FBI to have access to conversations, emails, or text messaging.", 
  "introduced_at": "2015-06-02", 
  "number": 311, 
  "purpose": "An amendment to prohibit use of funds made available for the DOJ or the FBI to mandate or request that a person alter the product or service of the person to permit the electronic surveillance of any user of such product or service except in the case of mandates or requests authorized under the Communications Assistance for Law Enforcement Act.", 
  "sponsor": {
    "bioguide_id": "P000592", 
    "district": "2", 
    "name": "Poe, Ted", 
    "state": "TX", 
    "thomas_id": "01802", 
    "title": "Rep", 
    "type": "person"
  }, 
  "status": "pass", 
  "status_at": "2015-06-02T21:52:47-04:00", 
  "updated_at": "2016-08-01T13:27:41Z"
}