{
  "actions": [
    {
      "acted_at": "2015-04-29T21:39:12-04:00", 
      "action_code": "H32111", 
      "how": "by voice vote", 
      "references": [], 
      "result": "pass", 
      "text": "On agreeing to the Huizenga (MI) amendment (A006) Agreed to by voice vote.", 
      "type": "vote", 
      "vote_type": "vote", 
      "where": "h"
    }, 
    {
      "acted_at": "2015-04-29T21:27:45-04:00", 
      "action_code": "H3A100", 
      "references": [
        {
          "reference": "CR H2635-2636", 
          "type": "consideration"
        }, 
        {
          "reference": "CR H2635", 
          "type": "text"
        }
      ], 
      "text": "Amendment (A006) offered by Mr. Huizenga (MI).", 
      "type": "action"
    }, 
    {
      "acted_at": "2015-04-29", 
      "action_code": "", 
      "references": [], 
      "text": "", 
      "type": "action"
    }, 
    {
      "acted_at": "2015-04-29", 
      "action_code": "71000", 
      "references": [], 
      "text": "House amendment offered", 
      "type": "action"
    }, 
    {
      "acted_at": "2015-04-29T21:27:45-04:00", 
      "action_code": "71500", 
      "references": [
        {
          "reference": "CR H2635-2636", 
          "type": "consideration"
        }, 
        {
          "reference": "CR H2635", 
          "type": "text"
        }
      ], 
      "text": "House amendment offered/reported by : Amendment (A006) offered by Mr. Huizenga (MI).", 
      "type": "action"
    }, 
    {
      "acted_at": "2015-04-29T21:39:12-04:00", 
      "action_code": "72000", 
      "references": [], 
      "text": "House amendment agreed to: On agreeing to the Huizenga (MI) amendment (A006) Agreed to by voice vote.", 
      "type": "action"
    }, 
    {
      "acted_at": "2015-04-29T21:39:12-04:00", 
      "action_code": "76000", 
      "references": [], 
      "text": "Amendment agreed to Committee of the Whole", 
      "type": "action"
    }
  ], 
  "amendment_id": "hamdt156-114", 
  "amendment_type": "hamdt", 
  "amends_amendment": null, 
  "amends_bill": {
    "bill_id": "hr2028-114", 
    "bill_type": "hr", 
    "congress": 114, 
    "number": 2028
  }, 
  "amends_treaty": null, 
  "chamber": "h", 
  "congress": "114", 
  "description": "Amendment increases funding for Operations and Maintenance by $36,306,000 and reduces funding for Departmental Administration by a similar amount in order to address issues related to commercial and recreational ports and harbors in the Great Lakes.", 
  "introduced_at": "2015-04-29", 
  "number": 156, 
  "purpose": "An amendment to increase Operations and Maintenance by $36,306,000 and reduce funding for Departmental Administration by a similar amount.", 
  "sponsor": {
    "bioguide_id": "H001058", 
    "district": "2", 
    "name": "Huizenga, Bill", 
    "state": "MI", 
    "thomas_id": "02028", 
    "title": "Rep", 
    "type": "person"
  }, 
  "status": "pass", 
  "status_at": "2015-04-29T21:39:12-04:00", 
  "updated_at": "2016-08-01T13:27:19Z"
}