{
  "actions": [
    {
      "acted_at": "2015-05-01T01:19:10-04:00", 
      "action_code": "H32111", 
      "how": "by voice vote", 
      "references": [], 
      "result": "pass", 
      "text": "On agreeing to the Luetkemeyer amendment (A057) Agreed to by voice vote.", 
      "type": "vote", 
      "vote_type": "vote", 
      "where": "h"
    }, 
    {
      "acted_at": "2015-05-01T01:17:35-04:00", 
      "action_code": "H3A100", 
      "references": [
        {
          "reference": "CR 04/30/2015 H2761", 
          "type": "consideration"
        }, 
        {
          "reference": "CR 04/30/2015 H2761", 
          "type": "text"
        }
      ], 
      "text": "Amendment (A057) offered by Mr. Luetkemeyer.", 
      "type": "action"
    }, 
    {
      "acted_at": "2015-05-01", 
      "action_code": "", 
      "references": [], 
      "text": "", 
      "type": "action"
    }, 
    {
      "acted_at": "2015-05-01", 
      "action_code": "71000", 
      "references": [], 
      "text": "House amendment offered", 
      "type": "action"
    }, 
    {
      "acted_at": "2015-05-01T01:17:35-04:00", 
      "action_code": "71500", 
      "references": [
        {
          "reference": "CR 04/30/2015 H2761", 
          "type": "consideration"
        }, 
        {
          "reference": "CR 04/30/2015 H2761", 
          "type": "text"
        }
      ], 
      "text": "House amendment offered/reported by : Amendment (A057) offered by Mr. Luetkemeyer.", 
      "type": "action"
    }, 
    {
      "acted_at": "2015-05-01T01:19:10-04:00", 
      "action_code": "72000", 
      "references": [], 
      "text": "House amendment agreed to: On agreeing to the Luetkemeyer amendment (A057) Agreed to by voice vote.", 
      "type": "action"
    }, 
    {
      "acted_at": "2015-05-01T01:19:10-04:00", 
      "action_code": "76000", 
      "references": [], 
      "text": "Amendment agreed to Committee of the Whole", 
      "type": "action"
    }
  ], 
  "amendment_id": "hamdt207-114", 
  "amendment_type": "hamdt", 
  "amends_amendment": null, 
  "amends_bill": {
    "bill_id": "hr2028-114", 
    "bill_type": "hr", 
    "congress": 114, 
    "number": 2028
  }, 
  "amends_treaty": null, 
  "chamber": "h", 
  "congress": "114", 
  "description": "Amendment prohibits use of funds for the Missouri River Ecosystem Restoration Program (MRERP).", 
  "introduced_at": "2015-05-01", 
  "number": 207, 
  "purpose": "An amendment No. 16 printed in the Congressional Record to prohibit use of funds for the Missouri River Ecosystem Restoration Program (MRERP).", 
  "sponsor": {
    "bioguide_id": "L000569", 
    "district": "3", 
    "name": "Luetkemeyer, Blaine", 
    "state": "MO", 
    "thomas_id": "01931", 
    "title": "Rep", 
    "type": "person"
  }, 
  "status": "pass", 
  "status_at": "2015-05-01T01:19:10-04:00", 
  "updated_at": "2016-08-01T13:27:19Z"
}