{
  "actions": [
    {
      "acted_at": "2015-06-03T00:08:36-04:00", 
      "action_code": "H32111", 
      "how": "by voice vote", 
      "references": [], 
      "result": "pass", 
      "text": "On agreeing to the Meadows amendment (A059) Agreed to by voice vote.", 
      "type": "vote", 
      "vote_type": "vote", 
      "where": "h"
    }, 
    {
      "acted_at": "2015-06-03T00:05:34-04:00", 
      "action_code": "H3A100", 
      "references": [
        {
          "reference": "CR H3741", 
          "type": "consideration"
        }, 
        {
          "reference": "CR H3741", 
          "type": "text"
        }
      ], 
      "text": "Amendment (A059) offered by Mr. Meadows.", 
      "type": "action"
    }, 
    {
      "acted_at": "2015-06-03", 
      "action_code": "", 
      "references": [], 
      "text": "", 
      "type": "action"
    }, 
    {
      "acted_at": "2015-06-03", 
      "action_code": "71000", 
      "references": [], 
      "text": "House amendment offered", 
      "type": "action"
    }, 
    {
      "acted_at": "2015-06-03T00:05:34-04:00", 
      "action_code": "71500", 
      "references": [
        {
          "reference": "CR H3741", 
          "type": "consideration"
        }, 
        {
          "reference": "CR H3741", 
          "type": "text"
        }
      ], 
      "text": "House amendment offered/reported by : Amendment (A059) offered by Mr. Meadows.", 
      "type": "action"
    }, 
    {
      "acted_at": "2015-06-03T00:08:36-04:00", 
      "action_code": "72000", 
      "references": [], 
      "text": "House amendment agreed to: On agreeing to the Meadows amendment (A059) Agreed to by voice vote.", 
      "type": "action"
    }, 
    {
      "acted_at": "2015-06-03T00:08:36-04:00", 
      "action_code": "76000", 
      "references": [], 
      "text": "Amendment agreed to Committee of the Whole", 
      "type": "action"
    }
  ], 
  "amendment_id": "hamdt327-114", 
  "amendment_type": "hamdt", 
  "amends_amendment": null, 
  "amends_bill": {
    "bill_id": "hr2578-114", 
    "bill_type": "hr", 
    "congress": 114, 
    "number": 2578
  }, 
  "amends_treaty": null, 
  "chamber": "h", 
  "congress": "114", 
  "description": "At the end of the bill (before the short title), insert the following:    SEC.___. None of the funds made available by this Act may be used to negotiate or enter into a trade agreement that establishes a limit on greenhouse gas emissions for the United States. The limitation described in this section shall not apply in the case of the administration of a tax or tariff.", 
  "introduced_at": "2015-06-03", 
  "number": 327, 
  "purpose": "An amendment to prohibit the use of funds to negotiate or enter into a trade agreement that establishes a limit on greenhouse gas emissions for the United States.", 
  "sponsor": {
    "bioguide_id": "M001187", 
    "district": "11", 
    "name": "Meadows, Mark", 
    "state": "NC", 
    "thomas_id": "02142", 
    "title": "Rep", 
    "type": "person"
  }, 
  "status": "pass", 
  "status_at": "2015-06-03T00:08:36-04:00", 
  "updated_at": "2016-08-01T13:27:41Z"
}