{
  "actions": [
    {
      "acted_at": "2015-04-30T15:21:03-04:00", 
      "action_code": "H32111", 
      "how": "by voice vote", 
      "references": [], 
      "result": "fail", 
      "text": "On agreeing to the Heck (NV) amendment (A023) Failed by voice vote.", 
      "type": "vote", 
      "vote_type": "vote", 
      "where": "h"
    }, 
    {
      "acted_at": "2015-04-30T15:16:42-04:00", 
      "action_code": "H3A100", 
      "references": [
        {
          "reference": "CR H2686", 
          "type": "consideration"
        }, 
        {
          "reference": "CR H2686", 
          "type": "text"
        }
      ], 
      "text": "Amendment (A023) offered by Mr. Heck (NV).", 
      "type": "action"
    }, 
    {
      "acted_at": "2015-04-30", 
      "action_code": "", 
      "references": [], 
      "text": "", 
      "type": "action"
    }, 
    {
      "acted_at": "2015-04-30", 
      "action_code": "71000", 
      "references": [], 
      "text": "House amendment offered", 
      "type": "action"
    }, 
    {
      "acted_at": "2015-04-30T15:16:42-04:00", 
      "action_code": "71500", 
      "references": [
        {
          "reference": "CR H2686", 
          "type": "consideration"
        }, 
        {
          "reference": "CR H2686", 
          "type": "text"
        }
      ], 
      "text": "House amendment offered/reported by : Amendment (A023) offered by Mr. Heck (NV).", 
      "type": "action"
    }, 
    {
      "acted_at": "2015-04-30T15:21:03-04:00", 
      "action_code": "73000", 
      "references": [], 
      "text": "House amendment not agreed to: On agreeing to the Heck (NV) amendment (A023) Failed by voice vote.", 
      "type": "action"
    }, 
    {
      "acted_at": "2015-04-30T15:21:03-04:00", 
      "action_code": "77000", 
      "references": [], 
      "text": "Amendment failed in Committee of the Whole", 
      "type": "action"
    }
  ], 
  "amendment_id": "hamdt173-114", 
  "amendment_type": "hamdt", 
  "amends_amendment": null, 
  "amends_bill": {
    "bill_id": "hr2028-114", 
    "bill_type": "hr", 
    "congress": 114, 
    "number": 2028
  }, 
  "amends_treaty": null, 
  "chamber": "h", 
  "congress": "114", 
  "description": "Amendment sought to increase funding for Nuclear Energy by $75 million and to zero out funding for Nuclear Waste Disposal.", 
  "introduced_at": "2015-04-30", 
  "number": 173, 
  "purpose": "An amendment to increase funding for Nuclear Energy by $75 million and to zero out funding for Nuclear Waste Disposal.", 
  "sponsor": {
    "bioguide_id": "H001055", 
    "district": "3", 
    "name": "Heck, Joseph J.", 
    "state": "NV", 
    "thomas_id": "02040", 
    "title": "Rep", 
    "type": "person"
  }, 
  "status": "fail", 
  "status_at": "2015-04-30T15:21:03-04:00", 
  "updated_at": "2016-08-01T13:27:19Z"
}