{
  "actions": [
    {
      "acted_at": "2015-04-30T23:15:12-04:00", 
      "action_code": "H32111", 
      "how": "roll", 
      "references": [
        {
          "reference": "CR H2743", 
          "type": "consideration"
        }
      ], 
      "result": "fail", 
      "roll": 195, 
      "text": "On agreeing to the McClintock amendment (A009) Failed by recorded vote: 126 - 295 (Roll no. 195).", 
      "type": "vote", 
      "vote_type": "vote", 
      "where": "h"
    }, 
    {
      "acted_at": "2015-04-29T21:51:38-04:00", 
      "action_code": "H3A100", 
      "references": [
        {
          "reference": "CR H2638-2640", 
          "type": "consideration"
        }, 
        {
          "reference": "CR H2638", 
          "type": "text"
        }
      ], 
      "text": "Amendment (A009) offered by Mr. McClintock.", 
      "type": "action"
    }, 
    {
      "acted_at": "2015-04-29", 
      "action_code": "", 
      "references": [], 
      "text": "", 
      "type": "action"
    }, 
    {
      "acted_at": "2015-04-29", 
      "action_code": "71000", 
      "references": [], 
      "text": "House amendment offered", 
      "type": "action"
    }, 
    {
      "acted_at": "2015-04-29T21:51:38-04:00", 
      "action_code": "71500", 
      "references": [
        {
          "reference": "CR H2638-2640", 
          "type": "consideration"
        }, 
        {
          "reference": "CR H2638", 
          "type": "text"
        }
      ], 
      "text": "House amendment offered/reported by : Amendment (A009) offered by Mr. McClintock.", 
      "type": "action"
    }, 
    {
      "acted_at": "2015-04-30T23:15:12-04:00", 
      "action_code": "73000", 
      "references": [
        {
          "reference": "CR H2743", 
          "type": "consideration"
        }
      ], 
      "text": "House amendment not agreed to: On agreeing to the McClintock amendment (A009) Failed by recorded vote: 126 - 295 (Roll no. 195).", 
      "type": "action"
    }, 
    {
      "acted_at": "2015-04-30T23:15:12-04:00", 
      "action_code": "75000", 
      "references": [], 
      "text": "Roll call votes on amendments in House", 
      "type": "action"
    }, 
    {
      "acted_at": "2015-04-30T23:15:12-04:00", 
      "action_code": "77000", 
      "references": [], 
      "text": "Amendment failed in Committee of the Whole", 
      "type": "action"
    }
  ], 
  "amendment_id": "hamdt159-114", 
  "amendment_type": "hamdt", 
  "amends_amendment": null, 
  "amends_bill": {
    "bill_id": "hr2028-114", 
    "bill_type": "hr", 
    "congress": 114, 
    "number": 2028
  }, 
  "amends_treaty": null, 
  "chamber": "h", 
  "congress": "114", 
  "description": "Amendment sought to make reductions in funding for various programs not currently authorized and to apply the aggregate savings of $128,920,000 to the spending reduction account.", 
  "introduced_at": "2015-04-29", 
  "number": 159, 
  "purpose": "An amendment to reduce funding for sundry accounts and to apply the aggregate savings of $128,920,000 to the spending reduction account.", 
  "sponsor": {
    "bioguide_id": "M001177", 
    "district": "4", 
    "name": "McClintock, Tom", 
    "state": "CA", 
    "thomas_id": "01908", 
    "title": "Rep", 
    "type": "person"
  }, 
  "status": "fail", 
  "status_at": "2015-04-30T23:15:12-04:00", 
  "updated_at": "2016-08-01T13:27:19Z"
}