{
  "actions": [
    {
      "acted_at": "2015-06-09T22:52:35-04:00", 
      "action_code": "H32111", 
      "how": "roll", 
      "references": [], 
      "result": "fail", 
      "roll": 322, 
      "text": "On agreeing to the Meehan amendment (A065) Failed by recorded vote: 199 - 227 (Roll no. 322).", 
      "type": "vote", 
      "vote_type": "vote", 
      "where": "h"
    }, 
    {
      "acted_at": "2015-06-09T20:29:17-04:00", 
      "action_code": "H3A100", 
      "references": [
        {
          "reference": "CR H3978, H3992-3993", 
          "type": "consideration"
        }, 
        {
          "reference": "CR H3978", 
          "type": "text"
        }
      ], 
      "text": "Amendment (A065) offered by Mr. Meehan.", 
      "type": "action"
    }, 
    {
      "acted_at": "2015-06-09", 
      "action_code": "", 
      "references": [], 
      "text": "", 
      "type": "action"
    }, 
    {
      "acted_at": "2015-06-09", 
      "action_code": "71000", 
      "references": [], 
      "text": "House amendment offered", 
      "type": "action"
    }, 
    {
      "acted_at": "2015-06-09T20:29:17-04:00", 
      "action_code": "71500", 
      "references": [
        {
          "reference": "CR H3978, H3992-3993", 
          "type": "consideration"
        }, 
        {
          "reference": "CR H3978", 
          "type": "text"
        }
      ], 
      "text": "House amendment offered/reported by : Amendment (A065) offered by Mr. Meehan.", 
      "type": "action"
    }, 
    {
      "acted_at": "2015-06-09T22:52:35-04:00", 
      "action_code": "73000", 
      "references": [], 
      "text": "House amendment not agreed to: On agreeing to the Meehan amendment (A065) Failed by recorded vote: 199 - 227 (Roll no. 322).", 
      "type": "action"
    }, 
    {
      "acted_at": "2015-06-09T22:52:35-04:00", 
      "action_code": "75000", 
      "references": [], 
      "text": "Roll call votes on amendments in House", 
      "type": "action"
    }, 
    {
      "acted_at": "2015-06-09T22:52:35-04:00", 
      "action_code": "77000", 
      "references": [], 
      "text": "Amendment failed in Committee of the Whole", 
      "type": "action"
    }
  ], 
  "amendment_id": "hamdt425-114", 
  "amendment_type": "hamdt", 
  "amends_amendment": null, 
  "amends_bill": {
    "bill_id": "hr2577-114", 
    "bill_type": "hr", 
    "congress": 114, 
    "number": 2577
  }, 
  "amends_treaty": null, 
  "chamber": "h", 
  "congress": "114", 
  "description": "Amendment sought to prohibit the use of funds for Amtrak capital grants used for projects off the Northeast Corridor until the level of capital spending by Amtrak for capital projects on the Northeast Corridor during fiscal year 2016 equals the amount of Amtrak's profits from Northeast Corridor operations during FY 2015.", 
  "introduced_at": "2015-06-09", 
  "number": 425, 
  "purpose": "An amendment to prohibit the use of funds for Amtrak capital grants used for projects off the Northeast Corridor until the level of capital spending by Amtrak for capital projects on the Northeast Corridor during fiscal year 2016 equals the amount of Amtrak's profits from Northeast Corridor operations during FY 2015.", 
  "sponsor": {
    "bioguide_id": "M001181", 
    "district": "7", 
    "name": "Meehan, Patrick", 
    "state": "PA", 
    "thomas_id": "02052", 
    "title": "Rep", 
    "type": "person"
  }, 
  "status": "fail", 
  "status_at": "2015-06-09T22:52:35-04:00", 
  "updated_at": "2016-08-26T08:52:18Z"
}