{
  "actions": [
    {
      "acted_at": "2015-06-11T14:11:53-04:00", 
      "action_code": "H32111", 
      "how": "roll", 
      "references": [
        {
          "reference": "CR H4220-4221", 
          "type": "consideration"
        }
      ], 
      "result": "fail", 
      "roll": 349, 
      "text": "On agreeing to the Sablan amendment (A046) Failed by recorded vote: 173 - 256 (Roll no. 349).", 
      "type": "vote", 
      "vote_type": "vote", 
      "where": "h"
    }, 
    {
      "acted_at": "2015-06-10T23:48:22-04:00", 
      "action_code": "H3A100", 
      "references": [
        {
          "reference": "CR H4119-4120", 
          "type": "consideration"
        }, 
        {
          "reference": "CR H4119", 
          "type": "text"
        }
      ], 
      "text": "Amendment (A046) offered by Mr. Sablan.", 
      "type": "action"
    }, 
    {
      "acted_at": "2015-06-10", 
      "action_code": "", 
      "references": [], 
      "text": "", 
      "type": "action"
    }, 
    {
      "acted_at": "2015-06-10", 
      "action_code": "71000", 
      "references": [], 
      "text": "House amendment offered", 
      "type": "action"
    }, 
    {
      "acted_at": "2015-06-10T23:48:22-04:00", 
      "action_code": "71500", 
      "references": [
        {
          "reference": "CR H4119-4120", 
          "type": "consideration"
        }, 
        {
          "reference": "CR H4119", 
          "type": "text"
        }
      ], 
      "text": "House amendment offered/reported by : Amendment (A046) offered by Mr. Sablan.", 
      "type": "action"
    }, 
    {
      "acted_at": "2015-06-11T14:11:53-04:00", 
      "action_code": "73000", 
      "references": [
        {
          "reference": "CR H4220-4221", 
          "type": "consideration"
        }
      ], 
      "text": "House amendment not agreed to: On agreeing to the Sablan amendment (A046) Failed by recorded vote: 173 - 256 (Roll no. 349).", 
      "type": "action"
    }, 
    {
      "acted_at": "2015-06-11T14:11:53-04:00", 
      "action_code": "75000", 
      "references": [], 
      "text": "Roll call votes on amendments in House", 
      "type": "action"
    }, 
    {
      "acted_at": "2015-06-11T14:11:53-04:00", 
      "action_code": "77000", 
      "references": [], 
      "text": "Amendment failed in Committee of the Whole", 
      "type": "action"
    }
  ], 
  "amendment_id": "hamdt486-114", 
  "amendment_type": "hamdt", 
  "amends_amendment": null, 
  "amends_bill": {
    "bill_id": "hr2685-114", 
    "bill_type": "hr", 
    "congress": 114, 
    "number": 2685
  }, 
  "amends_treaty": null, 
  "chamber": "h", 
  "congress": "114", 
  "description": "Amendment sought to prohibit use of funds to establish any live-fire range, training course, or maneuver area within the Commonwealth of the Northern Mariana Islands until the Secretary of Defense reaches agreement with the government of the Northern Mariana Islands on the nature and scope of those activities.", 
  "introduced_at": "2015-06-10", 
  "number": 486, 
  "purpose": "An amendment to prohibit use of funds to establish any live-fire range, training course, or maneuver area within the Commonwealth of the Northern Mariana Islands.", 
  "sponsor": {
    "bioguide_id": "S001177", 
    "district": null, 
    "name": "Sablan, Gregorio Kilili Camacho", 
    "state": "MP", 
    "thomas_id": "01962", 
    "title": "Rep", 
    "type": "person"
  }, 
  "status": "fail", 
  "status_at": "2015-06-11T14:11:53-04:00", 
  "updated_at": "2016-08-01T13:27:47Z"
}