{
  "actions": [
    {
      "acted_at": "2015-06-10T22:56:02-04:00", 
      "action_code": "H32111", 
      "how": "by voice vote", 
      "references": [], 
      "result": "pass", 
      "text": "On agreeing to the MacArthur amendment (A038) Agreed to by voice vote.", 
      "type": "vote", 
      "vote_type": "vote", 
      "where": "h"
    }, 
    {
      "acted_at": "2015-06-10T22:50:53-04:00", 
      "action_code": "H3A100", 
      "references": [
        {
          "reference": "CR H4113", 
          "type": "consideration"
        }, 
        {
          "reference": "CR H4113", 
          "type": "text"
        }
      ], 
      "text": "Amendment (A038) offered by Mr. MacArthur.", 
      "type": "action"
    }, 
    {
      "acted_at": "2015-06-10", 
      "action_code": "", 
      "references": [], 
      "text": "", 
      "type": "action"
    }, 
    {
      "acted_at": "2015-06-10", 
      "action_code": "71000", 
      "references": [], 
      "text": "House amendment offered", 
      "type": "action"
    }, 
    {
      "acted_at": "2015-06-10T22:50:53-04:00", 
      "action_code": "71500", 
      "references": [
        {
          "reference": "CR H4113", 
          "type": "consideration"
        }, 
        {
          "reference": "CR H4113", 
          "type": "text"
        }
      ], 
      "text": "House amendment offered/reported by : Amendment (A038) offered by Mr. MacArthur.", 
      "type": "action"
    }, 
    {
      "acted_at": "2015-06-10T22:56:02-04:00", 
      "action_code": "72000", 
      "references": [], 
      "text": "House amendment agreed to: On agreeing to the MacArthur amendment (A038) Agreed to by voice vote.", 
      "type": "action"
    }, 
    {
      "acted_at": "2015-06-10T22:56:02-04:00", 
      "action_code": "76000", 
      "references": [], 
      "text": "Amendment agreed to Committee of the Whole", 
      "type": "action"
    }
  ], 
  "amendment_id": "hamdt478-114", 
  "amendment_type": "hamdt", 
  "amends_amendment": null, 
  "amends_bill": {
    "bill_id": "hr2685-114", 
    "bill_type": "hr", 
    "congress": 114, 
    "number": 2685
  }, 
  "amends_treaty": null, 
  "chamber": "h", 
  "congress": "114", 
  "description": "At the end of the bill (before the short title), insert the following:    SEC.___. None of the funds made available by this Act may be used to divest or retire, or to prepare to divest or retire, KC-10 aircraft.", 
  "introduced_at": "2015-06-10", 
  "number": 478, 
  "purpose": "An amendment to prohibit the use of funds to divest or retire, or to prepare to divest or retire, KC-10 aircraft.", 
  "sponsor": {
    "bioguide_id": "M001193", 
    "district": "3", 
    "name": "MacArthur, Thomas", 
    "state": "NJ", 
    "thomas_id": "02258", 
    "title": "Rep", 
    "type": "person"
  }, 
  "status": "pass", 
  "status_at": "2015-06-10T22:56:02-04:00", 
  "updated_at": "2016-08-01T13:27:47Z"
}