{
  "actions": [
    {
      "acted_at": "2015-03-19", 
      "action_code": "", 
      "references": [], 
      "text": "", 
      "type": "action"
    }, 
    {
      "acted_at": "2015-03-19", 
      "action_code": "71000", 
      "references": [], 
      "text": "House amendment offered", 
      "type": "action"
    }
  ], 
  "amendment_id": "hamdt80-114", 
  "amendment_type": "hamdt", 
  "amends_amendment": null, 
  "amends_bill": {
    "bill_id": "hres132-114", 
    "bill_type": "hres", 
    "congress": 114, 
    "number": 132
  }, 
  "amends_treaty": null, 
  "chamber": "h", 
  "congress": "114", 
  "description": null, 
  "introduced_at": "2015-03-19", 
  "number": 80, 
  "purpose": "Pursuant to the provisions of H.Res. 152 the amendment printed in the report is considered adopted.", 
  "sponsor": {
    "name": "House Rules", 
    "type": "committee"
  }, 
  "status": "offered", 
  "status_at": "2015-03-19", 
  "updated_at": "2016-08-01T13:25:32Z"
}