{
  "actions": [
    {
      "acted_at": "2015-06-02T15:24:40-04:00", 
      "action_code": "H32111", 
      "how": "by voice vote", 
      "references": [], 
      "result": "pass", 
      "text": "On agreeing to the Guinta amendment (A002) Agreed to by voice vote.", 
      "type": "vote", 
      "vote_type": "vote", 
      "where": "h"
    }, 
    {
      "acted_at": "2015-06-02T15:18:31-04:00", 
      "action_code": "H3A100", 
      "references": [
        {
          "reference": "CR H3675", 
          "type": "consideration"
        }, 
        {
          "reference": "CR H3675", 
          "type": "text"
        }
      ], 
      "text": "Amendment (A002) offered by Mr. Guinta.", 
      "type": "action"
    }, 
    {
      "acted_at": "2015-06-02", 
      "action_code": "", 
      "references": [], 
      "text": "", 
      "type": "action"
    }, 
    {
      "acted_at": "2015-06-02", 
      "action_code": "71000", 
      "references": [], 
      "text": "House amendment offered", 
      "type": "action"
    }, 
    {
      "acted_at": "2015-06-02T15:18:31-04:00", 
      "action_code": "71500", 
      "references": [
        {
          "reference": "CR H3675", 
          "type": "consideration"
        }, 
        {
          "reference": "CR H3675", 
          "type": "text"
        }
      ], 
      "text": "House amendment offered/reported by : Amendment (A002) offered by Mr. Guinta.", 
      "type": "action"
    }, 
    {
      "acted_at": "2015-06-02T15:24:40-04:00", 
      "action_code": "72000", 
      "references": [], 
      "text": "House amendment agreed to: On agreeing to the Guinta amendment (A002) Agreed to by voice vote.", 
      "type": "action"
    }, 
    {
      "acted_at": "2015-06-02T15:24:40-04:00", 
      "action_code": "76000", 
      "references": [], 
      "text": "Amendment agreed to Committee of the Whole", 
      "type": "action"
    }
  ], 
  "amendment_id": "hamdt270-114", 
  "amendment_type": "hamdt", 
  "amends_amendment": null, 
  "amends_bill": {
    "bill_id": "hr2578-114", 
    "bill_type": "hr", 
    "congress": 114, 
    "number": 2578
  }, 
  "amends_treaty": null, 
  "chamber": "h", 
  "congress": "114", 
  "description": "Amendment increases funding for drug courts by $5 million.", 
  "introduced_at": "2015-06-02", 
  "number": 270, 
  "purpose": "An amendment to reduce funding for International Trade Administration Operations by $5 million and increase funding for drug courts by a similar amount.", 
  "sponsor": {
    "bioguide_id": "G000570", 
    "district": "1", 
    "name": "Guinta, Frank C.", 
    "state": "NH", 
    "thomas_id": "02038", 
    "title": "Rep", 
    "type": "person"
  }, 
  "status": "pass", 
  "status_at": "2015-06-02T15:24:40-04:00", 
  "updated_at": "2016-08-01T13:27:41Z"
}