{
  "actions": [
    {
      "acted_at": "2015-06-03T22:55:15-04:00", 
      "action_code": "H32130", 
      "references": [], 
      "text": "Mr. Diaz-Balart raised a point of order against the Connolly amendment (A026). Mr. Diaz-Balart stated that the amendment seeks to cause a net increase in budget authority in violation of the provisions of H. Res. 5. The Chair sustained the point of order.", 
      "type": "action"
    }, 
    {
      "acted_at": "2015-06-03T22:49:04-04:00", 
      "action_code": "H3A100", 
      "references": [
        {
          "reference": "CR H3854-3855", 
          "type": "consideration"
        }, 
        {
          "reference": "CR H3854", 
          "type": "text"
        }
      ], 
      "text": "Amendment (A026) offered by Mr. Connolly.", 
      "type": "action"
    }, 
    {
      "acted_at": "2015-06-03", 
      "action_code": "", 
      "references": [], 
      "text": "", 
      "type": "action"
    }, 
    {
      "acted_at": "2015-06-03", 
      "action_code": "71000", 
      "references": [], 
      "text": "House amendment offered", 
      "type": "action"
    }, 
    {
      "acted_at": "2015-06-03T22:49:04-04:00", 
      "action_code": "71500", 
      "references": [
        {
          "reference": "CR H3854-3855", 
          "type": "consideration"
        }, 
        {
          "reference": "CR H3854", 
          "type": "text"
        }
      ], 
      "text": "House amendment offered/reported by : Amendment (A026) offered by Mr. Connolly.", 
      "type": "action"
    }
  ], 
  "amendment_id": "hamdt381-114", 
  "amendment_type": "hamdt", 
  "amends_amendment": null, 
  "amends_bill": {
    "bill_id": "hr2577-114", 
    "bill_type": "hr", 
    "congress": 114, 
    "number": 2577
  }, 
  "amends_treaty": null, 
  "chamber": "h", 
  "congress": "114", 
  "description": null, 
  "introduced_at": "2015-06-03", 
  "number": 381, 
  "purpose": "An amendment to increase funding for the Grants to the Washington Metropolitan Area Transit Authority by $50,000,000.", 
  "sponsor": {
    "bioguide_id": "C001078", 
    "district": "11", 
    "name": "Connolly, Gerald E.", 
    "state": "VA", 
    "thomas_id": "01959", 
    "title": "Rep", 
    "type": "person"
  }, 
  "status": "offered", 
  "status_at": "2015-06-03", 
  "updated_at": "2016-08-26T08:52:19Z"
}