{
  "actions": [
    {
      "acted_at": "2015-06-03T20:16:00-04:00", 
      "action_code": "H32111", 
      "how": "by voice vote", 
      "references": [], 
      "result": "pass", 
      "text": "On agreeing to the Burgess amendment (A004) Agreed to by voice vote.", 
      "type": "vote", 
      "vote_type": "vote", 
      "where": "h"
    }, 
    {
      "acted_at": "2015-06-03T20:12:31-04:00", 
      "action_code": "H3A100", 
      "references": [
        {
          "reference": "CR H3832-3833", 
          "type": "consideration"
        }, 
        {
          "reference": "CR H3832-3833", 
          "type": "text"
        }
      ], 
      "text": "Amendment (A004) offered by Mr. Burgess.", 
      "type": "action"
    }, 
    {
      "acted_at": "2015-06-03", 
      "action_code": "", 
      "references": [], 
      "text": "", 
      "type": "action"
    }, 
    {
      "acted_at": "2015-06-03", 
      "action_code": "71000", 
      "references": [], 
      "text": "House amendment offered", 
      "type": "action"
    }, 
    {
      "acted_at": "2015-06-03T20:12:31-04:00", 
      "action_code": "71500", 
      "references": [
        {
          "reference": "CR H3832-3833", 
          "type": "consideration"
        }, 
        {
          "reference": "CR H3832-3833", 
          "type": "text"
        }
      ], 
      "text": "House amendment offered/reported by : Amendment (A004) offered by Mr. Burgess.", 
      "type": "action"
    }, 
    {
      "acted_at": "2015-06-03T20:16:00-04:00", 
      "action_code": "72000", 
      "references": [], 
      "text": "House amendment agreed to: On agreeing to the Burgess amendment (A004) Agreed to by voice vote.", 
      "type": "action"
    }, 
    {
      "acted_at": "2015-06-03T20:16:00-04:00", 
      "action_code": "76000", 
      "references": [], 
      "text": "Amendment agreed to Committee of the Whole", 
      "type": "action"
    }
  ], 
  "amendment_id": "hamdt359-114", 
  "amendment_type": "hamdt", 
  "amends_amendment": null, 
  "amends_bill": {
    "bill_id": "hr2577-114", 
    "bill_type": "hr", 
    "congress": 114, 
    "number": 2577
  }, 
  "amends_treaty": null, 
  "chamber": "h", 
  "congress": "114", 
  "description": "Amendment adds an additional $4 million to the National Highway Traffic Safety Administration's operations and research for use in resolution of auto defects resulting in recalls.", 
  "introduced_at": "2015-06-03", 
  "number": 359, 
  "purpose": "An amendment to increase funding for National Highway Traffic Safety Administration Operations and Research by $4 million, offset by reductions in funding from Salaries and Expenses from the Office of the Secretary.", 
  "sponsor": {
    "bioguide_id": "B001248", 
    "district": "26", 
    "name": "Burgess, Michael C.", 
    "state": "TX", 
    "thomas_id": "01751", 
    "title": "Rep", 
    "type": "person"
  }, 
  "status": "pass", 
  "status_at": "2015-06-03T20:16:00-04:00", 
  "updated_at": "2016-08-26T08:52:18Z"
}