{
  "actions": [
    {
      "acted_at": "2015-06-02T21:02:33-04:00", 
      "action_code": "H32111", 
      "how": "by voice vote", 
      "references": [], 
      "result": "fail", 
      "text": "On agreeing to the Nadler amendment (A038) Failed by voice vote.", 
      "type": "vote", 
      "vote_type": "vote", 
      "where": "h"
    }, 
    {
      "acted_at": "2015-06-02T20:51:31-04:00", 
      "action_code": "H3A100", 
      "references": [
        {
          "reference": "CR H3718-3721", 
          "type": "consideration"
        }, 
        {
          "reference": "CR H3718", 
          "type": "text"
        }
      ], 
      "text": "Amendment (A038) offered by Mr. Nadler.", 
      "type": "action"
    }, 
    {
      "acted_at": "2015-06-02", 
      "action_code": "", 
      "references": [], 
      "text": "", 
      "type": "action"
    }, 
    {
      "acted_at": "2015-06-02", 
      "action_code": "71000", 
      "references": [], 
      "text": "House amendment offered", 
      "type": "action"
    }, 
    {
      "acted_at": "2015-06-02T20:51:31-04:00", 
      "action_code": "71500", 
      "references": [
        {
          "reference": "CR H3718-3721", 
          "type": "consideration"
        }, 
        {
          "reference": "CR H3718", 
          "type": "text"
        }
      ], 
      "text": "House amendment offered/reported by : Amendment (A038) offered by Mr. Nadler.", 
      "type": "action"
    }, 
    {
      "acted_at": "2015-06-02T21:02:33-04:00", 
      "action_code": "73000", 
      "references": [], 
      "text": "House amendment not agreed to: On agreeing to the Nadler amendment (A038) Failed by voice vote.", 
      "type": "action"
    }, 
    {
      "acted_at": "2015-06-02T21:02:33-04:00", 
      "action_code": "77000", 
      "references": [], 
      "text": "Amendment failed in Committee of the Whole", 
      "type": "action"
    }
  ], 
  "amendment_id": "hamdt306-114", 
  "amendment_type": "hamdt", 
  "amends_amendment": null, 
  "amends_bill": {
    "bill_id": "hr2578-114", 
    "bill_type": "hr", 
    "congress": 114, 
    "number": 2578
  }, 
  "amends_treaty": null, 
  "chamber": "h", 
  "congress": "114", 
  "description": "Amendment sought to strike section 528 from the bill which prohibits use of funds to construct, acquire, or modify any facility in the United States, its territories, or possessions to house any individual who as of June 24, 2009 is located at Guantanamo Bay, Cuba, and who is not a U.S. citizen, or a member of the U.S. military for the purposes of detention or imprisonment in the custody or under the effective control of the Department of Defense.", 
  "introduced_at": "2015-06-02", 
  "number": 306, 
  "purpose": "An amendment to strike section 528 from the bill which prohibits use of funds to construct, acquire, or modify any facility in the U.S., its territories, or possessions to house any individual who as of June 24, 2009, is located at U.S. Naval Air Station, Guantanamo Bay, Cuba.", 
  "sponsor": {
    "bioguide_id": "N000002", 
    "district": "10", 
    "name": "Nadler, Jerrold", 
    "state": "NY", 
    "thomas_id": "00850", 
    "title": "Rep", 
    "type": "person"
  }, 
  "status": "fail", 
  "status_at": "2015-06-02T21:02:33-04:00", 
  "updated_at": "2016-08-01T13:27:41Z"
}