{
  "actions": [
    {
      "acted_at": "2015-04-30T18:35:53-04:00", 
      "action_code": "H32111", 
      "how": "roll", 
      "references": [
        {
          "reference": "CR H2705", 
          "type": "consideration"
        }
      ], 
      "result": "fail", 
      "roll": 187, 
      "text": "On agreeing to the Nadler amendment (A019) Failed by recorded vote: 167 - 254 (Roll no. 187).", 
      "type": "vote", 
      "vote_type": "vote", 
      "where": "h"
    }, 
    {
      "acted_at": "2015-04-29T17:44:57-04:00", 
      "action_code": "H3A100", 
      "references": [
        {
          "reference": "CR H2604-2605", 
          "type": "consideration"
        }, 
        {
          "reference": "CR H2604", 
          "type": "text"
        }
      ], 
      "text": "Amendment (A019) offered by Mr. Nadler.", 
      "type": "action"
    }, 
    {
      "acted_at": "2015-04-29", 
      "action_code": "", 
      "references": [], 
      "text": "", 
      "type": "action"
    }, 
    {
      "acted_at": "2015-04-29", 
      "action_code": "71000", 
      "references": [], 
      "text": "House amendment offered", 
      "type": "action"
    }, 
    {
      "acted_at": "2015-04-29T17:44:57-04:00", 
      "action_code": "71500", 
      "references": [
        {
          "reference": "CR H2604-2605", 
          "type": "consideration"
        }, 
        {
          "reference": "CR H2604", 
          "type": "text"
        }
      ], 
      "text": "House amendment offered/reported by : Amendment (A019) offered by Mr. Nadler.", 
      "type": "action"
    }, 
    {
      "acted_at": "2015-04-30T18:35:53-04:00", 
      "action_code": "73000", 
      "references": [
        {
          "reference": "CR H2705", 
          "type": "consideration"
        }
      ], 
      "text": "House amendment not agreed to: On agreeing to the Nadler amendment (A019) Failed by recorded vote: 167 - 254 (Roll no. 187).", 
      "type": "action"
    }, 
    {
      "acted_at": "2015-04-30T18:35:53-04:00", 
      "action_code": "75000", 
      "references": [], 
      "text": "Roll call votes on amendments in House", 
      "type": "action"
    }, 
    {
      "acted_at": "2015-04-30T18:35:53-04:00", 
      "action_code": "77000", 
      "references": [], 
      "text": "Amendment failed in Committee of the Whole", 
      "type": "action"
    }
  ], 
  "amendment_id": "hamdt126-114", 
  "amendment_type": "hamdt", 
  "amends_amendment": null, 
  "amends_bill": {
    "bill_id": "hr2029-114", 
    "bill_type": "hr", 
    "congress": 114, 
    "number": 2029
  }, 
  "amends_treaty": null, 
  "chamber": "h", 
  "congress": "114", 
  "description": "Amendment sought to strike section 512 which prohibits use of funds by the DOD to construct, renovate, or expand and facility in the United States, its territories, or possessions to house any individual detained at United States Naval Station, Guantanamo Bay, Cuba, for the purpose of detention or imprisonment.", 
  "introduced_at": "2015-04-29", 
  "number": 126, 
  "purpose": "An amendment to strike section 512 from the bill pertaining to the United States Naval Station, Guantanamo Bay, Cuba.", 
  "sponsor": {
    "bioguide_id": "N000002", 
    "district": "10", 
    "name": "Nadler, Jerrold", 
    "state": "NY", 
    "thomas_id": "00850", 
    "title": "Rep", 
    "type": "person"
  }, 
  "status": "fail", 
  "status_at": "2015-04-30T18:35:53-04:00", 
  "updated_at": "2016-08-01T13:27:21Z"
}