{
  "actions": [
    {
      "acted_at": "2015-06-01T19:13:58-04:00", 
      "action_code": "H32111", 
      "how": "roll", 
      "references": [], 
      "result": "fail", 
      "roll": 265, 
      "text": "On agreeing to the Lowenthal amendment (A003) Failed by recorded vote: 149 - 227 (Roll no. 265).", 
      "type": "vote", 
      "vote_type": "vote", 
      "where": "h"
    }, 
    {
      "acted_at": "2015-06-01T16:57:49-04:00", 
      "action_code": "H3A100", 
      "references": [
        {
          "reference": "CR H3605-3607, H3621", 
          "type": "consideration"
        }, 
        {
          "reference": "CR H3606", 
          "type": "text"
        }
      ], 
      "text": "Amendment (A003) offered by Mr. Lowenthal.", 
      "type": "action"
    }, 
    {
      "acted_at": "2015-06-01", 
      "action_code": "", 
      "references": [], 
      "text": "", 
      "type": "action"
    }, 
    {
      "acted_at": "2015-06-01", 
      "action_code": "71000", 
      "references": [], 
      "text": "House amendment offered", 
      "type": "action"
    }, 
    {
      "acted_at": "2015-06-01T16:57:49-04:00", 
      "action_code": "71500", 
      "references": [
        {
          "reference": "CR H3605-3607, H3621", 
          "type": "consideration"
        }, 
        {
          "reference": "CR H3606", 
          "type": "text"
        }
      ], 
      "text": "House amendment offered/reported by : Amendment (A003) offered by Mr. Lowenthal.", 
      "type": "action"
    }, 
    {
      "acted_at": "2015-06-01T19:13:58-04:00", 
      "action_code": "73000", 
      "references": [], 
      "text": "House amendment not agreed to: On agreeing to the Lowenthal amendment (A003) Failed by recorded vote: 149 - 227 (Roll no. 265).", 
      "type": "action"
    }, 
    {
      "acted_at": "2015-06-01T19:13:58-04:00", 
      "action_code": "75000", 
      "references": [], 
      "text": "Roll call votes on amendments in House", 
      "type": "action"
    }, 
    {
      "acted_at": "2015-06-01T19:13:58-04:00", 
      "action_code": "77000", 
      "references": [], 
      "text": "Amendment failed in Committee of the Whole", 
      "type": "action"
    }
  ], 
  "amendment_id": "hamdt264-114", 
  "amendment_type": "hamdt", 
  "amends_amendment": null, 
  "amends_bill": {
    "bill_id": "hr1335-114", 
    "bill_type": "hr", 
    "congress": 114, 
    "number": 1335
  }, 
  "amends_treaty": null, 
  "chamber": "h", 
  "congress": "114", 
  "description": "Amendment sought to allow the National Ocean Council, operating under Executive Order 13547, to develop a process for decommissioning oil and gas rigs that eliminate harm to the red snapper stock and improve habitat.", 
  "introduced_at": "2015-06-01", 
  "number": 264, 
  "purpose": "An amendment numbered 4 printed in House Report 114-128 to allow the National Ocean Council, operating under Executive Order 13547, to develop a process for decommissioning oil and gas rigs that eliminates harm to the red snapper stock and improves habitat.", 
  "sponsor": {
    "bioguide_id": "L000579", 
    "district": "47", 
    "name": "Lowenthal, Alan S.", 
    "state": "CA", 
    "thomas_id": "02111", 
    "title": "Rep", 
    "type": "person"
  }, 
  "status": "fail", 
  "status_at": "2015-06-01T19:13:58-04:00", 
  "updated_at": "2016-08-17T17:01:07Z"
}