{
  "actions": [
    {
      "acted_at": "2015-02-03", 
      "action_code": "", 
      "references": [], 
      "text": "", 
      "type": "action"
    }, 
    {
      "acted_at": "2015-02-03", 
      "action_code": "71000", 
      "references": [], 
      "text": "House amendment offered", 
      "type": "action"
    }
  ], 
  "amendment_id": "hamdt11-114", 
  "amendment_type": "hamdt", 
  "amends_amendment": null, 
  "amends_bill": {
    "bill_id": "hr596-114", 
    "bill_type": "hr", 
    "congress": 114, 
    "number": 596
  }, 
  "amends_treaty": null, 
  "chamber": "h", 
  "congress": "114", 
  "description": null, 
  "introduced_at": "2015-02-03", 
  "number": 11, 
  "purpose": "Pursuant to the provisions of H. Res. 70, the text of the amendment to H.R. 506 printed in the report to accompany the resolution, is considered as adopted.", 
  "sponsor": {
    "name": "House Rules", 
    "type": "committee"
  }, 
  "status": "offered", 
  "status_at": "2015-02-03", 
  "updated_at": "2016-08-03T15:23:08Z"
}