{
  "actions": [
    {
      "acted_at": "2015-06-10T17:33:19-04:00", 
      "action_code": "H32111", 
      "how": "by voice vote", 
      "references": [], 
      "result": "pass", 
      "text": "On agreeing to the McKinley amendment (A009) Agreed to by voice vote.", 
      "type": "vote", 
      "vote_type": "vote", 
      "where": "h"
    }, 
    {
      "acted_at": "2015-06-10T17:28:41-04:00", 
      "action_code": "H3A100", 
      "references": [
        {
          "reference": "CR H4063", 
          "type": "consideration"
        }, 
        {
          "reference": "CR H4063", 
          "type": "text"
        }
      ], 
      "text": "Amendment (A009) offered by Mr. McKinley.", 
      "type": "action"
    }, 
    {
      "acted_at": "2015-06-10", 
      "action_code": "", 
      "references": [], 
      "text": "", 
      "type": "action"
    }, 
    {
      "acted_at": "2015-06-10", 
      "action_code": "71000", 
      "references": [], 
      "text": "House amendment offered", 
      "type": "action"
    }, 
    {
      "acted_at": "2015-06-10T17:28:41-04:00", 
      "action_code": "71500", 
      "references": [
        {
          "reference": "CR H4063", 
          "type": "consideration"
        }, 
        {
          "reference": "CR H4063", 
          "type": "text"
        }
      ], 
      "text": "House amendment offered/reported by : Amendment (A009) offered by Mr. McKinley.", 
      "type": "action"
    }, 
    {
      "acted_at": "2015-06-10T17:33:19-04:00", 
      "action_code": "72000", 
      "references": [], 
      "text": "House amendment agreed to: On agreeing to the McKinley amendment (A009) Agreed to by voice vote.", 
      "type": "action"
    }, 
    {
      "acted_at": "2015-06-10T17:33:19-04:00", 
      "action_code": "76000", 
      "references": [], 
      "text": "Amendment agreed to Committee of the Whole", 
      "type": "action"
    }
  ], 
  "amendment_id": "hamdt449-114", 
  "amendment_type": "hamdt", 
  "amends_amendment": null, 
  "amends_bill": {
    "bill_id": "hr2685-114", 
    "bill_type": "hr", 
    "congress": 114, 
    "number": 2685
  }, 
  "amends_treaty": null, 
  "chamber": "h", 
  "congress": "114", 
  "description": "Amendment provides $5 million in funding for the Youth ChalleNGe program.", 
  "introduced_at": "2015-06-10", 
  "number": 449, 
  "purpose": "An amendment to reduce and then increase Operation and Maintenance, Defense-Wide by 5 million.", 
  "sponsor": {
    "bioguide_id": "M001180", 
    "district": "1", 
    "name": "McKinley, David B.", 
    "state": "WV", 
    "thomas_id": "02074", 
    "title": "Rep", 
    "type": "person"
  }, 
  "status": "pass", 
  "status_at": "2015-06-10T17:33:19-04:00", 
  "updated_at": "2016-08-01T13:27:47Z"
}