{
  "actions": [
    {
      "acted_at": "2015-02-26T16:24:44-05:00", 
      "action_code": "H32111", 
      "how": "by voice vote", 
      "references": [], 
      "result": "pass", 
      "text": "On agreeing to the Barletta amendment (A008) Agreed to by voice vote.", 
      "type": "vote", 
      "vote_type": "vote", 
      "where": "h"
    }, 
    {
      "acted_at": "2015-02-26T16:16:58-05:00", 
      "action_code": "H3A100", 
      "references": [
        {
          "reference": "CR H1260-1261", 
          "type": "consideration"
        }, 
        {
          "reference": "CR H1260", 
          "type": "text"
        }
      ], 
      "text": "Amendment (A008) offered by Mr. Barletta.", 
      "type": "action"
    }, 
    {
      "acted_at": "2015-02-26", 
      "action_code": "", 
      "references": [], 
      "text": "", 
      "type": "action"
    }, 
    {
      "acted_at": "2015-02-26", 
      "action_code": "71000", 
      "references": [], 
      "text": "House amendment offered", 
      "type": "action"
    }, 
    {
      "acted_at": "2015-02-26T16:16:58-05:00", 
      "action_code": "71500", 
      "references": [
        {
          "reference": "CR H1260-1261", 
          "type": "consideration"
        }, 
        {
          "reference": "CR H1260", 
          "type": "text"
        }
      ], 
      "text": "House amendment offered/reported by : Amendment (A008) offered by Mr. Barletta.", 
      "type": "action"
    }, 
    {
      "acted_at": "2015-02-26T16:24:44-05:00", 
      "action_code": "72000", 
      "references": [], 
      "text": "House amendment agreed to: On agreeing to the Barletta amendment (A008) Agreed to by voice vote.", 
      "type": "action"
    }, 
    {
      "acted_at": "2015-02-26T16:24:44-05:00", 
      "action_code": "76000", 
      "references": [], 
      "text": "Amendment agreed to Committee of the Whole", 
      "type": "action"
    }
  ], 
  "amendment_id": "hamdt31-114", 
  "amendment_type": "hamdt", 
  "amends_amendment": null, 
  "amends_bill": {
    "bill_id": "hr5-114", 
    "bill_type": "hr", 
    "congress": 114, 
    "number": 5
  }, 
  "amends_treaty": null, 
  "chamber": "h", 
  "congress": "114", 
  "description": "Amendment provides that if school districts use Title I money for after school, before school, or summer school activities, they would be required to describe those activities in their local plans.", 
  "introduced_at": "2015-02-26", 
  "number": 31, 
  "purpose": "An amendment numbered 8 printed in Part B of House Report 114-29 stating that if school districts use Title I money for after school, before school, or summer school activities, it would require them to describe those activities in their local plans.", 
  "sponsor": {
    "bioguide_id": "B001269", 
    "district": "11", 
    "name": "Barletta, Lou", 
    "state": "PA", 
    "thomas_id": "02054", 
    "title": "Rep", 
    "type": "person"
  }, 
  "status": "pass", 
  "status_at": "2015-02-26T16:24:44-05:00", 
  "updated_at": "2016-08-01T13:26:00Z"
}