{
  "actions": [
    {
      "acted_at": "2015-04-22T15:20:00-04:00", 
      "action_code": "H32111", 
      "how": "by voice vote", 
      "references": [], 
      "result": "pass", 
      "text": "On agreeing to the Nunes amendment (A001) Agreed to by voice vote.", 
      "type": "vote", 
      "vote_type": "vote", 
      "where": "h"
    }, 
    {
      "acted_at": "2015-04-22T15:15:32-04:00", 
      "action_code": "H3A100", 
      "references": [
        {
          "reference": "CR H2391", 
          "type": "consideration"
        }, 
        {
          "reference": "CR H2391", 
          "type": "text"
        }
      ], 
      "text": "Amendment (A001) offered by Mr. Nunes.", 
      "type": "action"
    }, 
    {
      "acted_at": "2015-04-22", 
      "action_code": "", 
      "references": [], 
      "text": "", 
      "type": "action"
    }, 
    {
      "acted_at": "2015-04-22", 
      "action_code": "71000", 
      "references": [], 
      "text": "House amendment offered", 
      "type": "action"
    }, 
    {
      "acted_at": "2015-04-22T15:15:32-04:00", 
      "action_code": "71500", 
      "references": [
        {
          "reference": "CR H2391", 
          "type": "consideration"
        }, 
        {
          "reference": "CR H2391", 
          "type": "text"
        }
      ], 
      "text": "House amendment offered/reported by : Amendment (A001) offered by Mr. Nunes.", 
      "type": "action"
    }, 
    {
      "acted_at": "2015-04-22T15:20:00-04:00", 
      "action_code": "72000", 
      "references": [], 
      "text": "House amendment agreed to: On agreeing to the Nunes amendment (A001) Agreed to by voice vote.", 
      "type": "action"
    }, 
    {
      "acted_at": "2015-04-22T15:20:00-04:00", 
      "action_code": "76000", 
      "references": [], 
      "text": "Amendment agreed to Committee of the Whole", 
      "type": "action"
    }
  ], 
  "amendment_id": "hamdt92-114", 
  "amendment_type": "hamdt", 
  "amends_amendment": null, 
  "amends_bill": {
    "bill_id": "hr1560-114", 
    "bill_type": "hr", 
    "congress": 114, 
    "number": 1560
  }, 
  "amends_treaty": null, 
  "chamber": "h", 
  "congress": "114", 
  "description": "Manager's amendment makes technical changes to several sections of the bill and clarifies the authorization for the use of defensive measures as well as the liability protections for network monitoring, sharing and receipt of cyber threat indicators.", 
  "introduced_at": "2015-04-22", 
  "number": 92, 
  "purpose": "An amendment numbered 1 printed in Part A of House Report 114-88 to makes technical changes to several sections of the bill. Clarifi es the authorization for the use of defensive measures. Further clarifies the liability protections for network monitoring and sharing and receipt of cyber threat indicators and defensive measures.", 
  "sponsor": {
    "bioguide_id": "N000181", 
    "district": "22", 
    "name": "Nunes, Devin", 
    "state": "CA", 
    "thomas_id": "01710", 
    "title": "Rep", 
    "type": "person"
  }, 
  "status": "pass", 
  "status_at": "2015-04-22T15:20:00-04:00", 
  "updated_at": "2016-08-01T13:27:00Z"
}