{
  "actions": [
    {
      "acted_at": "2015-04-30T23:18:38-04:00", 
      "action_code": "H32111", 
      "how": "roll", 
      "references": [
        {
          "reference": "CR H2743-2744", 
          "type": "consideration"
        }
      ], 
      "result": "fail", 
      "roll": 196, 
      "text": "On agreeing to the Ruiz amendment (A012) Failed by recorded vote: 172 - 249 (Roll no. 196).", 
      "type": "vote", 
      "vote_type": "vote", 
      "where": "h"
    }, 
    {
      "acted_at": "2015-04-29T22:20:07-04:00", 
      "action_code": "H3A100", 
      "references": [
        {
          "reference": "CR H2642-2643", 
          "type": "consideration"
        }, 
        {
          "reference": "CR H2642", 
          "type": "text"
        }
      ], 
      "text": "Amendment (A012) offered by Mr. Ruiz.", 
      "type": "action"
    }, 
    {
      "acted_at": "2015-04-29", 
      "action_code": "", 
      "references": [], 
      "text": "", 
      "type": "action"
    }, 
    {
      "acted_at": "2015-04-29", 
      "action_code": "71000", 
      "references": [], 
      "text": "House amendment offered", 
      "type": "action"
    }, 
    {
      "acted_at": "2015-04-29T22:20:07-04:00", 
      "action_code": "71500", 
      "references": [
        {
          "reference": "CR H2642-2643", 
          "type": "consideration"
        }, 
        {
          "reference": "CR H2642", 
          "type": "text"
        }
      ], 
      "text": "House amendment offered/reported by : Amendment (A012) offered by Mr. Ruiz.", 
      "type": "action"
    }, 
    {
      "acted_at": "2015-04-30T23:18:38-04:00", 
      "action_code": "73000", 
      "references": [
        {
          "reference": "CR H2743-2744", 
          "type": "consideration"
        }
      ], 
      "text": "House amendment not agreed to: On agreeing to the Ruiz amendment (A012) Failed by recorded vote: 172 - 249 (Roll no. 196).", 
      "type": "action"
    }, 
    {
      "acted_at": "2015-04-30T23:18:38-04:00", 
      "action_code": "75000", 
      "references": [], 
      "text": "Roll call votes on amendments in House", 
      "type": "action"
    }, 
    {
      "acted_at": "2015-04-30T23:18:38-04:00", 
      "action_code": "77000", 
      "references": [], 
      "text": "Amendment failed in Committee of the Whole", 
      "type": "action"
    }
  ], 
  "amendment_id": "hamdt162-114", 
  "amendment_type": "hamdt", 
  "amends_amendment": null, 
  "amends_bill": {
    "bill_id": "hr2028-114", 
    "bill_type": "hr", 
    "congress": 114, 
    "number": 2028
  }, 
  "amends_treaty": null, 
  "chamber": "h", 
  "congress": "114", 
  "description": "Amendment sought to increase funding for Water and Related Resources by $5 million and to reduce funding for Fossil Energy Research and Development by $20 million in order to address drought conditions across the western United States.", 
  "introduced_at": "2015-04-29", 
  "number": 162, 
  "purpose": "An amendment to increase funding for Water and Related Resources by $5 million and to reduce funding for Fossil Energy Research and Development by $20 million.", 
  "sponsor": {
    "bioguide_id": "R000599", 
    "district": "36", 
    "name": "Ruiz, Raul", 
    "state": "CA", 
    "thomas_id": "02109", 
    "title": "Rep", 
    "type": "person"
  }, 
  "status": "fail", 
  "status_at": "2015-04-30T23:18:38-04:00", 
  "updated_at": "2016-08-01T13:27:19Z"
}