{
  "actions": [
    {
      "acted_at": "2015-04-29T15:53:00-04:00", 
      "action_code": "H32111", 
      "how": "by voice vote", 
      "references": [], 
      "result": "pass", 
      "text": "On agreeing to the Stefanik amendment (A002) Agreed to by voice vote.", 
      "type": "vote", 
      "vote_type": "vote", 
      "where": "h"
    }, 
    {
      "acted_at": "2015-04-29T15:47:33-04:00", 
      "action_code": "H3A100", 
      "references": [
        {
          "reference": "CR H2586", 
          "type": "consideration"
        }, 
        {
          "reference": "CR H2586", 
          "type": "text"
        }
      ], 
      "text": "Amendment (A002) offered by Ms. Stefanik.", 
      "type": "action"
    }, 
    {
      "acted_at": "2015-04-29", 
      "action_code": "", 
      "references": [], 
      "text": "", 
      "type": "action"
    }, 
    {
      "acted_at": "2015-04-29", 
      "action_code": "71000", 
      "references": [], 
      "text": "House amendment offered", 
      "type": "action"
    }, 
    {
      "acted_at": "2015-04-29T15:47:33-04:00", 
      "action_code": "71500", 
      "references": [
        {
          "reference": "CR H2586", 
          "type": "consideration"
        }, 
        {
          "reference": "CR H2586", 
          "type": "text"
        }
      ], 
      "text": "House amendment offered/reported by : Amendment (A002) offered by Ms. Stefanik.", 
      "type": "action"
    }, 
    {
      "acted_at": "2015-04-29T15:53:00-04:00", 
      "action_code": "72000", 
      "references": [], 
      "text": "House amendment agreed to: On agreeing to the Stefanik amendment (A002) Agreed to by voice vote.", 
      "type": "action"
    }, 
    {
      "acted_at": "2015-04-29T15:53:00-04:00", 
      "action_code": "76000", 
      "references": [], 
      "text": "Amendment agreed to Committee of the Whole", 
      "type": "action"
    }
  ], 
  "amendment_id": "hamdt109-114", 
  "amendment_type": "hamdt", 
  "amends_amendment": null, 
  "amends_bill": {
    "bill_id": "hr2029-114", 
    "bill_type": "hr", 
    "congress": 114, 
    "number": 2029
  }, 
  "amends_treaty": null, 
  "chamber": "h", 
  "congress": "114", 
  "description": "Amendment reduces, then increases funding for acquisition, construction, installation, and equipment by $30 million for activities and agencies of the Department of Defense in order to provide for construction of an additional missile defense site.", 
  "introduced_at": "2015-04-29", 
  "number": 109, 
  "purpose": "An amendment to reduce then increase funds for acquisition, construction, installation, and equipment by $30,000,000 for activities and agencies of the Department of Defense.", 
  "sponsor": {
    "bioguide_id": "S001196", 
    "district": "21", 
    "name": "Stefanik, Elise M.", 
    "state": "NY", 
    "thomas_id": "02263", 
    "title": "Rep", 
    "type": "person"
  }, 
  "status": "pass", 
  "status_at": "2015-04-29T15:53:00-04:00", 
  "updated_at": "2016-08-01T13:27:21Z"
}