{
  "actions": [
    {
      "acted_at": "2015-04-23T10:08:56-04:00", 
      "action_code": "H32111", 
      "how": "by voice vote", 
      "references": [], 
      "result": "pass", 
      "text": "On agreeing to the Ratcliffe amendment (A002) Agreed to by voice vote.", 
      "type": "vote", 
      "vote_type": "vote", 
      "where": "h"
    }, 
    {
      "acted_at": "2015-04-23T10:05:09-04:00", 
      "action_code": "H3A100", 
      "references": [
        {
          "reference": "CR H2434", 
          "type": "consideration"
        }, 
        {
          "reference": "CR H2434", 
          "type": "text"
        }
      ], 
      "text": "Amendment (A002) offered by Mr. Ratcliffe.", 
      "type": "action"
    }, 
    {
      "acted_at": "2015-04-23", 
      "action_code": "", 
      "references": [], 
      "text": "", 
      "type": "action"
    }, 
    {
      "acted_at": "2015-04-23", 
      "action_code": "71000", 
      "references": [], 
      "text": "House amendment offered", 
      "type": "action"
    }, 
    {
      "acted_at": "2015-04-23T10:05:09-04:00", 
      "action_code": "71500", 
      "references": [
        {
          "reference": "CR H2434", 
          "type": "consideration"
        }, 
        {
          "reference": "CR H2434", 
          "type": "text"
        }
      ], 
      "text": "House amendment offered/reported by : Amendment (A002) offered by Mr. Ratcliffe.", 
      "type": "action"
    }, 
    {
      "acted_at": "2015-04-23T10:08:56-04:00", 
      "action_code": "72000", 
      "references": [], 
      "text": "House amendment agreed to: On agreeing to the Ratcliffe amendment (A002) Agreed to by voice vote.", 
      "type": "action"
    }, 
    {
      "acted_at": "2015-04-23T10:08:56-04:00", 
      "action_code": "76000", 
      "references": [], 
      "text": "Amendment agreed to Committee of the Whole", 
      "type": "action"
    }
  ], 
  "amendment_id": "hamdt98-114", 
  "amendment_type": "hamdt", 
  "amends_amendment": null, 
  "amends_bill": {
    "bill_id": "hr1731-114", 
    "bill_type": "hr", 
    "congress": 114, 
    "number": 1731
  }, 
  "amends_treaty": null, 
  "chamber": "h", 
  "congress": "114", 
  "description": "Amendment narrows the definition of the word \"incident\" to ensure that a cybersecurity incident is limited to actions taken against an information system or information stored on that system.", 
  "introduced_at": "2015-04-23", 
  "number": 98, 
  "purpose": "An amendment numbered 2 printed in Part B of House Report 114-88 to amend Section 226 of the Homeland Security Act of 2002 by refining the definition of cyber \"incident\" to explicitly restrict information sharing to incidents that are directly related to protecting information systems.", 
  "sponsor": {
    "bioguide_id": "R000601", 
    "district": "4", 
    "name": "Ratcliffe, John", 
    "state": "TX", 
    "thomas_id": "02268", 
    "title": "Rep", 
    "type": "person"
  }, 
  "status": "pass", 
  "status_at": "2015-04-23T10:08:56-04:00", 
  "updated_at": "2016-08-01T13:27:04Z"
}