{
  "actions": [
    {
      "acted_at": "2015-04-22T15:32:17-04:00", 
      "action_code": "H32111", 
      "how": "by voice vote", 
      "references": [], 
      "result": "pass", 
      "text": "On agreeing to the Carson (IN) amendment (A003) Agreed to by voice vote.", 
      "type": "vote", 
      "vote_type": "vote", 
      "where": "h"
    }, 
    {
      "acted_at": "2015-04-22T15:26:31-04:00", 
      "action_code": "H3A100", 
      "references": [
        {
          "reference": "CR H2392-2393", 
          "type": "consideration"
        }, 
        {
          "reference": "CR H2392", 
          "type": "text"
        }
      ], 
      "text": "Amendment (A003) offered by Mr. Carson (IN).", 
      "type": "action"
    }, 
    {
      "acted_at": "2015-04-22", 
      "action_code": "", 
      "references": [], 
      "text": "", 
      "type": "action"
    }, 
    {
      "acted_at": "2015-04-22", 
      "action_code": "71000", 
      "references": [], 
      "text": "House amendment offered", 
      "type": "action"
    }, 
    {
      "acted_at": "2015-04-22T15:26:31-04:00", 
      "action_code": "71500", 
      "references": [
        {
          "reference": "CR H2392-2393", 
          "type": "consideration"
        }, 
        {
          "reference": "CR H2392", 
          "type": "text"
        }
      ], 
      "text": "House amendment offered/reported by : Amendment (A003) offered by Mr. Carson (IN).", 
      "type": "action"
    }, 
    {
      "acted_at": "2015-04-22T15:32:17-04:00", 
      "action_code": "72000", 
      "references": [], 
      "text": "House amendment agreed to: On agreeing to the Carson (IN) amendment (A003) Agreed to by voice vote.", 
      "type": "action"
    }, 
    {
      "acted_at": "2015-04-22T15:32:17-04:00", 
      "action_code": "76000", 
      "references": [], 
      "text": "Amendment agreed to Committee of the Whole", 
      "type": "action"
    }
  ], 
  "amendment_id": "hamdt94-114", 
  "amendment_type": "hamdt", 
  "amends_amendment": null, 
  "amends_bill": {
    "bill_id": "hr1560-114", 
    "bill_type": "hr", 
    "congress": 114, 
    "number": 1560
  }, 
  "amends_treaty": null, 
  "chamber": "h", 
  "congress": "114", 
  "description": "Amendment adds the requirement that the Inspector General report on current procedures pertaining to the sharing of information, removal procedures for personal information or information identifying a specific person, and any incidents pertaining to the improper treatment of information.", 
  "introduced_at": "2015-04-22", 
  "number": 94, 
  "purpose": "An amendment numbered 3 printed in Part A of House Report 114-88 to add the requirement that the Inspector General report on current procedures pertaining to the sharing of information, removal procedures for personal information or information identifying a specific person, and any incidents pertaining to the improper treatment of information.", 
  "sponsor": {
    "bioguide_id": "C001072", 
    "district": "7", 
    "name": "Carson, Andre", 
    "state": "IN", 
    "thomas_id": "01889", 
    "title": "Rep", 
    "type": "person"
  }, 
  "status": "pass", 
  "status_at": "2015-04-22T15:32:17-04:00", 
  "updated_at": "2016-08-01T13:27:00Z"
}