{
  "actions": [
    {
      "acted_at": "2015-06-02T19:22:18-04:00", 
      "action_code": "H32111", 
      "how": "by voice vote", 
      "references": [], 
      "result": "pass", 
      "text": "On agreeing to the Lieu, Ted amendment (A028) Agreed to by voice vote.", 
      "type": "vote", 
      "vote_type": "vote", 
      "where": "h"
    }, 
    {
      "acted_at": "2015-06-02T19:19:47-04:00", 
      "action_code": "H3A100", 
      "references": [
        {
          "reference": "CR H3703", 
          "type": "consideration"
        }, 
        {
          "reference": "CR H3703", 
          "type": "text"
        }
      ], 
      "text": "Amendment (A028) offered by Mr. Lieu, Ted.", 
      "type": "action"
    }, 
    {
      "acted_at": "2015-06-02", 
      "action_code": "", 
      "references": [], 
      "text": "", 
      "type": "action"
    }, 
    {
      "acted_at": "2015-06-02", 
      "action_code": "71000", 
      "references": [], 
      "text": "House amendment offered", 
      "type": "action"
    }, 
    {
      "acted_at": "2015-06-02T19:19:47-04:00", 
      "action_code": "71500", 
      "references": [
        {
          "reference": "CR H3703", 
          "type": "consideration"
        }, 
        {
          "reference": "CR H3703", 
          "type": "text"
        }
      ], 
      "text": "House amendment offered/reported by : Amendment (A028) offered by Mr. Lieu, Ted.", 
      "type": "action"
    }, 
    {
      "acted_at": "2015-06-02T19:22:18-04:00", 
      "action_code": "72000", 
      "references": [], 
      "text": "House amendment agreed to: On agreeing to the Lieu, Ted amendment (A028) Agreed to by voice vote.", 
      "type": "action"
    }, 
    {
      "acted_at": "2015-06-02T19:22:18-04:00", 
      "action_code": "76000", 
      "references": [], 
      "text": "Amendment agreed to Committee of the Whole", 
      "type": "action"
    }
  ], 
  "amendment_id": "hamdt296-114", 
  "amendment_type": "hamdt", 
  "amends_amendment": null, 
  "amends_bill": {
    "bill_id": "hr2578-114", 
    "bill_type": "hr", 
    "congress": 114, 
    "number": 2578
  }, 
  "amends_treaty": null, 
  "chamber": "h", 
  "congress": "114", 
  "description": "Amendment reduces funding for salaries and expenses of DEA by $9 million and redirects $2 million to deficit reduction, $3 million to the Victims of Child Abuse Act, and $4 million to the Consolidated Youth Oriented program.", 
  "introduced_at": "2015-06-02", 
  "number": 296, 
  "purpose": "An amendment to reduce the DEA salaries and expenses account by $9 million and increase the Office on Violence Against Women account by $4 million and increase the Juvenile Justice Programs by $3 million.", 
  "sponsor": {
    "bioguide_id": "L000582", 
    "district": "33", 
    "name": "Lieu, Ted", 
    "state": "CA", 
    "thomas_id": "02230", 
    "title": "Rep", 
    "type": "person"
  }, 
  "status": "pass", 
  "status_at": "2015-06-02T19:22:18-04:00", 
  "updated_at": "2016-08-01T13:27:41Z"
}