{
  "actions": [
    {
      "acted_at": "2015-04-29T19:46:36-04:00", 
      "action_code": "H32140", 
      "references": [
        {
          "reference": "CR H2619", 
          "type": "consideration"
        }
      ], 
      "text": "By unanimous consent, the Hill amendment was withdrawn.", 
      "type": "action"
    }, 
    {
      "acted_at": "2015-04-29T19:41:56-04:00", 
      "action_code": "H3A100", 
      "references": [
        {
          "reference": "CR H2619-2620", 
          "type": "consideration"
        }, 
        {
          "reference": "CR H2619", 
          "type": "text"
        }
      ], 
      "text": "Amendment (A039) offered by Mr. Hill.", 
      "type": "action"
    }, 
    {
      "acted_at": "2015-04-29", 
      "action_code": "", 
      "references": [], 
      "text": "", 
      "type": "action"
    }, 
    {
      "acted_at": "2015-04-29", 
      "action_code": "71000", 
      "references": [], 
      "text": "House amendment offered", 
      "type": "action"
    }, 
    {
      "acted_at": "2015-04-29T19:41:56-04:00", 
      "action_code": "71500", 
      "references": [
        {
          "reference": "CR H2619-2620", 
          "type": "consideration"
        }, 
        {
          "reference": "CR H2619", 
          "type": "text"
        }
      ], 
      "text": "House amendment offered/reported by : Amendment (A039) offered by Mr. Hill.", 
      "type": "action"
    }
  ], 
  "amendment_id": "hamdt146-114", 
  "amendment_type": "hamdt", 
  "amends_amendment": null, 
  "amends_bill": {
    "bill_id": "hr2029-114", 
    "bill_type": "hr", 
    "congress": 114, 
    "number": 2029
  }, 
  "amends_treaty": null, 
  "chamber": "h", 
  "congress": "114", 
  "description": null, 
  "introduced_at": "2015-04-29", 
  "number": 146, 
  "purpose": "An amendment to prohibit use of funds to carry out any new Key Renewable VA Energy Project under the Department's Green Management Programs.", 
  "sponsor": {
    "bioguide_id": "H001072", 
    "district": "2", 
    "name": "Hill, J. French", 
    "state": "AR", 
    "thomas_id": "02223", 
    "title": "Rep", 
    "type": "person"
  }, 
  "status": "offered", 
  "status_at": "2015-04-29", 
  "updated_at": "2016-08-01T13:27:20Z"
}