{
  "actions": [
    {
      "acted_at": "2015-06-11T14:15:08-04:00", 
      "action_code": "H32111", 
      "how": "roll", 
      "references": [
        {
          "reference": "CR H4221", 
          "type": "consideration"
        }
      ], 
      "result": "fail", 
      "roll": 350, 
      "text": "On agreeing to the Gosar amendment (A049) Failed by recorded vote: 81 - 347 (Roll no. 350).", 
      "type": "vote", 
      "vote_type": "vote", 
      "where": "h"
    }, 
    {
      "acted_at": "2015-06-10T23:56:44-04:00", 
      "action_code": "H3A100", 
      "references": [
        {
          "reference": "CR H4120-4121", 
          "type": "consideration"
        }, 
        {
          "reference": "CR H4120", 
          "type": "text"
        }
      ], 
      "text": "Amendment (A049) offered by Mr. Gosar.", 
      "type": "action"
    }, 
    {
      "acted_at": "2015-06-10", 
      "action_code": "", 
      "references": [], 
      "text": "", 
      "type": "action"
    }, 
    {
      "acted_at": "2015-06-10", 
      "action_code": "71000", 
      "references": [], 
      "text": "House amendment offered", 
      "type": "action"
    }, 
    {
      "acted_at": "2015-06-10T23:56:44-04:00", 
      "action_code": "71500", 
      "references": [
        {
          "reference": "CR H4120-4121", 
          "type": "consideration"
        }, 
        {
          "reference": "CR H4120", 
          "type": "text"
        }
      ], 
      "text": "House amendment offered/reported by : Amendment (A049) offered by Mr. Gosar.", 
      "type": "action"
    }, 
    {
      "acted_at": "2015-06-11T14:15:08-04:00", 
      "action_code": "73000", 
      "references": [
        {
          "reference": "CR H4221", 
          "type": "consideration"
        }
      ], 
      "text": "House amendment not agreed to: On agreeing to the Gosar amendment (A049) Failed by recorded vote: 81 - 347 (Roll no. 350).", 
      "type": "action"
    }, 
    {
      "acted_at": "2015-06-11T14:15:08-04:00", 
      "action_code": "75000", 
      "references": [], 
      "text": "Roll call votes on amendments in House", 
      "type": "action"
    }, 
    {
      "acted_at": "2015-06-11T14:15:08-04:00", 
      "action_code": "77000", 
      "references": [], 
      "text": "Amendment failed in Committee of the Whole", 
      "type": "action"
    }
  ], 
  "amendment_id": "hamdt489-114", 
  "amendment_type": "hamdt", 
  "amends_amendment": null, 
  "amends_bill": {
    "bill_id": "hr2685-114", 
    "bill_type": "hr", 
    "congress": 114, 
    "number": 2685
  }, 
  "amends_treaty": null, 
  "chamber": "h", 
  "congress": "114", 
  "description": "Amendment sought to prohibit expenditure of funds by the Department of the Navy to divest or transfer, or prepare to divest or transfer, any search and rescue units from the Marine Corps.", 
  "introduced_at": "2015-06-10", 
  "number": 489, 
  "purpose": "An amendment to prohibit expenditure of funds by the Department of the Navy to divest or transfer, or prepare to divest or transfer, any search and rescue units from the Marine Corps.", 
  "sponsor": {
    "bioguide_id": "G000565", 
    "district": "4", 
    "name": "Gosar, Paul A.", 
    "state": "AZ", 
    "thomas_id": "01992", 
    "title": "Rep", 
    "type": "person"
  }, 
  "status": "fail", 
  "status_at": "2015-06-11T14:15:08-04:00", 
  "updated_at": "2016-08-01T13:27:47Z"
}