{
  "actions": [
    {
      "acted_at": "2015-06-03T22:32:41-04:00", 
      "action_code": "H32111", 
      "how": "by voice vote", 
      "references": [], 
      "result": "pass", 
      "text": "On agreeing to the Langevin amendment Agreed to by voice vote.", 
      "type": "vote", 
      "vote_type": "vote", 
      "where": "h"
    }, 
    {
      "acted_at": "2015-06-03T22:30:01-04:00", 
      "action_code": "H3A100", 
      "references": [
        {
          "reference": "CR H3852", 
          "type": "consideration"
        }, 
        {
          "reference": "CR H3852", 
          "type": "text"
        }
      ], 
      "text": "Amendment (A023) offered by Mr. Langevin.", 
      "type": "action"
    }, 
    {
      "acted_at": "2015-06-03", 
      "action_code": "", 
      "references": [], 
      "text": "", 
      "type": "action"
    }, 
    {
      "acted_at": "2015-06-03", 
      "action_code": "71000", 
      "references": [], 
      "text": "House amendment offered", 
      "type": "action"
    }, 
    {
      "acted_at": "2015-06-03T22:30:01-04:00", 
      "action_code": "71500", 
      "references": [
        {
          "reference": "CR H3852", 
          "type": "consideration"
        }, 
        {
          "reference": "CR H3852", 
          "type": "text"
        }
      ], 
      "text": "House amendment offered/reported by : Amendment (A023) offered by Mr. Langevin.", 
      "type": "action"
    }, 
    {
      "acted_at": "2015-06-03T22:32:41-04:00", 
      "action_code": "76000", 
      "references": [], 
      "text": "Amendment agreed to Committee of the Whole", 
      "type": "action"
    }, 
    {
      "acted_at": "2015-06-03T22:32:41-04:00", 
      "action_code": "72000", 
      "references": [], 
      "text": "House amendment agreed to: On agreeing to the Langevin amendment Agreed to by voice vote.", 
      "type": "action"
    }
  ], 
  "amendment_id": "hamdt378-114", 
  "amendment_type": "hamdt", 
  "amends_amendment": null, 
  "amends_bill": {
    "bill_id": "hr2577-114", 
    "bill_type": "hr", 
    "congress": 114, 
    "number": 2577
  }, 
  "amends_treaty": null, 
  "chamber": "h", 
  "congress": "114", 
  "description": "Amendment decreases the Federal Transit Administration by $2 million and increases the Technical Assistance and Training by a similar amount which brings funding back to the FY 2014 level.", 
  "introduced_at": "2015-06-03", 
  "number": 378, 
  "purpose": "An amendment to decrease the Federal Transit Administration by $2 million and increase the Technical Assistance and Training by a similar amount.", 
  "sponsor": {
    "bioguide_id": "L000559", 
    "district": "2", 
    "name": "Langevin, James R.", 
    "state": "RI", 
    "thomas_id": "01668", 
    "title": "Rep", 
    "type": "person"
  }, 
  "status": "pass", 
  "status_at": "2015-06-03T22:32:41-04:00", 
  "updated_at": "2016-08-26T08:52:19Z"
}