{
  "actions": [
    {
      "acted_at": "2015-05-20T18:28:49-04:00", 
      "action_code": "H32111", 
      "how": "roll", 
      "references": [], 
      "result": "fail", 
      "roll": 252, 
      "text": "On agreeing to the Johnson, E. B. amendment (A002) Failed by recorded vote: 177 - 243 (Roll no. 252).", 
      "type": "vote", 
      "vote_type": "vote", 
      "where": "h"
    }, 
    {
      "acted_at": "2015-05-20T16:12:49-04:00", 
      "action_code": "H3A100", 
      "references": [
        {
          "reference": "CR H3436-3447, H3485-3486", 
          "type": "consideration"
        }, 
        {
          "reference": "CR H3446", 
          "type": "text"
        }
      ], 
      "text": "Amendment (A002) offered by Ms. Johnson, E. B..", 
      "type": "action"
    }, 
    {
      "acted_at": "2015-05-20", 
      "action_code": "", 
      "references": [], 
      "text": "", 
      "type": "action"
    }, 
    {
      "acted_at": "2015-05-20", 
      "action_code": "71000", 
      "references": [], 
      "text": "House amendment offered", 
      "type": "action"
    }, 
    {
      "acted_at": "2015-05-20T16:12:49-04:00", 
      "action_code": "71500", 
      "references": [
        {
          "reference": "CR H3436-3447, H3485-3486", 
          "type": "consideration"
        }, 
        {
          "reference": "CR H3446", 
          "type": "text"
        }
      ], 
      "text": "House amendment offered/reported by : Amendment (A002) offered by Ms. Johnson, E. B..", 
      "type": "action"
    }, 
    {
      "acted_at": "2015-05-20T18:28:49-04:00", 
      "action_code": "73000", 
      "references": [], 
      "text": "House amendment not agreed to: On agreeing to the Johnson, E. B. amendment (A002) Failed by recorded vote: 177 - 243 (Roll no. 252).", 
      "type": "action"
    }, 
    {
      "acted_at": "2015-05-20T18:28:49-04:00", 
      "action_code": "75000", 
      "references": [], 
      "text": "Roll call votes on amendments in House", 
      "type": "action"
    }, 
    {
      "acted_at": "2015-05-20T18:28:49-04:00", 
      "action_code": "77000", 
      "references": [], 
      "text": "Amendment failed in Committee of the Whole", 
      "type": "action"
    }
  ], 
  "amendment_id": "hamdt244-114", 
  "amendment_type": "hamdt", 
  "amends_amendment": null, 
  "amends_bill": {
    "bill_id": "hr1806-114", 
    "bill_type": "hr", 
    "congress": 114, 
    "number": 1806
  }, 
  "amends_treaty": null, 
  "chamber": "h", 
  "congress": "114", 
  "description": "Amendment sought to strike section 106 of the bill which provides for greater accountability for federal funding for research.", 
  "introduced_at": "2015-05-20", 
  "number": 244, 
  "purpose": "An amendment No. 2 printed in part A of House Report 114-120 to strike section 106 of the bill.", 
  "sponsor": {
    "bioguide_id": "J000126", 
    "district": "30", 
    "name": "Johnson, Eddie Bernice", 
    "state": "TX", 
    "thomas_id": "00599", 
    "title": "Rep", 
    "type": "person"
  }, 
  "status": "fail", 
  "status_at": "2015-05-20T18:28:49-04:00", 
  "updated_at": "2016-08-01T13:27:12Z"
}