{
  "actions": [
    {
      "acted_at": "2015-04-30T18:43:56-04:00", 
      "action_code": "H32111", 
      "how": "roll", 
      "references": [
        {
          "reference": "CR H2706-2707", 
          "type": "consideration"
        }
      ], 
      "result": "fail", 
      "roll": 189, 
      "text": "On agreeing to the Pocan amendment (A031) Failed by recorded vote: 186 - 237 (Roll no. 189).", 
      "type": "vote", 
      "vote_type": "vote", 
      "where": "h"
    }, 
    {
      "acted_at": "2015-04-29T19:03:05-04:00", 
      "action_code": "H3A100", 
      "references": [
        {
          "reference": "CR H2614-2615", 
          "type": "consideration"
        }, 
        {
          "reference": "CR H2614", 
          "type": "text"
        }
      ], 
      "text": "Amendment (A031) offered by Mr. Pocan.", 
      "type": "action"
    }, 
    {
      "acted_at": "2015-04-29", 
      "action_code": "", 
      "references": [], 
      "text": "", 
      "type": "action"
    }, 
    {
      "acted_at": "2015-04-29", 
      "action_code": "71000", 
      "references": [], 
      "text": "House amendment offered", 
      "type": "action"
    }, 
    {
      "acted_at": "2015-04-29T19:03:05-04:00", 
      "action_code": "71500", 
      "references": [
        {
          "reference": "CR H2614-2615", 
          "type": "consideration"
        }, 
        {
          "reference": "CR H2614", 
          "type": "text"
        }
      ], 
      "text": "House amendment offered/reported by : Amendment (A031) offered by Mr. Pocan.", 
      "type": "action"
    }, 
    {
      "acted_at": "2015-04-30T18:43:56-04:00", 
      "action_code": "73000", 
      "references": [
        {
          "reference": "CR H2706-2707", 
          "type": "consideration"
        }
      ], 
      "text": "House amendment not agreed to: On agreeing to the Pocan amendment (A031) Failed by recorded vote: 186 - 237 (Roll no. 189).", 
      "type": "action"
    }, 
    {
      "acted_at": "2015-04-30T18:43:56-04:00", 
      "action_code": "75000", 
      "references": [], 
      "text": "Roll call votes on amendments in House", 
      "type": "action"
    }, 
    {
      "acted_at": "2015-04-30T18:43:56-04:00", 
      "action_code": "77000", 
      "references": [], 
      "text": "Amendment failed in Committee of the Whole", 
      "type": "action"
    }
  ], 
  "amendment_id": "hamdt138-114", 
  "amendment_type": "hamdt", 
  "amends_amendment": null, 
  "amends_bill": {
    "bill_id": "hr2029-114", 
    "bill_type": "hr", 
    "congress": 114, 
    "number": 2029
  }, 
  "amends_treaty": null, 
  "chamber": "h", 
  "congress": "114", 
  "description": "Amendment sought to prevent use of funds from going to companies that have recent wage theft convictions or civil penalties reported in the government's contracting database.", 
  "introduced_at": "2015-04-29", 
  "number": 138, 
  "purpose": "An amendment to prohibit use of funds to enter into a contract with any person whose disclosures of a proceeding with a disposition listed in the Federal Awardee Performance and Integrity Information System include the term \"Fair Labor Standards Act\".", 
  "sponsor": {
    "bioguide_id": "P000607", 
    "district": "2", 
    "name": "Pocan, Mark", 
    "state": "WI", 
    "thomas_id": "02171", 
    "title": "Rep", 
    "type": "person"
  }, 
  "status": "fail", 
  "status_at": "2015-04-30T18:43:56-04:00", 
  "updated_at": "2016-08-01T13:27:20Z"
}