{
  "actions": [
    {
      "acted_at": "2015-04-30T23:51:54-04:00", 
      "action_code": "H32111", 
      "how": "roll", 
      "references": [], 
      "result": "pass", 
      "roll": 207, 
      "text": "On agreeing to the Burgess amendment (A042) Agreed to by recorded vote: 232 - 189 (Roll no. 207).", 
      "type": "vote", 
      "vote_type": "vote", 
      "where": "h"
    }, 
    {
      "acted_at": "2015-04-30T20:55:38-04:00", 
      "action_code": "H3A100", 
      "references": [
        {
          "reference": "CR H2724-2726, H2750-2751", 
          "type": "consideration"
        }, 
        {
          "reference": "CR H2724", 
          "type": "text"
        }
      ], 
      "text": "Amendment (A042) offered by Mr. Burgess.", 
      "type": "action"
    }, 
    {
      "acted_at": "2015-04-30", 
      "action_code": "", 
      "references": [], 
      "text": "", 
      "type": "action"
    }, 
    {
      "acted_at": "2015-04-30", 
      "action_code": "71000", 
      "references": [], 
      "text": "House amendment offered", 
      "type": "action"
    }, 
    {
      "acted_at": "2015-04-30T20:55:38-04:00", 
      "action_code": "71500", 
      "references": [
        {
          "reference": "CR H2724-2726, H2750-2751", 
          "type": "consideration"
        }, 
        {
          "reference": "CR H2724", 
          "type": "text"
        }
      ], 
      "text": "House amendment offered/reported by : Amendment (A042) offered by Mr. Burgess.", 
      "type": "action"
    }, 
    {
      "acted_at": "2015-04-30T23:51:54-04:00", 
      "action_code": "72000", 
      "references": [], 
      "text": "House amendment agreed to: On agreeing to the Burgess amendment (A042) Agreed to by recorded vote: 232 - 189 (Roll no. 207).", 
      "type": "action"
    }, 
    {
      "acted_at": "2015-04-30T23:51:54-04:00", 
      "action_code": "75000", 
      "references": [], 
      "text": "Roll call votes on amendments in House", 
      "type": "action"
    }, 
    {
      "acted_at": "2015-04-30T23:51:54-04:00", 
      "action_code": "76000", 
      "references": [], 
      "text": "Amendment agreed to Committee of the Whole", 
      "type": "action"
    }
  ], 
  "amendment_id": "hamdt192-114", 
  "amendment_type": "hamdt", 
  "amends_amendment": null, 
  "amends_bill": {
    "bill_id": "hr2028-114", 
    "bill_type": "hr", 
    "congress": 114, 
    "number": 2028
  }, 
  "amends_treaty": null, 
  "chamber": "h", 
  "congress": "114", 
  "description": "Amendment sought to prohibit the use of funds to implement or enforce the standards established by tables contained in section 325(i)(1)(B) of the Energy Policy and Conservation Act with respect to BPAR incandescent reflector lamps, BR incandescent reflector lamps, and ER incandescent reflector lamps.", 
  "introduced_at": "2015-04-30", 
  "number": 192, 
  "purpose": "An amendment to prohibit the use of funds to implement or enforce the standards established by tables contained in section 325(i)(1)(B) of the Energy Policy and Conservation Act with respect to BPAR incandescent reflector lamps, BR incandescent reflector lamps, and ER incandescent reflector lamps.", 
  "sponsor": {
    "bioguide_id": "B001248", 
    "district": "26", 
    "name": "Burgess, Michael C.", 
    "state": "TX", 
    "thomas_id": "01751", 
    "title": "Rep", 
    "type": "person"
  }, 
  "status": "pass", 
  "status_at": "2015-04-30T23:51:54-04:00", 
  "updated_at": "2016-08-01T13:27:19Z"
}