{
  "actions": [
    {
      "acted_at": "2015-02-04T15:44:41-05:00", 
      "action_code": "H32111", 
      "how": "roll", 
      "references": [], 
      "result": "fail", 
      "roll": 61, 
      "text": "On agreeing to the Cummings amendment (A003) Failed by recorded vote: 179 - 245 (Roll no. 61).", 
      "type": "vote", 
      "vote_type": "vote", 
      "where": "h"
    }, 
    {
      "acted_at": "2015-02-04T14:56:18-05:00", 
      "action_code": "H3A100", 
      "references": [
        {
          "reference": "CR H782-783, H784-785", 
          "type": "consideration"
        }, 
        {
          "reference": "CR H782", 
          "type": "text"
        }
      ], 
      "text": "Amendment (A003) offered by Mr. Cummings.", 
      "type": "action"
    }, 
    {
      "acted_at": "2015-02-04", 
      "action_code": "", 
      "references": [], 
      "text": "", 
      "type": "action"
    }, 
    {
      "acted_at": "2015-02-04", 
      "action_code": "71000", 
      "references": [], 
      "text": "House amendment offered", 
      "type": "action"
    }, 
    {
      "acted_at": "2015-02-04T14:56:18-05:00", 
      "action_code": "71500", 
      "references": [
        {
          "reference": "CR H782-783, H784-785", 
          "type": "consideration"
        }, 
        {
          "reference": "CR H782", 
          "type": "text"
        }
      ], 
      "text": "House amendment offered/reported by : Amendment (A003) offered by Mr. Cummings.", 
      "type": "action"
    }, 
    {
      "acted_at": "2015-02-04T15:44:41-05:00", 
      "action_code": "73000", 
      "references": [], 
      "text": "House amendment not agreed to: On agreeing to the Cummings amendment (A003) Failed by recorded vote: 179 - 245 (Roll no. 61).", 
      "type": "action"
    }, 
    {
      "acted_at": "2015-02-04T15:44:41-05:00", 
      "action_code": "75000", 
      "references": [], 
      "text": "Roll call votes on amendments in House", 
      "type": "action"
    }, 
    {
      "acted_at": "2015-02-04T15:44:41-05:00", 
      "action_code": "77000", 
      "references": [], 
      "text": "Amendment failed in Committee of the Whole", 
      "type": "action"
    }
  ], 
  "amendment_id": "hamdt14-114", 
  "amendment_type": "hamdt", 
  "amends_amendment": null, 
  "amends_bill": {
    "bill_id": "hr50-114", 
    "bill_type": "hr", 
    "congress": 114, 
    "number": 50
  }, 
  "amends_treaty": null, 
  "chamber": "h", 
  "congress": "114", 
  "description": "Amendment sought to strike section 12 of the bill which would require Federal agencies to conduct a retrospective cost-benefit analysis of any regulation at the request of the Chairman or Ranking Member of a Congressional Committee.", 
  "introduced_at": "2015-02-04", 
  "number": 14, 
  "purpose": null, 
  "sponsor": {
    "bioguide_id": "C000984", 
    "district": "7", 
    "name": "Cummings, Elijah E.", 
    "state": "MD", 
    "thomas_id": "00256", 
    "title": "Rep", 
    "type": "person"
  }, 
  "status": "fail", 
  "status_at": "2015-02-04T15:44:41-05:00", 
  "updated_at": "2016-08-01T13:26:05Z"
}