{
  "actions": [
    {
      "acted_at": "2015-03-04T13:51:38-05:00", 
      "action_code": "H32111", 
      "how": "by voice vote", 
      "references": [], 
      "result": "pass", 
      "text": "On agreeing to the Perlmutter amendment (A005) Agreed to by voice vote.", 
      "type": "vote", 
      "vote_type": "vote", 
      "where": "h"
    }, 
    {
      "acted_at": "2015-03-04T13:46:44-05:00", 
      "action_code": "H3A100", 
      "references": [
        {
          "reference": "CR H1596-1597", 
          "type": "consideration"
        }, 
        {
          "reference": "CR H1596", 
          "type": "text"
        }
      ], 
      "text": "Amendment (A005) offered by Mr. Perlmutter.", 
      "type": "action"
    }, 
    {
      "acted_at": "2015-03-04", 
      "action_code": "", 
      "references": [], 
      "text": "", 
      "type": "action"
    }, 
    {
      "acted_at": "2015-03-04", 
      "action_code": "71000", 
      "references": [], 
      "text": "House amendment offered", 
      "type": "action"
    }, 
    {
      "acted_at": "2015-03-04T13:46:44-05:00", 
      "action_code": "71500", 
      "references": [
        {
          "reference": "CR H1596-1597", 
          "type": "consideration"
        }, 
        {
          "reference": "CR H1596", 
          "type": "text"
        }
      ], 
      "text": "House amendment offered/reported by : Amendment (A005) offered by Mr. Perlmutter.", 
      "type": "action"
    }, 
    {
      "acted_at": "2015-03-04T13:51:38-05:00", 
      "action_code": "72000", 
      "references": [], 
      "text": "House amendment agreed to: On agreeing to the Perlmutter amendment (A005) Agreed to by voice vote.", 
      "type": "action"
    }, 
    {
      "acted_at": "2015-03-04T13:51:38-05:00", 
      "action_code": "76000", 
      "references": [], 
      "text": "Amendment agreed to Committee of the Whole", 
      "type": "action"
    }
  ], 
  "amendment_id": "hamdt71-114", 
  "amendment_type": "hamdt", 
  "amends_amendment": null, 
  "amends_bill": {
    "bill_id": "hr749-114", 
    "bill_type": "hr", 
    "congress": 114, 
    "number": 749
  }, 
  "amends_treaty": null, 
  "chamber": "h", 
  "congress": "114", 
  "description": "Amendment requires the Government Accountability Office (GAO) to submit to Congress a report evaluating the effectiveness of the Federal Railroad Administration's (FRA) 2005 rule on the use of locomotive horns at rail crossings.", 
  "introduced_at": "2015-03-04", 
  "number": 71, 
  "purpose": "An amendment numbered 5 printed in House Report 114-36 to require the Government Accountability Office (GAO) to submit to Congress a report evaluating the effectiveness of the Federal Railroad Administration's (FRA) 2005 rule on the use of locomotive horns at rail crossings.", 
  "sponsor": {
    "bioguide_id": "P000593", 
    "district": "7", 
    "name": "Perlmutter, Ed", 
    "state": "CO", 
    "thomas_id": "01835", 
    "title": "Rep", 
    "type": "person"
  }, 
  "status": "pass", 
  "status_at": "2015-03-04T13:51:38-05:00", 
  "updated_at": "2016-08-01T13:26:31Z"
}