{
  "actions": [
    {
      "acted_at": "2015-04-23T10:38:11-04:00", 
      "action_code": "H32111", 
      "how": "by voice vote", 
      "references": [], 
      "result": "pass", 
      "text": "On agreeing to the Hurd (TX) amendment (A007) Agreed to by voice vote.", 
      "type": "vote", 
      "vote_type": "vote", 
      "where": "h"
    }, 
    {
      "acted_at": "2015-04-23T10:33:59-04:00", 
      "action_code": "H3A100", 
      "references": [
        {
          "reference": "CR H2438-2439", 
          "type": "consideration"
        }, 
        {
          "reference": "CR H2438-2439", 
          "type": "text"
        }
      ], 
      "text": "Amendment (A007) offered by Mr. Hurd (TX).", 
      "type": "action"
    }, 
    {
      "acted_at": "2015-04-23", 
      "action_code": "", 
      "references": [], 
      "text": "", 
      "type": "action"
    }, 
    {
      "acted_at": "2015-04-23", 
      "action_code": "71000", 
      "references": [], 
      "text": "House amendment offered", 
      "type": "action"
    }, 
    {
      "acted_at": "2015-04-23T10:33:59-04:00", 
      "action_code": "71500", 
      "references": [
        {
          "reference": "CR H2438-2439", 
          "type": "consideration"
        }, 
        {
          "reference": "CR H2438-2439", 
          "type": "text"
        }
      ], 
      "text": "House amendment offered/reported by : Amendment (A007) offered by Mr. Hurd (TX).", 
      "type": "action"
    }, 
    {
      "acted_at": "2015-04-23T10:38:11-04:00", 
      "action_code": "72000", 
      "references": [], 
      "text": "House amendment agreed to: On agreeing to the Hurd (TX) amendment (A007) Agreed to by voice vote.", 
      "type": "action"
    }, 
    {
      "acted_at": "2015-04-23T10:38:11-04:00", 
      "action_code": "76000", 
      "references": [], 
      "text": "Amendment agreed to Committee of the Whole", 
      "type": "action"
    }
  ], 
  "amendment_id": "hamdt103-114", 
  "amendment_type": "hamdt", 
  "amends_amendment": null, 
  "amends_bill": {
    "bill_id": "hr1731-114", 
    "bill_type": "hr", 
    "congress": 114, 
    "number": 1731
  }, 
  "amends_treaty": null, 
  "chamber": "h", 
  "congress": "114", 
  "description": "Amendment codifies the existing Einstein 3A (E3A) program which is used to provide DHS with a situational awareness snapshot of the health of the Federal Government's cyberspace.", 
  "introduced_at": "2015-04-23", 
  "number": 103, 
  "purpose": "An amendment numbered 7 printed in Part B of House Report 114-88 to authorize the existing Einstein 3A (E3A) program.", 
  "sponsor": {
    "bioguide_id": "H001073", 
    "district": "23", 
    "name": "Hurd, Will", 
    "state": "TX", 
    "thomas_id": "02269", 
    "title": "Rep", 
    "type": "person"
  }, 
  "status": "pass", 
  "status_at": "2015-04-23T10:38:11-04:00", 
  "updated_at": "2016-08-01T13:27:05Z"
}