{
  "actions": [
    {
      "acted_at": "2015-06-09T23:10:04-04:00", 
      "action_code": "H32111", 
      "how": "roll", 
      "references": [], 
      "result": "pass", 
      "roll": 327, 
      "text": "On agreeing to the Issa amendment (A079) Agreed to by recorded vote: 297 - 129 (Roll no. 327).", 
      "type": "vote", 
      "vote_type": "vote", 
      "where": "h"
    }, 
    {
      "acted_at": "2015-06-09T21:59:20-04:00", 
      "action_code": "H3A100", 
      "references": [
        {
          "reference": "CR H3988-3989, H3995-3996", 
          "type": "consideration"
        }, 
        {
          "reference": "CR H3988", 
          "type": "text"
        }
      ], 
      "text": "Amendment (A079) offered by Mr. Issa.", 
      "type": "action"
    }, 
    {
      "acted_at": "2015-06-09", 
      "action_code": "", 
      "references": [], 
      "text": "", 
      "type": "action"
    }, 
    {
      "acted_at": "2015-06-09", 
      "action_code": "71000", 
      "references": [], 
      "text": "House amendment offered", 
      "type": "action"
    }, 
    {
      "acted_at": "2015-06-09T21:59:20-04:00", 
      "action_code": "71500", 
      "references": [
        {
          "reference": "CR H3988-3989, H3995-3996", 
          "type": "consideration"
        }, 
        {
          "reference": "CR H3988", 
          "type": "text"
        }
      ], 
      "text": "House amendment offered/reported by : Amendment (A079) offered by Mr. Issa.", 
      "type": "action"
    }, 
    {
      "acted_at": "2015-06-09T23:10:04-04:00", 
      "action_code": "72000", 
      "references": [], 
      "text": "House amendment agreed to: On agreeing to the Issa amendment (A079) Agreed to by recorded vote: 297 - 129 (Roll no. 327).", 
      "type": "action"
    }, 
    {
      "acted_at": "2015-06-09T23:10:04-04:00", 
      "action_code": "75000", 
      "references": [], 
      "text": "Roll call votes on amendments in House", 
      "type": "action"
    }, 
    {
      "acted_at": "2015-06-09T23:10:04-04:00", 
      "action_code": "76000", 
      "references": [], 
      "text": "Amendment agreed to Committee of the Whole", 
      "type": "action"
    }
  ], 
  "amendment_id": "hamdt439-114", 
  "amendment_type": "hamdt", 
  "amends_amendment": null, 
  "amends_bill": {
    "bill_id": "hr2577-114", 
    "bill_type": "hr", 
    "congress": 114, 
    "number": 2577
  }, 
  "amends_treaty": null, 
  "chamber": "h", 
  "congress": "114", 
  "description": "At the end of the bill, before the short title, insert the following:    SEC.___. None of the funds made available by this Act may be used to acquire a camera for the purpose of collecting or storing vehicle license plate numbers.", 
  "introduced_at": "2015-06-09", 
  "number": 439, 
  "purpose": "An amendment to prohibit the use of funds to acquire a camera for the purpose of collecting or storing vehicle license plate numbers.", 
  "sponsor": {
    "bioguide_id": "I000056", 
    "district": "49", 
    "name": "Issa, Darrell E.", 
    "state": "CA", 
    "thomas_id": "01640", 
    "title": "Rep", 
    "type": "person"
  }, 
  "status": "pass", 
  "status_at": "2015-06-09T23:10:04-04:00", 
  "updated_at": "2016-08-26T08:52:19Z"
}