{
  "actions": [
    {
      "acted_at": "2015-06-03T21:47:47-04:00", 
      "action_code": "H32111", 
      "how": "by voice vote", 
      "references": [], 
      "result": "pass", 
      "text": "On agreeing to the Gosar amendment (A017) Agreed to by voice vote.", 
      "type": "vote", 
      "vote_type": "vote", 
      "where": "h"
    }, 
    {
      "acted_at": "2015-06-03T21:44:22-04:00", 
      "action_code": "H3A100", 
      "references": [
        {
          "reference": "CR H3846", 
          "type": "consideration"
        }, 
        {
          "reference": "CR H3846", 
          "type": "text"
        }
      ], 
      "text": "Amendment (A017) offered by Mr. Gosar.", 
      "type": "action"
    }, 
    {
      "acted_at": "2015-06-03", 
      "action_code": "", 
      "references": [], 
      "text": "", 
      "type": "action"
    }, 
    {
      "acted_at": "2015-06-03", 
      "action_code": "71000", 
      "references": [], 
      "text": "House amendment offered", 
      "type": "action"
    }, 
    {
      "acted_at": "2015-06-03T21:44:22-04:00", 
      "action_code": "71500", 
      "references": [
        {
          "reference": "CR H3846", 
          "type": "consideration"
        }, 
        {
          "reference": "CR H3846", 
          "type": "text"
        }
      ], 
      "text": "House amendment offered/reported by : Amendment (A017) offered by Mr. Gosar.", 
      "type": "action"
    }, 
    {
      "acted_at": "2015-06-03T21:47:47-04:00", 
      "action_code": "72000", 
      "references": [], 
      "text": "House amendment agreed to: On agreeing to the Gosar amendment (A017) Agreed to by voice vote.", 
      "type": "action"
    }, 
    {
      "acted_at": "2015-06-03T21:47:47-04:00", 
      "action_code": "76000", 
      "references": [], 
      "text": "Amendment agreed to Committee of the Whole", 
      "type": "action"
    }
  ], 
  "amendment_id": "hamdt372-114", 
  "amendment_type": "hamdt", 
  "amends_amendment": null, 
  "amends_bill": {
    "bill_id": "hr2577-114", 
    "bill_type": "hr", 
    "congress": 114, 
    "number": 2577
  }, 
  "amends_treaty": null, 
  "chamber": "h", 
  "congress": "114", 
  "description": "Amendment redirects $500,000 to the Amtrak Office of the Inspector General salaries and expenses account for oversight purposes.", 
  "introduced_at": "2015-06-03", 
  "number": 372, 
  "purpose": "An amendment to reduce funding for National Highway Traffic Safety Administration Operations and Research by $1.2 million and to increase funding for the National Railroad Passenger Corporation Office of Inspector General Salaries and Expenses by $500,000.", 
  "sponsor": {
    "bioguide_id": "G000565", 
    "district": "4", 
    "name": "Gosar, Paul A.", 
    "state": "AZ", 
    "thomas_id": "01992", 
    "title": "Rep", 
    "type": "person"
  }, 
  "status": "pass", 
  "status_at": "2015-06-03T21:47:47-04:00", 
  "updated_at": "2016-08-26T08:52:19Z"
}