{
  "actions": [
    {
      "acted_at": "2015-04-29T21:22:06-04:00", 
      "action_code": "H32111", 
      "how": "by voice vote", 
      "references": [], 
      "result": "pass", 
      "text": "On agreeing to the Duffy amendment (A004) Agreed to by voice vote.", 
      "type": "vote", 
      "vote_type": "vote", 
      "where": "h"
    }, 
    {
      "acted_at": "2015-04-29T21:17:12-04:00", 
      "action_code": "H3A100", 
      "references": [
        {
          "reference": "CR H2634-2635", 
          "type": "consideration"
        }, 
        {
          "reference": "CR H2634", 
          "type": "text"
        }
      ], 
      "text": "Amendment (A004) offered by Mr. Duffy.", 
      "type": "action"
    }, 
    {
      "acted_at": "2015-04-29", 
      "action_code": "", 
      "references": [], 
      "text": "", 
      "type": "action"
    }, 
    {
      "acted_at": "2015-04-29", 
      "action_code": "71000", 
      "references": [], 
      "text": "House amendment offered", 
      "type": "action"
    }, 
    {
      "acted_at": "2015-04-29T21:17:12-04:00", 
      "action_code": "71500", 
      "references": [
        {
          "reference": "CR H2634-2635", 
          "type": "consideration"
        }, 
        {
          "reference": "CR H2634", 
          "type": "text"
        }
      ], 
      "text": "House amendment offered/reported by : Amendment (A004) offered by Mr. Duffy.", 
      "type": "action"
    }, 
    {
      "acted_at": "2015-04-29T21:22:06-04:00", 
      "action_code": "72000", 
      "references": [], 
      "text": "House amendment agreed to: On agreeing to the Duffy amendment (A004) Agreed to by voice vote.", 
      "type": "action"
    }, 
    {
      "acted_at": "2015-04-29T21:22:06-04:00", 
      "action_code": "76000", 
      "references": [], 
      "text": "Amendment agreed to Committee of the Whole", 
      "type": "action"
    }
  ], 
  "amendment_id": "hamdt154-114", 
  "amendment_type": "hamdt", 
  "amends_amendment": null, 
  "amends_bill": {
    "bill_id": "hr2028-114", 
    "bill_type": "hr", 
    "congress": 114, 
    "number": 2028
  }, 
  "amends_treaty": null, 
  "chamber": "h", 
  "congress": "114", 
  "description": "Amendment to first decrease then increase Army Corp of Engineers funding for Construction by $10 million in order to direct those funds to support the Great Lakes Fishery and Economic Restoration (GLFER).", 
  "introduced_at": "2015-04-29", 
  "number": 154, 
  "purpose": "An amendment to first decrease then increase Army Corp of Engineers funding for Construction by $10 million for the support of GLFER.", 
  "sponsor": {
    "bioguide_id": "D000614", 
    "district": "7", 
    "name": "Duffy, Sean P.", 
    "state": "WI", 
    "thomas_id": "02072", 
    "title": "Rep", 
    "type": "person"
  }, 
  "status": "pass", 
  "status_at": "2015-04-29T21:22:06-04:00", 
  "updated_at": "2016-08-01T13:27:19Z"
}