{
  "actions": [
    {
      "acted_at": "2015-06-02T16:19:43-04:00", 
      "action_code": "H32140", 
      "references": [
        {
          "reference": "CR H3683", 
          "type": "consideration"
        }
      ], 
      "text": "By unanimous consent, the Johnson, E. B. amendment was withdrawn.", 
      "type": "action"
    }, 
    {
      "acted_at": "2015-06-02T16:14:20-04:00", 
      "action_code": "H3A100", 
      "references": [
        {
          "reference": "CR H3682-3683", 
          "type": "consideration"
        }, 
        {
          "reference": "CR H3682", 
          "type": "text"
        }
      ], 
      "text": "Amendment (A008) offered by Ms. Johnson, E. B..", 
      "type": "action"
    }, 
    {
      "acted_at": "2015-06-02", 
      "action_code": "", 
      "references": [], 
      "text": "", 
      "type": "action"
    }, 
    {
      "acted_at": "2015-06-02", 
      "action_code": "71000", 
      "references": [], 
      "text": "House amendment offered", 
      "type": "action"
    }, 
    {
      "acted_at": "2015-06-02T16:14:20-04:00", 
      "action_code": "71500", 
      "references": [
        {
          "reference": "CR H3682-3683", 
          "type": "consideration"
        }, 
        {
          "reference": "CR H3682", 
          "type": "text"
        }
      ], 
      "text": "House amendment offered/reported by : Amendment (A008) offered by Ms. Johnson, E. B..", 
      "type": "action"
    }
  ], 
  "amendment_id": "hamdt276-114", 
  "amendment_type": "hamdt", 
  "amends_amendment": null, 
  "amends_bill": {
    "bill_id": "hr2578-114", 
    "bill_type": "hr", 
    "congress": 114, 
    "number": 2578
  }, 
  "amends_treaty": null, 
  "chamber": "h", 
  "congress": "114", 
  "description": null, 
  "introduced_at": "2015-06-02", 
  "number": 276, 
  "purpose": "An amendment to increase and then decrease funding for NIST Scientific and Technical Research and Services by $3 million.", 
  "sponsor": {
    "bioguide_id": "J000126", 
    "district": "30", 
    "name": "Johnson, Eddie Bernice", 
    "state": "TX", 
    "thomas_id": "00599", 
    "title": "Rep", 
    "type": "person"
  }, 
  "status": "offered", 
  "status_at": "2015-06-02", 
  "updated_at": "2016-08-01T13:27:41Z"
}