{
  "actions": [
    {
      "acted_at": "2015-05-14T19:13:26-04:00", 
      "action_code": "H32111", 
      "how": "roll", 
      "references": [], 
      "result": "fail", 
      "roll": 231, 
      "text": "On agreeing to the Smith (WA) amendment (A006) Failed by recorded vote: 174 - 249 (Roll no. 231).", 
      "type": "vote", 
      "vote_type": "vote", 
      "where": "h"
    }, 
    {
      "acted_at": "2015-05-14T17:35:04-04:00", 
      "action_code": "H3A100", 
      "references": [
        {
          "reference": "CR H3166-3169, H3179-3180", 
          "type": "consideration"
        }, 
        {
          "reference": "CR H3166-3167", 
          "type": "text"
        }
      ], 
      "text": "Amendment (A006) offered by Mr. Smith (WA).", 
      "type": "action"
    }, 
    {
      "acted_at": "2015-05-14", 
      "action_code": "", 
      "references": [], 
      "text": "", 
      "type": "action"
    }, 
    {
      "acted_at": "2015-05-14", 
      "action_code": "71000", 
      "references": [], 
      "text": "House amendment offered", 
      "type": "action"
    }, 
    {
      "acted_at": "2015-05-14T17:35:04-04:00", 
      "action_code": "71500", 
      "references": [
        {
          "reference": "CR H3166-3169, H3179-3180", 
          "type": "consideration"
        }, 
        {
          "reference": "CR H3166-3167", 
          "type": "text"
        }
      ], 
      "text": "House amendment offered/reported by : Amendment (A006) offered by Mr. Smith (WA).", 
      "type": "action"
    }, 
    {
      "acted_at": "2015-05-14T19:13:26-04:00", 
      "action_code": "73000", 
      "references": [], 
      "text": "House amendment not agreed to: On agreeing to the Smith (WA) amendment (A006) Failed by recorded vote: 174 - 249 (Roll no. 231).", 
      "type": "action"
    }, 
    {
      "acted_at": "2015-05-14T19:13:26-04:00", 
      "action_code": "75000", 
      "references": [], 
      "text": "Roll call votes on amendments in House", 
      "type": "action"
    }, 
    {
      "acted_at": "2015-05-14T19:13:26-04:00", 
      "action_code": "77000", 
      "references": [], 
      "text": "Amendment failed in Committee of the Whole", 
      "type": "action"
    }
  ], 
  "amendment_id": "hamdt221-114", 
  "amendment_type": "hamdt", 
  "amends_amendment": null, 
  "amends_bill": {
    "bill_id": "hr1735-114", 
    "bill_type": "hr", 
    "congress": 114, 
    "number": 1735
  }, 
  "amends_treaty": null, 
  "chamber": "h", 
  "congress": "114", 
  "description": "Amendment sought to provide a framework for closure of the detention facility at Guantanamo Bay, Cuba, by December 31, 2017.", 
  "introduced_at": "2015-05-14", 
  "number": 221, 
  "purpose": null, 
  "sponsor": {
    "bioguide_id": "S000510", 
    "district": "9", 
    "name": "Smith, Adam", 
    "state": "WA", 
    "thomas_id": "01528", 
    "title": "Rep", 
    "type": "person"
  }, 
  "status": "fail", 
  "status_at": "2015-05-14T19:13:26-04:00", 
  "updated_at": "2016-06-15T13:41:50Z"
}