{
  "actions": [
    {
      "acted_at": "2015-06-03T14:34:53-04:00", 
      "action_code": "H32111", 
      "how": "roll", 
      "references": [
        {
          "reference": "CR H3788-3789", 
          "type": "consideration"
        }
      ], 
      "result": "pass", 
      "roll": 286, 
      "text": "On agreeing to the Perry amendment (A067) Agreed to by recorded vote: 297 - 130 (Roll no. 286).", 
      "type": "vote", 
      "vote_type": "vote", 
      "where": "h"
    }, 
    {
      "acted_at": "2015-06-03T01:21:46-04:00", 
      "action_code": "H3A100", 
      "references": [
        {
          "reference": "CR H3750-3752", 
          "type": "consideration"
        }, 
        {
          "reference": "CR H3750", 
          "type": "text"
        }
      ], 
      "text": "Amendment (A067) offered by Mr. Perry.", 
      "type": "action"
    }, 
    {
      "acted_at": "2015-06-03", 
      "action_code": "", 
      "references": [], 
      "text": "", 
      "type": "action"
    }, 
    {
      "acted_at": "2015-06-03", 
      "action_code": "71000", 
      "references": [], 
      "text": "House amendment offered", 
      "type": "action"
    }, 
    {
      "acted_at": "2015-06-03T01:21:46-04:00", 
      "action_code": "71500", 
      "references": [
        {
          "reference": "CR H3750-3752", 
          "type": "consideration"
        }, 
        {
          "reference": "CR H3750", 
          "type": "text"
        }
      ], 
      "text": "House amendment offered/reported by : Amendment (A067) offered by Mr. Perry.", 
      "type": "action"
    }, 
    {
      "acted_at": "2015-06-03T14:34:53-04:00", 
      "action_code": "72000", 
      "references": [
        {
          "reference": "CR H3788-3789", 
          "type": "consideration"
        }
      ], 
      "text": "House amendment agreed to: On agreeing to the Perry amendment (A067) Agreed to by recorded vote: 297 - 130 (Roll no. 286).", 
      "type": "action"
    }, 
    {
      "acted_at": "2015-06-03T14:34:53-04:00", 
      "action_code": "75000", 
      "references": [], 
      "text": "Roll call votes on amendments in House", 
      "type": "action"
    }, 
    {
      "acted_at": "2015-06-03T14:34:53-04:00", 
      "action_code": "76000", 
      "references": [], 
      "text": "Amendment agreed to Committee of the Whole", 
      "type": "action"
    }
  ], 
  "amendment_id": "hamdt335-114", 
  "amendment_type": "hamdt", 
  "amends_amendment": null, 
  "amends_bill": {
    "bill_id": "hr2578-114", 
    "bill_type": "hr", 
    "congress": 114, 
    "number": 2578
  }, 
  "amends_treaty": null, 
  "chamber": "h", 
  "congress": "114", 
  "description": "At the end of the bill (before the short title), insert the following:    SEC.___. None of the funds made available by this Act may be used to take any action to prevent a State from implementing any law that makes it lawful to possess, distribute, or use cannabidiol or cannabidiol oil.", 
  "introduced_at": "2015-06-03", 
  "number": 335, 
  "purpose": "An amendment to prohibit the use of funds to take any action to prevent a State from implementing any law that makes it lawful to possess, distribute, or use cannabidiol oil.", 
  "sponsor": {
    "bioguide_id": "P000605", 
    "district": "4", 
    "name": "Perry, Scott", 
    "state": "PA", 
    "thomas_id": "02157", 
    "title": "Rep", 
    "type": "person"
  }, 
  "status": "pass", 
  "status_at": "2015-06-03T14:34:53-04:00", 
  "updated_at": "2016-08-01T13:27:41Z"
}