{
  "actions": [
    {
      "acted_at": "2015-05-12T19:11:09-04:00", 
      "action_code": "H32111", 
      "how": "roll", 
      "references": [], 
      "result": "fail", 
      "roll": 217, 
      "text": "On agreeing to the Edwards amendment (A001) Failed by recorded vote: 167 - 248 (Roll no. 217).", 
      "type": "vote", 
      "vote_type": "vote", 
      "where": "h"
    }, 
    {
      "acted_at": "2015-05-12T17:01:46-04:00", 
      "action_code": "H3A100", 
      "references": [
        {
          "reference": "CR H2837-2839, H2851-2852", 
          "type": "consideration"
        }, 
        {
          "reference": "CR H2837", 
          "type": "text"
        }
      ], 
      "text": "Amendment (A001) offered by Ms. Edwards.", 
      "type": "action"
    }, 
    {
      "acted_at": "2015-05-12", 
      "action_code": "", 
      "references": [], 
      "text": "", 
      "type": "action"
    }, 
    {
      "acted_at": "2015-05-12", 
      "action_code": "71000", 
      "references": [], 
      "text": "House amendment offered", 
      "type": "action"
    }, 
    {
      "acted_at": "2015-05-12T17:01:46-04:00", 
      "action_code": "71500", 
      "references": [
        {
          "reference": "CR H2837-2839, H2851-2852", 
          "type": "consideration"
        }, 
        {
          "reference": "CR H2837", 
          "type": "text"
        }
      ], 
      "text": "House amendment offered/reported by : Amendment (A001) offered by Ms. Edwards.", 
      "type": "action"
    }, 
    {
      "acted_at": "2015-05-12T19:11:09-04:00", 
      "action_code": "73000", 
      "references": [], 
      "text": "House amendment not agreed to: On agreeing to the Edwards amendment (A001) Failed by recorded vote: 167 - 248 (Roll no. 217).", 
      "type": "action"
    }, 
    {
      "acted_at": "2015-05-12T19:11:09-04:00", 
      "action_code": "75000", 
      "references": [], 
      "text": "Roll call votes on amendments in House", 
      "type": "action"
    }, 
    {
      "acted_at": "2015-05-12T19:11:09-04:00", 
      "action_code": "77000", 
      "references": [], 
      "text": "Amendment failed in Committee of the Whole", 
      "type": "action"
    }
  ], 
  "amendment_id": "hamdt212-114", 
  "amendment_type": "hamdt", 
  "amends_amendment": null, 
  "amends_bill": {
    "bill_id": "hr1732-114", 
    "bill_type": "hr", 
    "congress": 114, 
    "number": 1732
  }, 
  "amends_treaty": null, 
  "chamber": "h", 
  "congress": "114", 
  "description": "Amendment sought to prohibit the Secretary and the Administrator from issuing any final rule that might expand the scope beyond water bodies covered prior to Supreme Court rulings when implementing the provisions of the bill.", 
  "introduced_at": "2015-05-12", 
  "number": 212, 
  "purpose": "An amendment numbered 1 printed in Part B of House Report 114-231 to provide policy provisions that the Secretary and Administrator are prohibited from including in a final rule.", 
  "sponsor": {
    "bioguide_id": "E000290", 
    "district": "4", 
    "name": "Edwards, Donna F.", 
    "state": "MD", 
    "thomas_id": "01894", 
    "title": "Rep", 
    "type": "person"
  }, 
  "status": "fail", 
  "status_at": "2015-05-12T19:11:09-04:00", 
  "updated_at": "2016-08-01T13:27:05Z"
}