{
  "actions": [
    {
      "acted_at": "2015-06-03T15:46:22-04:00", 
      "action_code": "H32140", 
      "references": [
        {
          "reference": "CR H3796", 
          "type": "consideration"
        }
      ], 
      "text": "By unanimous consent, the Flores amendment was withdrawn.", 
      "type": "action"
    }, 
    {
      "acted_at": "2015-06-03T15:40:54-04:00", 
      "action_code": "H3A100", 
      "references": [
        {
          "reference": "CR H3796", 
          "type": "consideration"
        }, 
        {
          "reference": "CR H3796", 
          "type": "text"
        }
      ], 
      "text": "Amendment (A077) offered by Mr. Flores.", 
      "type": "action"
    }, 
    {
      "acted_at": "2015-06-03", 
      "action_code": "", 
      "references": [], 
      "text": "", 
      "type": "action"
    }, 
    {
      "acted_at": "2015-06-03", 
      "action_code": "71000", 
      "references": [], 
      "text": "House amendment offered", 
      "type": "action"
    }, 
    {
      "acted_at": "2015-06-03T15:40:54-04:00", 
      "action_code": "71500", 
      "references": [
        {
          "reference": "CR H3796", 
          "type": "consideration"
        }, 
        {
          "reference": "CR H3796", 
          "type": "text"
        }
      ], 
      "text": "House amendment offered/reported by : Amendment (A077) offered by Mr. Flores.", 
      "type": "action"
    }
  ], 
  "amendment_id": "hamdt345-114", 
  "amendment_type": "hamdt", 
  "amends_amendment": null, 
  "amends_bill": {
    "bill_id": "hr2578-114", 
    "bill_type": "hr", 
    "congress": 114, 
    "number": 2578
  }, 
  "amends_treaty": null, 
  "chamber": "h", 
  "congress": "114", 
  "description": null, 
  "introduced_at": "2015-06-03", 
  "number": 345, 
  "purpose": "An amendment to prohibit the use of funds to further implementation of the coastal and marine spatial planning and ecosystem-based management components of the National Ocean Policy developed under Executive Order 13547.", 
  "sponsor": {
    "bioguide_id": "F000461", 
    "district": "17", 
    "name": "Flores, Bill", 
    "state": "TX", 
    "thomas_id": "02065", 
    "title": "Rep", 
    "type": "person"
  }, 
  "status": "offered", 
  "status_at": "2015-06-03", 
  "updated_at": "2016-08-01T13:27:41Z"
}