{
  "actions": [
    {
      "acted_at": "2015-06-02T20:06:40-04:00", 
      "action_code": "H32111", 
      "how": "by voice vote", 
      "references": [], 
      "result": "pass", 
      "text": "On agreeing to the Buck amendment (A034) Agreed to by voice vote.", 
      "type": "vote", 
      "vote_type": "vote", 
      "where": "h"
    }, 
    {
      "acted_at": "2015-06-02T20:04:08-04:00", 
      "action_code": "H3A100", 
      "references": [
        {
          "reference": "CR H3708", 
          "type": "consideration"
        }, 
        {
          "reference": "CR H3708", 
          "type": "text"
        }
      ], 
      "text": "Amendment (A034) offered by Mr. Buck.", 
      "type": "action"
    }, 
    {
      "acted_at": "2015-06-02", 
      "action_code": "", 
      "references": [], 
      "text": "", 
      "type": "action"
    }, 
    {
      "acted_at": "2015-06-02", 
      "action_code": "71000", 
      "references": [], 
      "text": "House amendment offered", 
      "type": "action"
    }, 
    {
      "acted_at": "2015-06-02T20:04:08-04:00", 
      "action_code": "71500", 
      "references": [
        {
          "reference": "CR H3708", 
          "type": "consideration"
        }, 
        {
          "reference": "CR H3708", 
          "type": "text"
        }
      ], 
      "text": "House amendment offered/reported by : Amendment (A034) offered by Mr. Buck.", 
      "type": "action"
    }, 
    {
      "acted_at": "2015-06-02T20:06:40-04:00", 
      "action_code": "72000", 
      "references": [], 
      "text": "House amendment agreed to: On agreeing to the Buck amendment (A034) Agreed to by voice vote.", 
      "type": "action"
    }, 
    {
      "acted_at": "2015-06-02T20:06:40-04:00", 
      "action_code": "76000", 
      "references": [], 
      "text": "Amendment agreed to Committee of the Whole", 
      "type": "action"
    }
  ], 
  "amendment_id": "hamdt302-114", 
  "amendment_type": "hamdt", 
  "amends_amendment": null, 
  "amends_bill": {
    "bill_id": "hr2578-114", 
    "bill_type": "hr", 
    "congress": 114, 
    "number": 2578
  }, 
  "amends_treaty": null, 
  "chamber": "h", 
  "congress": "114", 
  "description": "Amendment provides use of funds to investigate or act upon applications for relief from Federal firearms disabilities under United States Code.", 
  "introduced_at": "2015-06-02", 
  "number": 302, 
  "purpose": "An amendment to provide that such funds appropriated for BATF shall be available to investigate or act upon applications for relief from Federal firearms disabilities under United States Code.", 
  "sponsor": {
    "bioguide_id": "B001297", 
    "district": "4", 
    "name": "Buck, Ken", 
    "state": "CO", 
    "thomas_id": "02233", 
    "title": "Rep", 
    "type": "person"
  }, 
  "status": "pass", 
  "status_at": "2015-06-02T20:06:40-04:00", 
  "updated_at": "2016-08-01T13:27:41Z"
}