{
  "actions": [
    {
      "acted_at": "2015-05-21T11:28:03-04:00", 
      "action_code": "H32111", 
      "how": "by voice vote", 
      "references": [], 
      "result": "pass", 
      "text": "On agreeing to the Smith (TX) amendment (A001) Agreed to by voice vote.", 
      "type": "vote", 
      "vote_type": "vote", 
      "where": "h"
    }, 
    {
      "acted_at": "2015-05-21T11:24:43-04:00", 
      "action_code": "H3A100", 
      "references": [
        {
          "reference": "CR H3524-3525", 
          "type": "consideration"
        }, 
        {
          "reference": "CR H3524-3525", 
          "type": "text"
        }
      ], 
      "text": "Amendment (A001) offered by Mr. Smith (TX).", 
      "type": "action"
    }, 
    {
      "acted_at": "2015-05-21", 
      "action_code": "", 
      "references": [], 
      "text": "", 
      "type": "action"
    }, 
    {
      "acted_at": "2015-05-21", 
      "action_code": "71000", 
      "references": [], 
      "text": "House amendment offered", 
      "type": "action"
    }, 
    {
      "acted_at": "2015-05-21T11:24:43-04:00", 
      "action_code": "71500", 
      "references": [
        {
          "reference": "CR H3524-3525", 
          "type": "consideration"
        }, 
        {
          "reference": "CR H3524-3525", 
          "type": "text"
        }
      ], 
      "text": "House amendment offered/reported by : Amendment (A001) offered by Mr. Smith (TX).", 
      "type": "action"
    }, 
    {
      "acted_at": "2015-05-21T11:28:03-04:00", 
      "action_code": "72000", 
      "references": [], 
      "text": "House amendment agreed to: On agreeing to the Smith (TX) amendment (A001) Agreed to by voice vote.", 
      "type": "action"
    }, 
    {
      "acted_at": "2015-05-21T11:28:03-04:00", 
      "action_code": "76000", 
      "references": [], 
      "text": "Amendment agreed to Committee of the Whole", 
      "type": "action"
    }
  ], 
  "amendment_id": "hamdt255-114", 
  "amendment_type": "hamdt", 
  "amends_amendment": null, 
  "amends_bill": {
    "bill_id": "hr2262-114", 
    "bill_type": "hr", 
    "congress": 114, 
    "number": 2262
  }, 
  "amends_treaty": null, 
  "chamber": "h", 
  "congress": "114", 
  "description": "Manager's amendment makes technical corrections and requires a GAO report on state and municipal spaceports in the existing indemnification regime.", 
  "introduced_at": "2015-05-21", 
  "number": 255, 
  "purpose": "An amendment numbered 1 printed in Part A of House Report 114-127 to make technical corrections and requires a GAO report on state and municipal spaceports in the existing indemnification regime.", 
  "sponsor": {
    "bioguide_id": "S000583", 
    "district": "21", 
    "name": "Smith, Lamar", 
    "state": "TX", 
    "thomas_id": "01075", 
    "title": "Rep", 
    "type": "person"
  }, 
  "status": "pass", 
  "status_at": "2015-05-21T11:28:03-04:00", 
  "updated_at": "2016-08-01T13:27:29Z"
}