{
  "actions": [
    {
      "acted_at": "2015-01-14T11:39:23-05:00", 
      "action_code": "H32111", 
      "how": "roll", 
      "references": [], 
      "result": "pass", 
      "roll": 33, 
      "text": "On agreeing to the Schock amendment (A005) Agreed to by recorded vote: 260 - 167 (Roll no. 33).", 
      "type": "vote", 
      "vote_type": "vote", 
      "where": "h"
    }, 
    {
      "acted_at": "2015-01-14T10:30:02-05:00", 
      "action_code": "H3A100", 
      "references": [
        {
          "reference": "CR H386-388, H391", 
          "type": "consideration"
        }, 
        {
          "reference": "CR H386", 
          "type": "text"
        }
      ], 
      "text": "Amendment (A005) offered by Mr. Schock.", 
      "type": "action"
    }, 
    {
      "acted_at": "2015-01-14", 
      "action_code": "", 
      "references": [], 
      "text": "", 
      "type": "action"
    }, 
    {
      "acted_at": "2015-01-14", 
      "action_code": "71000", 
      "references": [], 
      "text": "House amendment offered", 
      "type": "action"
    }, 
    {
      "acted_at": "2015-01-14T10:30:02-05:00", 
      "action_code": "71500", 
      "references": [
        {
          "reference": "CR H386-388, H391", 
          "type": "consideration"
        }, 
        {
          "reference": "CR H386", 
          "type": "text"
        }
      ], 
      "text": "House amendment offered/reported by : Amendment (A005) offered by Mr. Schock.", 
      "type": "action"
    }, 
    {
      "acted_at": "2015-01-14T11:39:23-05:00", 
      "action_code": "72000", 
      "references": [], 
      "text": "House amendment agreed to: On agreeing to the Schock amendment (A005) Agreed to by recorded vote: 260 - 167 (Roll no. 33).", 
      "type": "action"
    }, 
    {
      "acted_at": "2015-01-14T11:39:23-05:00", 
      "action_code": "75000", 
      "references": [], 
      "text": "Roll call votes on amendments in House", 
      "type": "action"
    }, 
    {
      "acted_at": "2015-01-14T11:39:23-05:00", 
      "action_code": "76000", 
      "references": [], 
      "text": "Amendment agreed to Committee of the Whole", 
      "type": "action"
    }
  ], 
  "amendment_id": "hamdt10-114", 
  "amendment_type": "hamdt", 
  "amends_amendment": null, 
  "amends_bill": {
    "bill_id": "hr240-114", 
    "bill_type": "hr", 
    "congress": 114, 
    "number": 240
  }, 
  "amends_treaty": null, 
  "chamber": "h", 
  "congress": "114", 
  "description": "Amendment expresses the sense of Congress that the Administration should stop putting the interest of immigrants who worked within the legal framework to come to the U.S. behind those who came here illegally.", 
  "introduced_at": "2015-01-14", 
  "number": 10, 
  "purpose": "An amendment numbered 5 printed in Part B of House Report 114-2 to express a sense of Congress that the Administration should stop putting the interest of immigrants who worked within the legal framework to come to the US behind those who came here illegally.", 
  "sponsor": {
    "bioguide_id": "S001179", 
    "district": "18", 
    "name": "Schock, Aaron", 
    "state": "IL", 
    "thomas_id": "01920", 
    "title": "Rep", 
    "type": "person"
  }, 
  "status": "pass", 
  "status_at": "2015-01-14T11:39:23-05:00", 
  "updated_at": "2016-08-01T13:26:12Z"
}