{
  "actions": [
    {
      "acted_at": "2015-05-21T11:43:48-04:00", 
      "action_code": "H32111", 
      "how": "by voice vote", 
      "references": [], 
      "result": "pass", 
      "text": "On agreeing to the Jackson Lee amendment (A005) Agreed to by voice vote.", 
      "type": "vote", 
      "vote_type": "vote", 
      "where": "h"
    }, 
    {
      "acted_at": "2015-05-21T11:39:44-04:00", 
      "action_code": "H3A100", 
      "references": [
        {
          "reference": "CR H3526-3527", 
          "type": "consideration"
        }, 
        {
          "reference": "CR H3526-3527", 
          "type": "text"
        }
      ], 
      "text": "Amendment (A005) offered by Ms. Jackson Lee.", 
      "type": "action"
    }, 
    {
      "acted_at": "2015-05-21", 
      "action_code": "", 
      "references": [], 
      "text": "", 
      "type": "action"
    }, 
    {
      "acted_at": "2015-05-21", 
      "action_code": "71000", 
      "references": [], 
      "text": "House amendment offered", 
      "type": "action"
    }, 
    {
      "acted_at": "2015-05-21T11:39:44-04:00", 
      "action_code": "71500", 
      "references": [
        {
          "reference": "CR H3526-3527", 
          "type": "consideration"
        }, 
        {
          "reference": "CR H3526-3527", 
          "type": "text"
        }
      ], 
      "text": "House amendment offered/reported by : Amendment (A005) offered by Ms. Jackson Lee.", 
      "type": "action"
    }, 
    {
      "acted_at": "2015-05-21T11:43:48-04:00", 
      "action_code": "72000", 
      "references": [], 
      "text": "House amendment agreed to: On agreeing to the Jackson Lee amendment (A005) Agreed to by voice vote.", 
      "type": "action"
    }, 
    {
      "acted_at": "2015-05-21T11:43:48-04:00", 
      "action_code": "76000", 
      "references": [], 
      "text": "Amendment agreed to Committee of the Whole", 
      "type": "action"
    }
  ], 
  "amendment_id": "hamdt259-114", 
  "amendment_type": "hamdt", 
  "amends_amendment": null, 
  "amends_bill": {
    "bill_id": "hr2262-114", 
    "bill_type": "hr", 
    "congress": 114, 
    "number": 2262
  }, 
  "amends_treaty": null, 
  "chamber": "h", 
  "congress": "114", 
  "description": "Amendment provides for outreach to minority- and women-owned businesses with respect to business opportunities in the commercial space industry.", 
  "introduced_at": "2015-05-21", 
  "number": 259, 
  "purpose": "An amendment numbered 5 printed in Part A of House Report 114-127 to facilitate outreach to minority- and women-owned businesses on business opportunities in the commercial space industry.", 
  "sponsor": {
    "bioguide_id": "J000032", 
    "district": "18", 
    "name": "Jackson Lee, Sheila", 
    "state": "TX", 
    "thomas_id": "00588", 
    "title": "Rep", 
    "type": "person"
  }, 
  "status": "pass", 
  "status_at": "2015-05-21T11:43:48-04:00", 
  "updated_at": "2016-08-01T13:27:29Z"
}