{
  "actions": [
    {
      "acted_at": "2015-02-26T16:16:29-05:00", 
      "action_code": "H32111", 
      "how": "by voice vote", 
      "references": [], 
      "result": "pass", 
      "text": "On agreeing to the Langevin amendment Agreed to by voice vote.", 
      "type": "vote", 
      "vote_type": "vote", 
      "where": "h"
    }, 
    {
      "acted_at": "2015-02-26T16:11:27-05:00", 
      "action_code": "H3A100", 
      "references": [
        {
          "reference": "CR H1259-1260", 
          "type": "consideration"
        }, 
        {
          "reference": "CR H1259", 
          "type": "text"
        }
      ], 
      "text": "Amendment (A007) offered by Mr. Langevin.", 
      "type": "action"
    }, 
    {
      "acted_at": "2015-02-26", 
      "action_code": "", 
      "references": [], 
      "text": "", 
      "type": "action"
    }, 
    {
      "acted_at": "2015-02-26", 
      "action_code": "71000", 
      "references": [], 
      "text": "House amendment offered", 
      "type": "action"
    }, 
    {
      "acted_at": "2015-02-26T16:11:27-05:00", 
      "action_code": "71500", 
      "references": [
        {
          "reference": "CR H1259-1260", 
          "type": "consideration"
        }, 
        {
          "reference": "CR H1259", 
          "type": "text"
        }
      ], 
      "text": "House amendment offered/reported by : Amendment (A007) offered by Mr. Langevin.", 
      "type": "action"
    }, 
    {
      "acted_at": "2015-02-26T16:16:29-05:00", 
      "action_code": "72000", 
      "references": [], 
      "text": "House amendment agreed to: On agreeing to the Langevin amendment Agreed to by voice vote.", 
      "type": "action"
    }, 
    {
      "acted_at": "2015-02-26T16:16:29-05:00", 
      "action_code": "76000", 
      "references": [], 
      "text": "Amendment agreed to Committee of the Whole", 
      "type": "action"
    }
  ], 
  "amendment_id": "hamdt30-114", 
  "amendment_type": "hamdt", 
  "amends_amendment": null, 
  "amends_bill": {
    "bill_id": "hr5-114", 
    "bill_type": "hr", 
    "congress": 114, 
    "number": 5
  }, 
  "amends_treaty": null, 
  "chamber": "h", 
  "congress": "114", 
  "description": "Amendment requires States applying for funds under title I to show how they would use the funds to provide apprenticeships that offer academic credit, and how they would use the funds to provide comprehensive career counseling to the students.", 
  "introduced_at": "2015-02-26", 
  "number": 30, 
  "purpose": "An amendment numbered 7 printed in Part B of House Report 114-29 to require states applying for funds under title I to show how they would use the funds to provide apprenticeships that offer academic credit, and how they would use the funds to provide comprehensive career counseling to the students.", 
  "sponsor": {
    "bioguide_id": "L000559", 
    "district": "2", 
    "name": "Langevin, James R.", 
    "state": "RI", 
    "thomas_id": "01668", 
    "title": "Rep", 
    "type": "person"
  }, 
  "status": "pass", 
  "status_at": "2015-02-26T16:16:29-05:00", 
  "updated_at": "2016-08-01T13:26:00Z"
}