{
  "actions": [
    {
      "acted_at": "2015-06-03T00:21:31-04:00", 
      "action_code": "H32111", 
      "how": "by voice vote", 
      "references": [], 
      "result": "pass", 
      "text": "On agreeing to the Hudson amendment (A061) Agreed to by voice vote.", 
      "type": "vote", 
      "vote_type": "vote", 
      "where": "h"
    }, 
    {
      "acted_at": "2015-06-03T00:11:31-04:00", 
      "action_code": "H3A100", 
      "references": [
        {
          "reference": "CR H3742-3743", 
          "type": "consideration"
        }, 
        {
          "reference": "CR H3742", 
          "type": "text"
        }
      ], 
      "text": "Amendment (A061) offered by Mr. Hudson.", 
      "type": "action"
    }, 
    {
      "acted_at": "2015-06-03", 
      "action_code": "", 
      "references": [], 
      "text": "", 
      "type": "action"
    }, 
    {
      "acted_at": "2015-06-03", 
      "action_code": "71000", 
      "references": [], 
      "text": "House amendment offered", 
      "type": "action"
    }, 
    {
      "acted_at": "2015-06-03T00:11:31-04:00", 
      "action_code": "71500", 
      "references": [
        {
          "reference": "CR H3742-3743", 
          "type": "consideration"
        }, 
        {
          "reference": "CR H3742", 
          "type": "text"
        }
      ], 
      "text": "House amendment offered/reported by : Amendment (A061) offered by Mr. Hudson.", 
      "type": "action"
    }, 
    {
      "acted_at": "2015-06-03T00:21:31-04:00", 
      "action_code": "72000", 
      "references": [], 
      "text": "House amendment agreed to: On agreeing to the Hudson amendment (A061) Agreed to by voice vote.", 
      "type": "action"
    }, 
    {
      "acted_at": "2015-06-03T00:21:31-04:00", 
      "action_code": "76000", 
      "references": [], 
      "text": "Amendment agreed to Committee of the Whole", 
      "type": "action"
    }
  ], 
  "amendment_id": "hamdt329-114", 
  "amendment_type": "hamdt", 
  "amends_amendment": null, 
  "amends_bill": {
    "bill_id": "hr2578-114", 
    "bill_type": "hr", 
    "congress": 114, 
    "number": 2578
  }, 
  "amends_treaty": null, 
  "chamber": "h", 
  "congress": "114", 
  "description": "At the end of the bill (before the short title), insert the following:    SEC.___. None of the funds made available by this Act may be used to treat any M855 (5.56 mm x 45 mm) or SS109 type ammunition as armor piercing ammunition for purposes of chapter 44 of title 18, United States Code.", 
  "introduced_at": "2015-06-03", 
  "number": 329, 
  "purpose": "An amendment to prohibit the use of funds to treat any M855 or SS109 type ammunition as armor piercing ammunition for purposes of chapter 44 of title 18, United States Code.", 
  "sponsor": {
    "bioguide_id": "H001067", 
    "district": "8", 
    "name": "Hudson, Richard", 
    "state": "NC", 
    "thomas_id": "02140", 
    "title": "Rep", 
    "type": "person"
  }, 
  "status": "pass", 
  "status_at": "2015-06-03T00:21:31-04:00", 
  "updated_at": "2016-08-01T13:27:41Z"
}