{
  "actions": [
    {
      "acted_at": "2015-06-09T19:12:51-04:00", 
      "action_code": "H32111", 
      "how": "roll", 
      "references": [
        {
          "reference": "CR H3965-3966", 
          "type": "consideration"
        }
      ], 
      "result": "fail", 
      "roll": 310, 
      "text": "On agreeing to the Blackburn amendment (A042) Failed by recorded vote: 163 - 259 (Roll no. 310).", 
      "type": "vote", 
      "vote_type": "vote", 
      "where": "h"
    }, 
    {
      "acted_at": "2015-06-04T09:13:57-04:00", 
      "action_code": "H3A100", 
      "references": [
        {
          "reference": "CR H3882-3883", 
          "type": "consideration"
        }, 
        {
          "reference": "CR H3882", 
          "type": "text"
        }
      ], 
      "text": "Amendment (A042) offered by Mrs. Blackburn.", 
      "type": "action"
    }, 
    {
      "acted_at": "2015-06-04", 
      "action_code": "", 
      "references": [], 
      "text": "", 
      "type": "action"
    }, 
    {
      "acted_at": "2015-06-04", 
      "action_code": "71000", 
      "references": [], 
      "text": "House amendment offered", 
      "type": "action"
    }, 
    {
      "acted_at": "2015-06-04T09:13:57-04:00", 
      "action_code": "71500", 
      "references": [
        {
          "reference": "CR H3882-3883", 
          "type": "consideration"
        }, 
        {
          "reference": "CR H3882", 
          "type": "text"
        }
      ], 
      "text": "House amendment offered/reported by : Amendment (A042) offered by Mrs. Blackburn.", 
      "type": "action"
    }, 
    {
      "acted_at": "2015-06-09T19:12:51-04:00", 
      "action_code": "73000", 
      "references": [
        {
          "reference": "CR H3965-3966", 
          "type": "consideration"
        }
      ], 
      "text": "House amendment not agreed to: On agreeing to the Blackburn amendment (A042) Failed by recorded vote: 163 - 259 (Roll no. 310).", 
      "type": "action"
    }, 
    {
      "acted_at": "2015-06-09T19:12:51-04:00", 
      "action_code": "75000", 
      "references": [], 
      "text": "Roll call votes on amendments in House", 
      "type": "action"
    }, 
    {
      "acted_at": "2015-06-09T19:12:51-04:00", 
      "action_code": "77000", 
      "references": [], 
      "text": "Amendment failed in Committee of the Whole", 
      "type": "action"
    }
  ], 
  "amendment_id": "hamdt397-114", 
  "amendment_type": "hamdt", 
  "amends_amendment": null, 
  "amends_bill": {
    "bill_id": "hr2577-114", 
    "bill_type": "hr", 
    "congress": 114, 
    "number": 2577
  }, 
  "amends_treaty": null, 
  "chamber": "h", 
  "congress": "114", 
  "description": "Amendment sought to reduce each amount made available by this Act by 1 percent.", 
  "introduced_at": "2015-06-04", 
  "number": 397, 
  "purpose": "An amendment printed in the Congressional Record numbered 7 to reduce each amount made available by this Act by 1 percent.", 
  "sponsor": {
    "bioguide_id": "B001243", 
    "district": "7", 
    "name": "Blackburn, Marsha", 
    "state": "TN", 
    "thomas_id": "01748", 
    "title": "Rep", 
    "type": "person"
  }, 
  "status": "fail", 
  "status_at": "2015-06-09T19:12:51-04:00", 
  "updated_at": "2016-08-26T08:52:19Z"
}