{
  "actions": [
    {
      "acted_at": "2015-02-05T10:14:45-05:00", 
      "action_code": "H32111", 
      "how": "by voice vote", 
      "references": [], 
      "result": "fail", 
      "text": "On agreeing to the Conyers amendment (A002) Failed by voice vote.", 
      "type": "vote", 
      "vote_type": "vote", 
      "where": "h"
    }, 
    {
      "acted_at": "2015-02-05T10:08:20-05:00", 
      "action_code": "H3A100", 
      "references": [
        {
          "reference": "CR H826", 
          "type": "consideration"
        }, 
        {
          "reference": "CR H826", 
          "type": "text"
        }
      ], 
      "text": "Amendment (A002) offered by Mr. Conyers.", 
      "type": "action"
    }, 
    {
      "acted_at": "2015-02-05", 
      "action_code": "", 
      "references": [], 
      "text": "", 
      "type": "action"
    }, 
    {
      "acted_at": "2015-02-05", 
      "action_code": "71000", 
      "references": [], 
      "text": "House amendment offered", 
      "type": "action"
    }, 
    {
      "acted_at": "2015-02-05T10:08:20-05:00", 
      "action_code": "71500", 
      "references": [
        {
          "reference": "CR H826", 
          "type": "consideration"
        }, 
        {
          "reference": "CR H826", 
          "type": "text"
        }
      ], 
      "text": "House amendment offered/reported by : Amendment (A002) offered by Mr. Conyers.", 
      "type": "action"
    }, 
    {
      "acted_at": "2015-02-05T10:14:45-05:00", 
      "action_code": "73000", 
      "references": [], 
      "text": "House amendment not agreed to: On agreeing to the Conyers amendment (A002) Failed by voice vote.", 
      "type": "action"
    }, 
    {
      "acted_at": "2015-02-05T10:14:45-05:00", 
      "action_code": "77000", 
      "references": [], 
      "text": "Amendment failed in Committee of the Whole", 
      "type": "action"
    }
  ], 
  "amendment_id": "hamdt17-114", 
  "amendment_type": "hamdt", 
  "amends_amendment": null, 
  "amends_bill": {
    "bill_id": "hr527-114", 
    "bill_type": "hr", 
    "congress": 114, 
    "number": 527
  }, 
  "amends_treaty": null, 
  "chamber": "h", 
  "congress": "114", 
  "description": "Amendment sought to strike section 5 of the bill which provides for a repeal of waiver and delay authority and for additional powers of the chief counsel for advocacy.", 
  "introduced_at": "2015-02-05", 
  "number": 17, 
  "purpose": "An amendment numbered 3 printed in Part A of House Report 114-14 to strike section 5 of the bill.", 
  "sponsor": {
    "bioguide_id": "C000714", 
    "district": "13", 
    "name": "Conyers, John, Jr.", 
    "state": "MI", 
    "thomas_id": "00229", 
    "title": "Rep", 
    "type": "person"
  }, 
  "status": "fail", 
  "status_at": "2015-02-05T10:14:45-05:00", 
  "updated_at": "2016-08-01T13:26:21Z"
}