{
  "actions": [
    {
      "acted_at": "2015-05-21T11:31:20-04:00", 
      "action_code": "H32111", 
      "how": "by voice vote", 
      "references": [], 
      "result": "pass", 
      "text": "On agreeing to the Grijalva amendment (A002) Agreed to by voice vote.", 
      "type": "vote", 
      "vote_type": "vote", 
      "where": "h"
    }, 
    {
      "acted_at": "2015-05-21T11:28:37-04:00", 
      "action_code": "H3A100", 
      "references": [
        {
          "reference": "CR H3525", 
          "type": "consideration"
        }, 
        {
          "reference": "CR H3525", 
          "type": "text"
        }
      ], 
      "text": "Amendment (A002) offered by Mr. Grijalva.", 
      "type": "action"
    }, 
    {
      "acted_at": "2015-05-21", 
      "action_code": "", 
      "references": [], 
      "text": "", 
      "type": "action"
    }, 
    {
      "acted_at": "2015-05-21", 
      "action_code": "71000", 
      "references": [], 
      "text": "House amendment offered", 
      "type": "action"
    }, 
    {
      "acted_at": "2015-05-21T11:28:37-04:00", 
      "action_code": "71500", 
      "references": [
        {
          "reference": "CR H3525", 
          "type": "consideration"
        }, 
        {
          "reference": "CR H3525", 
          "type": "text"
        }
      ], 
      "text": "House amendment offered/reported by : Amendment (A002) offered by Mr. Grijalva.", 
      "type": "action"
    }, 
    {
      "acted_at": "2015-05-21T11:31:20-04:00", 
      "action_code": "72000", 
      "references": [], 
      "text": "House amendment agreed to: On agreeing to the Grijalva amendment (A002) Agreed to by voice vote.", 
      "type": "action"
    }, 
    {
      "acted_at": "2015-05-21T11:31:20-04:00", 
      "action_code": "76000", 
      "references": [], 
      "text": "Amendment agreed to Committee of the Whole", 
      "type": "action"
    }
  ], 
  "amendment_id": "hamdt256-114", 
  "amendment_type": "hamdt", 
  "amends_amendment": null, 
  "amends_bill": {
    "bill_id": "hr2262-114", 
    "bill_type": "hr", 
    "congress": 114, 
    "number": 2262
  }, 
  "amends_treaty": null, 
  "chamber": "h", 
  "congress": "114", 
  "description": "Amendment broadens the coverage of experimental permits to include suborbital launch vehicles to allow for non-revenue testing.", 
  "introduced_at": "2015-05-21", 
  "number": 256, 
  "purpose": "An amendment numbered 2 printed in Part A of House Report 114-127 to broaden the coverage of experimental permits to include suborbital launch vehicles to allow for non-revenue testing.", 
  "sponsor": {
    "bioguide_id": "G000551", 
    "district": "3", 
    "name": "Grijalva, Raul M.", 
    "state": "AZ", 
    "thomas_id": "01708", 
    "title": "Rep", 
    "type": "person"
  }, 
  "status": "pass", 
  "status_at": "2015-05-21T11:31:20-04:00", 
  "updated_at": "2016-08-01T13:27:29Z"
}