{
  "actions": [
    {
      "acted_at": "2015-04-29T16:22:06-04:00", 
      "action_code": "H32111", 
      "how": "by voice vote", 
      "references": [], 
      "result": "fail", 
      "text": "On agreeing to the McNerney amendment (A004) Failed by voice vote.", 
      "type": "vote", 
      "vote_type": "vote", 
      "where": "h"
    }, 
    {
      "acted_at": "2015-04-29T16:14:31-04:00", 
      "action_code": "H3A100", 
      "references": [
        {
          "reference": "CR H2591-2592", 
          "type": "consideration"
        }, 
        {
          "reference": "CR H2591", 
          "type": "text"
        }
      ], 
      "text": "Amendment (A004) offered by Mr. McNerney.", 
      "type": "action"
    }, 
    {
      "acted_at": "2015-04-29", 
      "action_code": "", 
      "references": [], 
      "text": "", 
      "type": "action"
    }, 
    {
      "acted_at": "2015-04-29", 
      "action_code": "71000", 
      "references": [], 
      "text": "House amendment offered", 
      "type": "action"
    }, 
    {
      "acted_at": "2015-04-29T16:14:31-04:00", 
      "action_code": "71500", 
      "references": [
        {
          "reference": "CR H2591-2592", 
          "type": "consideration"
        }, 
        {
          "reference": "CR H2591", 
          "type": "text"
        }
      ], 
      "text": "House amendment offered/reported by : Amendment (A004) offered by Mr. McNerney.", 
      "type": "action"
    }, 
    {
      "acted_at": "2015-04-29T16:22:06-04:00", 
      "action_code": "73000", 
      "references": [], 
      "text": "House amendment not agreed to: On agreeing to the McNerney amendment (A004) Failed by voice vote.", 
      "type": "action"
    }, 
    {
      "acted_at": "2015-04-29T16:22:06-04:00", 
      "action_code": "77000", 
      "references": [], 
      "text": "Amendment failed in Committee of the Whole", 
      "type": "action"
    }
  ], 
  "amendment_id": "hamdt111-114", 
  "amendment_type": "hamdt", 
  "amends_amendment": null, 
  "amends_bill": {
    "bill_id": "hr2029-114", 
    "bill_type": "hr", 
    "congress": 114, 
    "number": 2029
  }, 
  "amends_treaty": null, 
  "chamber": "h", 
  "congress": "114", 
  "description": "Amendment sought to increase funding for VA major construction by $177.3 million offset by a reduction in funding for VA administration IT accounts.", 
  "introduced_at": "2015-04-29", 
  "number": 111, 
  "purpose": "An amendment to reduce funds for reimbursement of the General Services Administration for security guard services, and increase funds for construction for major projects.", 
  "sponsor": {
    "bioguide_id": "M001166", 
    "district": "9", 
    "name": "McNerney, Jerry", 
    "state": "CA", 
    "thomas_id": "01832", 
    "title": "Rep", 
    "type": "person"
  }, 
  "status": "fail", 
  "status_at": "2015-04-29T16:22:06-04:00", 
  "updated_at": "2016-08-01T13:27:21Z"
}