{
  "actions": [
    {
      "acted_at": "2015-04-23T10:16:33-04:00", 
      "action_code": "H32111", 
      "how": "by voice vote", 
      "references": [], 
      "result": "pass", 
      "text": "On agreeing to the Langevin amendment Agreed to by voice vote.", 
      "type": "vote", 
      "vote_type": "vote", 
      "where": "h"
    }, 
    {
      "acted_at": "2015-04-23T10:09:32-04:00", 
      "action_code": "H3A100", 
      "references": [
        {
          "reference": "CR H2434-2435", 
          "type": "consideration"
        }, 
        {
          "reference": "CR H2435", 
          "type": "text"
        }
      ], 
      "text": "Amendment (A003) offered by Mr. Langevin.", 
      "type": "action"
    }, 
    {
      "acted_at": "2015-04-23", 
      "action_code": "", 
      "references": [], 
      "text": "", 
      "type": "action"
    }, 
    {
      "acted_at": "2015-04-23", 
      "action_code": "71000", 
      "references": [], 
      "text": "House amendment offered", 
      "type": "action"
    }, 
    {
      "acted_at": "2015-04-23T10:09:32-04:00", 
      "action_code": "71500", 
      "references": [
        {
          "reference": "CR H2434-2435", 
          "type": "consideration"
        }, 
        {
          "reference": "CR H2435", 
          "type": "text"
        }
      ], 
      "text": "House amendment offered/reported by : Amendment (A003) offered by Mr. Langevin.", 
      "type": "action"
    }, 
    {
      "acted_at": "2015-04-23T10:16:33-04:00", 
      "action_code": "72000", 
      "references": [], 
      "text": "House amendment agreed to: On agreeing to the Langevin amendment Agreed to by voice vote.", 
      "type": "action"
    }, 
    {
      "acted_at": "2015-04-23T10:16:33-04:00", 
      "action_code": "76000", 
      "references": [], 
      "text": "Amendment agreed to Committee of the Whole", 
      "type": "action"
    }
  ], 
  "amendment_id": "hamdt99-114", 
  "amendment_type": "hamdt", 
  "amends_amendment": null, 
  "amends_bill": {
    "bill_id": "hr1731-114", 
    "bill_type": "hr", 
    "congress": 114, 
    "number": 1731
  }, 
  "amends_treaty": null, 
  "chamber": "h", 
  "congress": "114", 
  "description": "Amendment clarifies that the term \"cybersecurity risk\" does not apply to actions solely involving violations of consumer terms of service or consumer licensing agreements.", 
  "introduced_at": "2015-04-23", 
  "number": 99, 
  "purpose": "An amendment numbered 3 printed in Part B of House Report 114-88 to clarify that the term \"cybersecurity risk\" does not apply to actions solely involving violations of consumer terms of service or consumer licensing agreements.", 
  "sponsor": {
    "bioguide_id": "L000559", 
    "district": "2", 
    "name": "Langevin, James R.", 
    "state": "RI", 
    "thomas_id": "01668", 
    "title": "Rep", 
    "type": "person"
  }, 
  "status": "pass", 
  "status_at": "2015-04-23T10:16:33-04:00", 
  "updated_at": "2016-08-01T13:27:04Z"
}