{
  "actions": [
    {
      "acted_at": "2015-02-26T20:38:40-05:00", 
      "action_code": "H32111", 
      "how": "by voice vote", 
      "references": [], 
      "result": "pass", 
      "text": "On agreeing to the Bonamici amendment (A023) Agreed to by voice vote.", 
      "type": "vote", 
      "vote_type": "vote", 
      "where": "h"
    }, 
    {
      "acted_at": "2015-02-26T20:28:15-05:00", 
      "action_code": "H3A100", 
      "references": [
        {
          "reference": "CR H1276-1278", 
          "type": "consideration"
        }, 
        {
          "reference": "CR H1276-1277", 
          "type": "text"
        }
      ], 
      "text": "Amendment (A023) offered by Ms. Bonamici.", 
      "type": "action"
    }, 
    {
      "acted_at": "2015-02-26", 
      "action_code": "", 
      "references": [], 
      "text": "", 
      "type": "action"
    }, 
    {
      "acted_at": "2015-02-26", 
      "action_code": "71000", 
      "references": [], 
      "text": "House amendment offered", 
      "type": "action"
    }, 
    {
      "acted_at": "2015-02-26T20:28:15-05:00", 
      "action_code": "71500", 
      "references": [
        {
          "reference": "CR H1276-1278", 
          "type": "consideration"
        }, 
        {
          "reference": "CR H1276-1277", 
          "type": "text"
        }
      ], 
      "text": "House amendment offered/reported by : Amendment (A023) offered by Ms. Bonamici.", 
      "type": "action"
    }, 
    {
      "acted_at": "2015-02-26T20:38:40-05:00", 
      "action_code": "72000", 
      "references": [], 
      "text": "House amendment agreed to: On agreeing to the Bonamici amendment (A023) Agreed to by voice vote.", 
      "type": "action"
    }, 
    {
      "acted_at": "2015-02-26T20:38:40-05:00", 
      "action_code": "76000", 
      "references": [], 
      "text": "Amendment agreed to Committee of the Whole", 
      "type": "action"
    }
  ], 
  "amendment_id": "hamdt46-114", 
  "amendment_type": "hamdt", 
  "amends_amendment": null, 
  "amends_bill": {
    "bill_id": "hr5-114", 
    "bill_type": "hr", 
    "congress": 114, 
    "number": 5
  }, 
  "amends_treaty": null, 
  "chamber": "h", 
  "congress": "114", 
  "description": "Amendment allows State educational agencies and eligible entities to use Local Academic Flexible Grant funds to audit and streamline assessment systems; eliminate unnecessary assessments; and improve the use of assessments.", 
  "introduced_at": "2015-02-26", 
  "number": 46, 
  "purpose": "An amendment No. 23 printed in part B of House Report 114-29 to allow State educational agencies and eligible entities to use Local Academic Flexible Grant funds to audit and streamline assessment systems, eliminates unnecessary assessments, and improves the use of assessments.", 
  "sponsor": {
    "bioguide_id": "B001278", 
    "district": "1", 
    "name": "Bonamici, Suzanne", 
    "state": "OR", 
    "thomas_id": "02092", 
    "title": "Rep", 
    "type": "person"
  }, 
  "status": "pass", 
  "status_at": "2015-02-26T20:38:40-05:00", 
  "updated_at": "2016-08-01T13:26:00Z"
}