{
  "actions": [
    {
      "acted_at": "2015-07-08T17:41:08-04:00", 
      "action_code": "H32111", 
      "how": "roll", 
      "references": [
        {
          "reference": "CR H4924-4925", 
          "type": "consideration"
        }
      ], 
      "result": "pass", 
      "roll": 410, 
      "text": "On agreeing to the Zeldin amendment (A030) Agreed to by recorded vote: 373 - 57 (Roll no. 410).", 
      "type": "vote", 
      "vote_type": "vote", 
      "where": "h"
    }, 
    {
      "acted_at": "2015-02-26T21:10:57-05:00", 
      "action_code": "H3A100", 
      "references": [
        {
          "reference": "CR H1283-1285", 
          "type": "consideration"
        }, 
        {
          "reference": "CR H1283", 
          "type": "text"
        }
      ], 
      "text": "Amendment (A030) offered by Mr. Zeldin.", 
      "type": "action"
    }, 
    {
      "acted_at": "2015-02-26", 
      "action_code": "", 
      "references": [], 
      "text": "", 
      "type": "action"
    }, 
    {
      "acted_at": "2015-02-26", 
      "action_code": "71000", 
      "references": [], 
      "text": "House amendment offered", 
      "type": "action"
    }, 
    {
      "acted_at": "2015-02-26T21:10:57-05:00", 
      "action_code": "71500", 
      "references": [
        {
          "reference": "CR H1283-1285", 
          "type": "consideration"
        }, 
        {
          "reference": "CR H1283", 
          "type": "text"
        }
      ], 
      "text": "House amendment offered/reported by : Amendment (A030) offered by Mr. Zeldin.", 
      "type": "action"
    }, 
    {
      "acted_at": "2015-07-08T17:41:08-04:00", 
      "action_code": "72000", 
      "references": [
        {
          "reference": "CR H4924-4925", 
          "type": "consideration"
        }
      ], 
      "text": "House amendment agreed to: On agreeing to the Zeldin amendment (A030) Agreed to by recorded vote: 373 - 57 (Roll no. 410).", 
      "type": "action"
    }, 
    {
      "acted_at": "2015-07-08T17:41:08-04:00", 
      "action_code": "75000", 
      "references": [], 
      "text": "Roll call votes on amendments in House", 
      "type": "action"
    }, 
    {
      "acted_at": "2015-07-08T17:41:08-04:00", 
      "action_code": "76000", 
      "references": [], 
      "text": "Amendment agreed to Committee of the Whole", 
      "type": "action"
    }
  ], 
  "amendment_id": "hamdt53-114", 
  "amendment_type": "hamdt", 
  "amends_amendment": null, 
  "amends_bill": {
    "bill_id": "hr5-114", 
    "bill_type": "hr", 
    "congress": 114, 
    "number": 5
  }, 
  "amends_treaty": null, 
  "chamber": "h", 
  "congress": "114", 
  "description": "Amendment allows a State to withdraw from the Common Core Standards or any other specific standards.", 
  "introduced_at": "2015-02-26", 
  "number": 53, 
  "purpose": "An amendment No. 30 printed in part B of House Report 114-29 to allow a State to withdraw from the Common Core Standards or any other specific standards.", 
  "sponsor": {
    "bioguide_id": "Z000017", 
    "district": "1", 
    "name": "Zeldin, Lee M.", 
    "state": "NY", 
    "thomas_id": "02261", 
    "title": "Rep", 
    "type": "person"
  }, 
  "status": "pass", 
  "status_at": "2015-07-08T17:41:08-04:00", 
  "updated_at": "2016-08-01T13:26:00Z"
}