{
  "actions": [
    {
      "acted_at": "2015-06-02T16:46:01-04:00", 
      "action_code": "H32140", 
      "references": [
        {
          "reference": "CR H3685", 
          "type": "consideration"
        }
      ], 
      "text": "By unanimous consent, the Guinta amendment was withdrawn.", 
      "type": "action"
    }, 
    {
      "acted_at": "2015-06-02T16:43:18-04:00", 
      "action_code": "H3A100", 
      "references": [
        {
          "reference": "CR H3685-3686", 
          "type": "consideration"
        }, 
        {
          "reference": "CR H3685", 
          "type": "text"
        }
      ], 
      "text": "Amendment (A012) offered by Mr. Guinta.", 
      "type": "action"
    }, 
    {
      "acted_at": "2015-06-02", 
      "action_code": "", 
      "references": [], 
      "text": "", 
      "type": "action"
    }, 
    {
      "acted_at": "2015-06-02", 
      "action_code": "71000", 
      "references": [], 
      "text": "House amendment offered", 
      "type": "action"
    }, 
    {
      "acted_at": "2015-06-02T16:43:18-04:00", 
      "action_code": "71500", 
      "references": [
        {
          "reference": "CR H3685-3686", 
          "type": "consideration"
        }, 
        {
          "reference": "CR H3685", 
          "type": "text"
        }
      ], 
      "text": "House amendment offered/reported by : Amendment (A012) offered by Mr. Guinta.", 
      "type": "action"
    }
  ], 
  "amendment_id": "hamdt280-114", 
  "amendment_type": "hamdt", 
  "amends_amendment": null, 
  "amends_bill": {
    "bill_id": "hr2578-114", 
    "bill_type": "hr", 
    "congress": 114, 
    "number": 2578
  }, 
  "amends_treaty": null, 
  "chamber": "h", 
  "congress": "114", 
  "description": null, 
  "introduced_at": "2015-06-02", 
  "number": 280, 
  "purpose": "An amendment to reduce and then increase funding for NOAA Operations, Research, and Facilities by $70 million.", 
  "sponsor": {
    "bioguide_id": "G000570", 
    "district": "1", 
    "name": "Guinta, Frank C.", 
    "state": "NH", 
    "thomas_id": "02038", 
    "title": "Rep", 
    "type": "person"
  }, 
  "status": "offered", 
  "status_at": "2015-06-02", 
  "updated_at": "2016-08-01T13:27:41Z"
}