{
  "actions": [
    {
      "acted_at": "2015-05-19T17:08:11-04:00", 
      "action_code": "H32111", 
      "how": "roll", 
      "references": [], 
      "result": "fail", 
      "roll": 246, 
      "text": "On agreeing to the Blackburn amendment (A003) Failed by recorded vote: 172 - 250 (Roll no. 246).", 
      "type": "vote", 
      "vote_type": "vote", 
      "where": "h"
    }, 
    {
      "acted_at": "2015-05-19T16:19:06-04:00", 
      "action_code": "H3A100", 
      "references": [
        {
          "reference": "CR H3356-3357, H3358-3359", 
          "type": "consideration"
        }, 
        {
          "reference": "CR H3356", 
          "type": "text"
        }
      ], 
      "text": "Amendment (A003) offered by Mrs. Blackburn.", 
      "type": "action"
    }, 
    {
      "acted_at": "2015-05-19", 
      "action_code": "", 
      "references": [], 
      "text": "", 
      "type": "action"
    }, 
    {
      "acted_at": "2015-05-19", 
      "action_code": "71000", 
      "references": [], 
      "text": "House amendment offered", 
      "type": "action"
    }, 
    {
      "acted_at": "2015-05-19T16:19:06-04:00", 
      "action_code": "71500", 
      "references": [
        {
          "reference": "CR H3356-3357, H3358-3359", 
          "type": "consideration"
        }, 
        {
          "reference": "CR H3356", 
          "type": "text"
        }
      ], 
      "text": "House amendment offered/reported by : Amendment (A003) offered by Mrs. Blackburn.", 
      "type": "action"
    }, 
    {
      "acted_at": "2015-05-19T17:08:11-04:00", 
      "action_code": "73000", 
      "references": [], 
      "text": "House amendment not agreed to: On agreeing to the Blackburn amendment (A003) Failed by recorded vote: 172 - 250 (Roll no. 246).", 
      "type": "action"
    }, 
    {
      "acted_at": "2015-05-19T17:08:11-04:00", 
      "action_code": "75000", 
      "references": [], 
      "text": "Roll call votes on amendments in House", 
      "type": "action"
    }, 
    {
      "acted_at": "2015-05-19T17:08:11-04:00", 
      "action_code": "77000", 
      "references": [], 
      "text": "Amendment failed in Committee of the Whole", 
      "type": "action"
    }
  ], 
  "amendment_id": "hamdt241-114", 
  "amendment_type": "hamdt", 
  "amends_amendment": null, 
  "amends_bill": {
    "bill_id": "hr2250-114", 
    "bill_type": "hr", 
    "congress": 114, 
    "number": 2250
  }, 
  "amends_treaty": null, 
  "chamber": "h", 
  "congress": "114", 
  "description": "Amendment sought to provide for a one percent across-the- board cut excepting funding for Capitol Police, Architect of the Capitol, and the Sergeant at Arms.", 
  "introduced_at": "2015-05-19", 
  "number": 241, 
  "purpose": "An amendment numbered 3 printed in Part B of House Report 114-120 to provide for a one percent across the board cut. Exempts Capitol Police, Architect of the Capitol, and the Sergeant at Arms.", 
  "sponsor": {
    "bioguide_id": "B001243", 
    "district": "7", 
    "name": "Blackburn, Marsha", 
    "state": "TN", 
    "thomas_id": "01748", 
    "title": "Rep", 
    "type": "person"
  }, 
  "status": "fail", 
  "status_at": "2015-05-19T17:08:11-04:00", 
  "updated_at": "2016-08-01T13:27:28Z"
}