{
  "actions": [
    {
      "acted_at": "2015-05-01T00:20:35-04:00", 
      "action_code": "H32111", 
      "how": "by voice vote", 
      "references": [], 
      "result": "pass", 
      "text": "On agreeing to the Jackson Lee amendment (A048) Agreed to by voice vote.", 
      "type": "vote", 
      "vote_type": "vote", 
      "where": "h"
    }, 
    {
      "acted_at": "2015-05-01T00:17:52-04:00", 
      "action_code": "H3A100", 
      "references": [
        {
          "reference": "CR 04/30/2015 H2753-2754", 
          "type": "consideration"
        }, 
        {
          "reference": "CR 04/30/2015 H2752-2753", 
          "type": "text"
        }
      ], 
      "text": "Amendment (A048) offered by Ms. Jackson Lee.", 
      "type": "action"
    }, 
    {
      "acted_at": "2015-05-01", 
      "action_code": "", 
      "references": [], 
      "text": "", 
      "type": "action"
    }, 
    {
      "acted_at": "2015-05-01", 
      "action_code": "71000", 
      "references": [], 
      "text": "House amendment offered", 
      "type": "action"
    }, 
    {
      "acted_at": "2015-05-01T00:17:52-04:00", 
      "action_code": "71500", 
      "references": [
        {
          "reference": "CR 04/30/2015 H2753-2754", 
          "type": "consideration"
        }, 
        {
          "reference": "CR 04/30/2015 H2752-2753", 
          "type": "text"
        }
      ], 
      "text": "House amendment offered/reported by : Amendment (A048) offered by Ms. Jackson Lee.", 
      "type": "action"
    }, 
    {
      "acted_at": "2015-05-01T00:20:35-04:00", 
      "action_code": "72000", 
      "references": [], 
      "text": "House amendment agreed to: On agreeing to the Jackson Lee amendment (A048) Agreed to by voice vote.", 
      "type": "action"
    }, 
    {
      "acted_at": "2015-05-01T00:20:35-04:00", 
      "action_code": "76000", 
      "references": [], 
      "text": "Amendment agreed to Committee of the Whole", 
      "type": "action"
    }
  ], 
  "amendment_id": "hamdt198-114", 
  "amendment_type": "hamdt", 
  "amends_amendment": null, 
  "amends_bill": {
    "bill_id": "hr2028-114", 
    "bill_type": "hr", 
    "congress": 114, 
    "number": 2028
  }, 
  "amends_treaty": null, 
  "chamber": "h", 
  "congress": "114", 
  "description": "Amendment prohibits use of funds in contravention of the Department of Energy Organization Act and addresses the need to increase programs that educate minorities in science, technology, engineering and math.", 
  "introduced_at": "2015-05-01", 
  "number": 198, 
  "purpose": "An amendment to prohibit use of funds in contravention of the Department of Energy Organization Act (42 U.S.C. 7101 et seq.).", 
  "sponsor": {
    "bioguide_id": "J000032", 
    "district": "18", 
    "name": "Jackson Lee, Sheila", 
    "state": "TX", 
    "thomas_id": "00588", 
    "title": "Rep", 
    "type": "person"
  }, 
  "status": "pass", 
  "status_at": "2015-05-01T00:20:35-04:00", 
  "updated_at": "2016-08-01T13:27:19Z"
}