{
  "actions": [
    {
      "acted_at": "2015-02-26T21:59:46-05:00", 
      "action_code": "H32111", 
      "how": "by voice vote", 
      "references": [], 
      "result": "pass", 
      "text": "On agreeing to the Dold amendment (A037) Agreed to by voice vote.", 
      "type": "vote", 
      "vote_type": "vote", 
      "where": "h"
    }, 
    {
      "acted_at": "2015-02-26T21:55:21-05:00", 
      "action_code": "H3A100", 
      "references": [
        {
          "reference": "CR H1291-1292", 
          "type": "consideration"
        }, 
        {
          "reference": "CR H1291", 
          "type": "text"
        }
      ], 
      "text": "Amendment (A037) offered by Mr. Dold.", 
      "type": "action"
    }, 
    {
      "acted_at": "2015-02-26", 
      "action_code": "", 
      "references": [], 
      "text": "", 
      "type": "action"
    }, 
    {
      "acted_at": "2015-02-26", 
      "action_code": "71000", 
      "references": [], 
      "text": "House amendment offered", 
      "type": "action"
    }, 
    {
      "acted_at": "2015-02-26T21:55:21-05:00", 
      "action_code": "71500", 
      "references": [
        {
          "reference": "CR H1291-1292", 
          "type": "consideration"
        }, 
        {
          "reference": "CR H1291", 
          "type": "text"
        }
      ], 
      "text": "House amendment offered/reported by : Amendment (A037) offered by Mr. Dold.", 
      "type": "action"
    }, 
    {
      "acted_at": "2015-02-26T21:59:46-05:00", 
      "action_code": "72000", 
      "references": [], 
      "text": "House amendment agreed to: On agreeing to the Dold amendment (A037) Agreed to by voice vote.", 
      "type": "action"
    }, 
    {
      "acted_at": "2015-02-26T21:59:46-05:00", 
      "action_code": "76000", 
      "references": [], 
      "text": "Amendment agreed to Committee of the Whole", 
      "type": "action"
    }
  ], 
  "amendment_id": "hamdt60-114", 
  "amendment_type": "hamdt", 
  "amends_amendment": null, 
  "amends_bill": {
    "bill_id": "hr5-114", 
    "bill_type": "hr", 
    "congress": 114, 
    "number": 5
  }, 
  "amends_treaty": null, 
  "chamber": "h", 
  "congress": "114", 
  "description": "Amendment ensures that federal education dollars go toward their intended use for student benefit in the classroom by clarifying that funds received under the Elementary and Secondary Education Act shall not be diverted by the States to fill prior unfunded liability shortfalls in teacher pension programs. Amendment also prohibits the state from requiring LEAs to make a contribution to a pension program that is in excess of the \"normal cost\" of that teacher's participation in the pension program.", 
  "introduced_at": "2015-02-26", 
  "number": 60, 
  "purpose": "An amendment No. 37 printed in part B of House Report 114-29 to ensure that federal education dollars go toward their intended use for student benefit in the classroom by clarifying that funds received under the Elementary and Secondary Education Act shall not be diverted by the states to fill prior unfunded liability shortfalls in teacher pension programs. When a state receives funds under ESEA and distributes those funds to LEAs, the amendment prohibits the state from requiring LEAs to make a contribution to a pension program that is in excess of the \"normal cost\" of that teacher's participation in the pension program.", 
  "sponsor": {
    "bioguide_id": "D000613", 
    "district": "10", 
    "name": "Dold, Robert J.", 
    "state": "IL", 
    "thomas_id": "02013", 
    "title": "Rep", 
    "type": "person"
  }, 
  "status": "pass", 
  "status_at": "2015-02-26T21:59:46-05:00", 
  "updated_at": "2016-08-01T13:26:00Z"
}