{
  "actions": [
    {
      "acted_at": "2015-06-03T14:14:07-04:00", 
      "action_code": "H32111", 
      "how": "roll", 
      "references": [
        {
          "reference": "CR H3785-3786", 
          "type": "consideration"
        }
      ], 
      "result": "fail", 
      "roll": 281, 
      "text": "On agreeing to the Ellison amendment (A056) Failed by recorded vote: 184 - 244 (Roll no. 281).", 
      "type": "vote", 
      "vote_type": "vote", 
      "where": "h"
    }, 
    {
      "acted_at": "2015-06-02T23:37:27-04:00", 
      "action_code": "H3A100", 
      "references": [
        {
          "reference": "CR H3738-3739", 
          "type": "consideration"
        }, 
        {
          "reference": "CR H3738", 
          "type": "text"
        }
      ], 
      "text": "Amendment (A056) offered by Mr. Ellison.", 
      "type": "action"
    }, 
    {
      "acted_at": "2015-06-02", 
      "action_code": "", 
      "references": [], 
      "text": "", 
      "type": "action"
    }, 
    {
      "acted_at": "2015-06-02", 
      "action_code": "71000", 
      "references": [], 
      "text": "House amendment offered", 
      "type": "action"
    }, 
    {
      "acted_at": "2015-06-02T23:37:27-04:00", 
      "action_code": "71500", 
      "references": [
        {
          "reference": "CR H3738-3739", 
          "type": "consideration"
        }, 
        {
          "reference": "CR H3738", 
          "type": "text"
        }
      ], 
      "text": "House amendment offered/reported by : Amendment (A056) offered by Mr. Ellison.", 
      "type": "action"
    }, 
    {
      "acted_at": "2015-06-03T14:14:07-04:00", 
      "action_code": "73000", 
      "references": [
        {
          "reference": "CR H3785-3786", 
          "type": "consideration"
        }
      ], 
      "text": "House amendment not agreed to: On agreeing to the Ellison amendment (A056) Failed by recorded vote: 184 - 244 (Roll no. 281).", 
      "type": "action"
    }, 
    {
      "acted_at": "2015-06-03T14:14:07-04:00", 
      "action_code": "75000", 
      "references": [], 
      "text": "Roll call votes on amendments in House", 
      "type": "action"
    }, 
    {
      "acted_at": "2015-06-03T14:14:07-04:00", 
      "action_code": "77000", 
      "references": [], 
      "text": "Amendment failed in Committee of the Whole", 
      "type": "action"
    }
  ], 
  "amendment_id": "hamdt324-114", 
  "amendment_type": "hamdt", 
  "amends_amendment": null, 
  "amends_bill": {
    "bill_id": "hr2578-114", 
    "bill_type": "hr", 
    "congress": 114, 
    "number": 2578
  }, 
  "amends_treaty": null, 
  "chamber": "h", 
  "congress": "114", 
  "description": "Amendment sought to prohibit use of funds to enter into contracts with entities that engage in discriminatory profiling based on gender, race, ethnicity, religion, sexual orientation, or national origin.", 
  "introduced_at": "2015-06-02", 
  "number": 324, 
  "purpose": "An amendment to prohibit the use of funds to enter into a contract with any person whose disclosures of a proceeding with a disposition listed in section 2313(c)(1) of title 41, United States Code, in the Federal Awardee Performance and Integrity Information System include the term \"Fair Labor Standards Act\".", 
  "sponsor": {
    "bioguide_id": "E000288", 
    "district": "5", 
    "name": "Ellison, Keith", 
    "state": "MN", 
    "thomas_id": "01857", 
    "title": "Rep", 
    "type": "person"
  }, 
  "status": "fail", 
  "status_at": "2015-06-03T14:14:07-04:00", 
  "updated_at": "2016-08-01T13:27:41Z"
}