{
  "actions": [
    {
      "acted_at": "2015-04-29T17:59:33-04:00", 
      "action_code": "H32140", 
      "references": [
        {
          "reference": "CR H2606", 
          "type": "consideration"
        }
      ], 
      "text": "By unanimous consent, the Boustany amendment was withdrawn.", 
      "type": "action"
    }, 
    {
      "acted_at": "2015-04-29T17:56:23-04:00", 
      "action_code": "H3A100", 
      "references": [
        {
          "reference": "CR H2605-2606", 
          "type": "consideration"
        }, 
        {
          "reference": "CR H2605", 
          "type": "text"
        }
      ], 
      "text": "Amendment (A020) offered by Mr. Boustany.", 
      "type": "action"
    }, 
    {
      "acted_at": "2015-04-29", 
      "action_code": "", 
      "references": [], 
      "text": "", 
      "type": "action"
    }, 
    {
      "acted_at": "2015-04-29", 
      "action_code": "71000", 
      "references": [], 
      "text": "House amendment offered", 
      "type": "action"
    }, 
    {
      "acted_at": "2015-04-29T17:56:23-04:00", 
      "action_code": "71500", 
      "references": [
        {
          "reference": "CR H2605-2606", 
          "type": "consideration"
        }, 
        {
          "reference": "CR H2605", 
          "type": "text"
        }
      ], 
      "text": "House amendment offered/reported by : Amendment (A020) offered by Mr. Boustany.", 
      "type": "action"
    }
  ], 
  "amendment_id": "hamdt127-114", 
  "amendment_type": "hamdt", 
  "amends_amendment": null, 
  "amends_bill": {
    "bill_id": "hr2029-114", 
    "bill_type": "hr", 
    "congress": 114, 
    "number": 2029
  }, 
  "amends_treaty": null, 
  "chamber": "h", 
  "congress": "114", 
  "description": null, 
  "introduced_at": "2015-04-29", 
  "number": 127, 
  "purpose": "An amendment to prohibit funds to be used to pay any bonus or monetary award under chapter 45 or 53 or title 5, United States Code, to an employee of the Chief Business Office of the Department of Veterans Affairs who is responsible for processing emergency medical care claims until the percentage of emergency medical care claims processed within 30 days reaches 90 percent.", 
  "sponsor": {
    "bioguide_id": "B001255", 
    "district": "3", 
    "name": "Boustany, Charles W., Jr.", 
    "state": "LA", 
    "thomas_id": "01787", 
    "title": "Rep", 
    "type": "person"
  }, 
  "status": "offered", 
  "status_at": "2015-04-29", 
  "updated_at": "2016-08-01T13:27:21Z"
}