{
  "actions": [
    {
      "acted_at": "2015-06-03T21:13:23-04:00", 
      "action_code": "H32140", 
      "references": [
        {
          "reference": "CR H3840", 
          "type": "consideration"
        }
      ], 
      "text": "By unanimous consent, the Lynch amendment was withdrawn.", 
      "type": "action"
    }, 
    {
      "acted_at": "2015-06-03T21:09:23-04:00", 
      "action_code": "H3A100", 
      "references": [
        {
          "reference": "CR H3840", 
          "type": "consideration"
        }, 
        {
          "reference": "CR H3840", 
          "type": "text"
        }
      ], 
      "text": "Amendment (A013) offered by Mr. Lynch.", 
      "type": "action"
    }, 
    {
      "acted_at": "2015-06-03", 
      "action_code": "", 
      "references": [], 
      "text": "", 
      "type": "action"
    }, 
    {
      "acted_at": "2015-06-03", 
      "action_code": "71000", 
      "references": [], 
      "text": "House amendment offered", 
      "type": "action"
    }, 
    {
      "acted_at": "2015-06-03T21:09:23-04:00", 
      "action_code": "71500", 
      "references": [
        {
          "reference": "CR H3840", 
          "type": "consideration"
        }, 
        {
          "reference": "CR H3840", 
          "type": "text"
        }
      ], 
      "text": "House amendment offered/reported by : Amendment (A013) offered by Mr. Lynch.", 
      "type": "action"
    }
  ], 
  "amendment_id": "hamdt368-114", 
  "amendment_type": "hamdt", 
  "amends_amendment": null, 
  "amends_bill": {
    "bill_id": "hr2577-114", 
    "bill_type": "hr", 
    "congress": 114, 
    "number": 2577
  }, 
  "amends_treaty": null, 
  "chamber": "h", 
  "congress": "114", 
  "description": null, 
  "introduced_at": "2015-06-03", 
  "number": 368, 
  "purpose": "An amendment to reduce funding for FAA Operations by $25 million and to increase funding for Federal Railroad Administration Safety and Operations by a similar amount.", 
  "sponsor": {
    "bioguide_id": "L000562", 
    "district": "8", 
    "name": "Lynch, Stephen F.", 
    "state": "MA", 
    "thomas_id": "01686", 
    "title": "Rep", 
    "type": "person"
  }, 
  "status": "offered", 
  "status_at": "2015-06-03", 
  "updated_at": "2016-08-26T08:52:19Z"
}