{
  "actions": [
    {
      "acted_at": "2015-07-08T18:02:32-04:00", 
      "action_code": "H32111", 
      "how": "roll", 
      "references": [
        {
          "reference": "CR H4928-4929", 
          "type": "consideration"
        }
      ], 
      "result": "pass", 
      "roll": 416, 
      "text": "On agreeing to the Loebsack amendment (A040) Agreed to by recorded vote: 218 - 213 (Roll no. 416).", 
      "type": "vote", 
      "vote_type": "vote", 
      "where": "h"
    }, 
    {
      "acted_at": "2015-02-26T22:19:16-05:00", 
      "action_code": "H3A100", 
      "references": [
        {
          "reference": "CR H1295-1297", 
          "type": "consideration"
        }, 
        {
          "reference": "CR H1295-1296", 
          "type": "text"
        }
      ], 
      "text": "Amendment (A040) offered by Mr. Loebsack.", 
      "type": "action"
    }, 
    {
      "acted_at": "2015-02-26", 
      "action_code": "", 
      "references": [], 
      "text": "", 
      "type": "action"
    }, 
    {
      "acted_at": "2015-02-26", 
      "action_code": "71000", 
      "references": [], 
      "text": "House amendment offered", 
      "type": "action"
    }, 
    {
      "acted_at": "2015-02-26T22:19:16-05:00", 
      "action_code": "71500", 
      "references": [
        {
          "reference": "CR H1295-1297", 
          "type": "consideration"
        }, 
        {
          "reference": "CR H1295-1296", 
          "type": "text"
        }
      ], 
      "text": "House amendment offered/reported by : Amendment (A040) offered by Mr. Loebsack.", 
      "type": "action"
    }, 
    {
      "acted_at": "2015-07-08T18:02:32-04:00", 
      "action_code": "72000", 
      "references": [
        {
          "reference": "CR H4928-4929", 
          "type": "consideration"
        }
      ], 
      "text": "House amendment agreed to: On agreeing to the Loebsack amendment (A040) Agreed to by recorded vote: 218 - 213 (Roll no. 416).", 
      "type": "action"
    }, 
    {
      "acted_at": "2015-07-08T18:02:32-04:00", 
      "action_code": "75000", 
      "references": [], 
      "text": "Roll call votes on amendments in House", 
      "type": "action"
    }, 
    {
      "acted_at": "2015-07-08T18:02:32-04:00", 
      "action_code": "76000", 
      "references": [], 
      "text": "Amendment agreed to Committee of the Whole", 
      "type": "action"
    }
  ], 
  "amendment_id": "hamdt63-114", 
  "amendment_type": "hamdt", 
  "amends_amendment": null, 
  "amends_bill": {
    "bill_id": "hr5-114", 
    "bill_type": "hr", 
    "congress": 114, 
    "number": 5
  }, 
  "amends_treaty": null, 
  "chamber": "h", 
  "congress": "114", 
  "description": "Amendment inserts a new title to support the expansion of the use of digital learning through competitive grants to partnerships to implement and evaluate the results of technology-based learning practices, strategies, tools, or programs at rural schools.", 
  "introduced_at": "2015-02-26", 
  "number": 63, 
  "purpose": "An amendment No. 40 printed in part B of House Report 114-29 to support the expansion of the use of digital learning through competitive grants to partnerships to implement and evaluate the results of technology-based learning practices, strategies, tools, or programs at rural schools.", 
  "sponsor": {
    "bioguide_id": "L000565", 
    "district": "2", 
    "name": "Loebsack, David", 
    "state": "IA", 
    "thomas_id": "01846", 
    "title": "Rep", 
    "type": "person"
  }, 
  "status": "pass", 
  "status_at": "2015-07-08T18:02:32-04:00", 
  "updated_at": "2016-08-01T13:26:00Z"
}