{
  "actions": [
    {
      "acted_at": "2015-06-03T20:56:11-04:00", 
      "action_code": "H32111", 
      "how": "by voice vote", 
      "references": [], 
      "result": "pass", 
      "text": "On agreeing to the LoBiondo amendment (A010) Agreed to by voice vote.", 
      "type": "vote", 
      "vote_type": "vote", 
      "where": "h"
    }, 
    {
      "acted_at": "2015-06-03T20:53:27-04:00", 
      "action_code": "H3A100", 
      "references": [
        {
          "reference": "CR H3838", 
          "type": "consideration"
        }, 
        {
          "reference": "CR H3838", 
          "type": "text"
        }
      ], 
      "text": "Amendment (A010) offered by Mr. LoBiondo.", 
      "type": "action"
    }, 
    {
      "acted_at": "2015-06-03", 
      "action_code": "", 
      "references": [], 
      "text": "", 
      "type": "action"
    }, 
    {
      "acted_at": "2015-06-03", 
      "action_code": "71000", 
      "references": [], 
      "text": "House amendment offered", 
      "type": "action"
    }, 
    {
      "acted_at": "2015-06-03T20:53:27-04:00", 
      "action_code": "71500", 
      "references": [
        {
          "reference": "CR H3838", 
          "type": "consideration"
        }, 
        {
          "reference": "CR H3838", 
          "type": "text"
        }
      ], 
      "text": "House amendment offered/reported by : Amendment (A010) offered by Mr. LoBiondo.", 
      "type": "action"
    }, 
    {
      "acted_at": "2015-06-03T20:56:11-04:00", 
      "action_code": "72000", 
      "references": [], 
      "text": "House amendment agreed to: On agreeing to the LoBiondo amendment (A010) Agreed to by voice vote.", 
      "type": "action"
    }, 
    {
      "acted_at": "2015-06-03T20:56:11-04:00", 
      "action_code": "76000", 
      "references": [], 
      "text": "Amendment agreed to Committee of the Whole", 
      "type": "action"
    }
  ], 
  "amendment_id": "hamdt365-114", 
  "amendment_type": "hamdt", 
  "amends_amendment": null, 
  "amends_bill": {
    "bill_id": "hr2577-114", 
    "bill_type": "hr", 
    "congress": 114, 
    "number": 2577
  }, 
  "amends_treaty": null, 
  "chamber": "h", 
  "congress": "114", 
  "description": "Amendment transfers $3 million within the FAA to develop an integrated cybersecurity testbed to evaluate and certify all NextGen and National Airspace systems.", 
  "introduced_at": "2015-06-03", 
  "number": 365, 
  "purpose": "An amendment to reduce funding for FAA operations by $3 million and increase funding for Facilities and Equipment by a similar amount.", 
  "sponsor": {
    "bioguide_id": "L000554", 
    "district": "2", 
    "name": "LoBiondo, Frank A.", 
    "state": "NJ", 
    "thomas_id": "00699", 
    "title": "Rep", 
    "type": "person"
  }, 
  "status": "pass", 
  "status_at": "2015-06-03T20:56:11-04:00", 
  "updated_at": "2016-08-26T08:52:18Z"
}