{
  "actions": [
    {
      "acted_at": "2015-04-29T16:53:31-04:00", 
      "action_code": "H32140", 
      "references": [
        {
          "reference": "CR H2596", 
          "type": "consideration"
        }
      ], 
      "text": "By unanimous consent, the Brownley (CA) amendment was withdrawn.", 
      "type": "action"
    }, 
    {
      "acted_at": "2015-04-29T16:49:04-04:00", 
      "action_code": "H3A100", 
      "references": [
        {
          "reference": "CR H2595-2596", 
          "type": "consideration"
        }, 
        {
          "reference": "CR H2596", 
          "type": "text"
        }
      ], 
      "text": "Amendment (A012) offered by Ms. Brownley (CA).", 
      "type": "action"
    }, 
    {
      "acted_at": "2015-04-29", 
      "action_code": "", 
      "references": [], 
      "text": "", 
      "type": "action"
    }, 
    {
      "acted_at": "2015-04-29", 
      "action_code": "71000", 
      "references": [], 
      "text": "House amendment offered", 
      "type": "action"
    }, 
    {
      "acted_at": "2015-04-29T16:49:04-04:00", 
      "action_code": "71500", 
      "references": [
        {
          "reference": "CR H2595-2596", 
          "type": "consideration"
        }, 
        {
          "reference": "CR H2596", 
          "type": "text"
        }
      ], 
      "text": "House amendment offered/reported by : Amendment (A012) offered by Ms. Brownley (CA).", 
      "type": "action"
    }
  ], 
  "amendment_id": "hamdt119-114", 
  "amendment_type": "hamdt", 
  "amends_amendment": null, 
  "amends_bill": {
    "bill_id": "hr2029-114", 
    "bill_type": "hr", 
    "congress": 114, 
    "number": 2029
  }, 
  "amends_treaty": null, 
  "chamber": "h", 
  "congress": "114", 
  "description": null, 
  "introduced_at": "2015-04-29", 
  "number": 119, 
  "purpose": "An amendment in the Department of Veterans Affairs- Departmental Administration- Construction, Major Projects account, strike the aggregate dollar amount and insert $1,143,800,000.", 
  "sponsor": {
    "bioguide_id": "B001285", 
    "district": "26", 
    "name": "Brownley, Julia", 
    "state": "CA", 
    "thomas_id": "02106", 
    "title": "Rep", 
    "type": "person"
  }, 
  "status": "offered", 
  "status_at": "2015-04-29", 
  "updated_at": "2016-08-01T13:27:21Z"
}