{
  "actions": [
    {
      "acted_at": "2015-05-19T16:18:54-04:00", 
      "action_code": "H32111", 
      "how": "by voice vote", 
      "references": [], 
      "result": "pass", 
      "text": "On agreeing to the Flores amendment (A002) Agreed to by voice vote.", 
      "type": "vote", 
      "vote_type": "vote", 
      "where": "h"
    }, 
    {
      "acted_at": "2015-05-19T16:09:59-04:00", 
      "action_code": "H3A100", 
      "references": [
        {
          "reference": "CR H3354-3355", 
          "type": "consideration"
        }, 
        {
          "reference": "CR H3354", 
          "type": "text"
        }
      ], 
      "text": "Amendment (A002) offered by Mr. Flores.", 
      "type": "action"
    }, 
    {
      "acted_at": "2015-05-19", 
      "action_code": "", 
      "references": [], 
      "text": "", 
      "type": "action"
    }, 
    {
      "acted_at": "2015-05-19", 
      "action_code": "71000", 
      "references": [], 
      "text": "House amendment offered", 
      "type": "action"
    }, 
    {
      "acted_at": "2015-05-19T16:09:59-04:00", 
      "action_code": "71500", 
      "references": [
        {
          "reference": "CR H3354-3355", 
          "type": "consideration"
        }, 
        {
          "reference": "CR H3354", 
          "type": "text"
        }
      ], 
      "text": "House amendment offered/reported by : Amendment (A002) offered by Mr. Flores.", 
      "type": "action"
    }, 
    {
      "acted_at": "2015-05-19T16:18:54-04:00", 
      "action_code": "72000", 
      "references": [], 
      "text": "House amendment agreed to: On agreeing to the Flores amendment (A002) Agreed to by voice vote.", 
      "type": "action"
    }, 
    {
      "acted_at": "2015-05-19T16:18:54-04:00", 
      "action_code": "76000", 
      "references": [], 
      "text": "Amendment agreed to Committee of the Whole", 
      "type": "action"
    }
  ], 
  "amendment_id": "hamdt240-114", 
  "amendment_type": "hamdt", 
  "amends_amendment": null, 
  "amends_bill": {
    "bill_id": "hr2250-114", 
    "bill_type": "hr", 
    "congress": 114, 
    "number": 2250
  }, 
  "amends_treaty": null, 
  "chamber": "h", 
  "congress": "114", 
  "description": "At the end of the bill (before the short title), insert the following:    SEC.___. None of the funds made available by this Act may be used to deliver a printed copy of the Congressional Pictorial Directory to the office Member of the House of Representatives (including a Delegate or Resident Commissioner to the Congress).", 
  "introduced_at": "2015-05-19", 
  "number": 240, 
  "purpose": "An amendment numbered 2 printed in Part B of House Report 114-120 to prohibit any funds for delivering printed copies of the Congressional Pictorial Directory.", 
  "sponsor": {
    "bioguide_id": "F000461", 
    "district": "17", 
    "name": "Flores, Bill", 
    "state": "TX", 
    "thomas_id": "02065", 
    "title": "Rep", 
    "type": "person"
  }, 
  "status": "pass", 
  "status_at": "2015-05-19T16:18:54-04:00", 
  "updated_at": "2016-08-01T13:27:28Z"
}