{
  "actions": [
    {
      "acted_at": "2015-04-29T18:33:14-04:00", 
      "action_code": "H32111", 
      "how": "by voice vote", 
      "references": [], 
      "result": "pass", 
      "text": "On agreeing to the Babin amendment (A024) Agreed to by voice vote.", 
      "type": "vote", 
      "vote_type": "vote", 
      "where": "h"
    }, 
    {
      "acted_at": "2015-04-29T18:27:28-04:00", 
      "action_code": "H3A100", 
      "references": [
        {
          "reference": "CR H2609-2610", 
          "type": "consideration"
        }, 
        {
          "reference": "CR H2609", 
          "type": "text"
        }
      ], 
      "text": "Amendment (A024) offered by Mr. Babin.", 
      "type": "action"
    }, 
    {
      "acted_at": "2015-04-29", 
      "action_code": "", 
      "references": [], 
      "text": "", 
      "type": "action"
    }, 
    {
      "acted_at": "2015-04-29", 
      "action_code": "71000", 
      "references": [], 
      "text": "House amendment offered", 
      "type": "action"
    }, 
    {
      "acted_at": "2015-04-29T18:27:28-04:00", 
      "action_code": "71500", 
      "references": [
        {
          "reference": "CR H2609-2610", 
          "type": "consideration"
        }, 
        {
          "reference": "CR H2609", 
          "type": "text"
        }
      ], 
      "text": "House amendment offered/reported by : Amendment (A024) offered by Mr. Babin.", 
      "type": "action"
    }, 
    {
      "acted_at": "2015-04-29T18:33:14-04:00", 
      "action_code": "72000", 
      "references": [], 
      "text": "House amendment agreed to: On agreeing to the Babin amendment (A024) Agreed to by voice vote.", 
      "type": "action"
    }, 
    {
      "acted_at": "2015-04-29T18:33:14-04:00", 
      "action_code": "76000", 
      "references": [], 
      "text": "Amendment agreed to Committee of the Whole", 
      "type": "action"
    }
  ], 
  "amendment_id": "hamdt131-114", 
  "amendment_type": "hamdt", 
  "amends_amendment": null, 
  "amends_bill": {
    "bill_id": "hr2029-114", 
    "bill_type": "hr", 
    "congress": 114, 
    "number": 2029
  }, 
  "amends_treaty": null, 
  "chamber": "h", 
  "congress": "114", 
  "description": "At the end of the bill (before the short title), insert the following:    SEC.___. None of the funds made available by this Act may be used to carry out the Appraised Value Offer program of the Department of Veterans Affairs.", 
  "introduced_at": "2015-04-29", 
  "number": 131, 
  "purpose": "An amendment numbered 1 printed in the Congressional Record to prohibit the use of funds to carry out the Appraised Value Offer program of the Department of Veterans Affairs.", 
  "sponsor": {
    "bioguide_id": "B001291", 
    "district": "36", 
    "name": "Babin, Brian", 
    "state": "TX", 
    "thomas_id": "02270", 
    "title": "Rep", 
    "type": "person"
  }, 
  "status": "pass", 
  "status_at": "2015-04-29T18:33:14-04:00", 
  "updated_at": "2016-08-01T13:27:20Z"
}