{
  "actions": [
    {
      "acted_at": "2015-06-11T14:22:27-04:00", 
      "action_code": "H32111", 
      "how": "roll", 
      "references": [
        {
          "reference": "CR H4222", 
          "type": "consideration"
        }
      ], 
      "result": "fail", 
      "roll": 352, 
      "text": "On agreeing to the Gosar amendment (A051) Failed by recorded vote: 51 - 378 (Roll no. 352).", 
      "type": "vote", 
      "vote_type": "vote", 
      "where": "h"
    }, 
    {
      "acted_at": "2015-06-11T00:11:37-04:00", 
      "action_code": "H3A100", 
      "references": [
        {
          "reference": "CR 06/10/2015 H4122-4123", 
          "type": "consideration"
        }, 
        {
          "reference": "CR 06/10/2015 H4122", 
          "type": "text"
        }
      ], 
      "text": "Amendment (A051) offered by Mr. Gosar.", 
      "type": "action"
    }, 
    {
      "acted_at": "2015-06-11", 
      "action_code": "", 
      "references": [], 
      "text": "", 
      "type": "action"
    }, 
    {
      "acted_at": "2015-06-11", 
      "action_code": "71000", 
      "references": [], 
      "text": "House amendment offered", 
      "type": "action"
    }, 
    {
      "acted_at": "2015-06-11T00:11:37-04:00", 
      "action_code": "71500", 
      "references": [
        {
          "reference": "CR 06/10/2015 H4122-4123", 
          "type": "consideration"
        }, 
        {
          "reference": "CR 06/10/2015 H4122", 
          "type": "text"
        }
      ], 
      "text": "House amendment offered/reported by : Amendment (A051) offered by Mr. Gosar.", 
      "type": "action"
    }, 
    {
      "acted_at": "2015-06-11T14:22:27-04:00", 
      "action_code": "73000", 
      "references": [
        {
          "reference": "CR H4222", 
          "type": "consideration"
        }
      ], 
      "text": "House amendment not agreed to: On agreeing to the Gosar amendment (A051) Failed by recorded vote: 51 - 378 (Roll no. 352).", 
      "type": "action"
    }, 
    {
      "acted_at": "2015-06-11T14:22:27-04:00", 
      "action_code": "75000", 
      "references": [], 
      "text": "Roll call votes on amendments in House", 
      "type": "action"
    }, 
    {
      "acted_at": "2015-06-11T14:22:27-04:00", 
      "action_code": "77000", 
      "references": [], 
      "text": "Amendment failed in Committee of the Whole", 
      "type": "action"
    }
  ], 
  "amendment_id": "hamdt491-114", 
  "amendment_type": "hamdt", 
  "amends_amendment": null, 
  "amends_bill": {
    "bill_id": "hr2685-114", 
    "bill_type": "hr", 
    "congress": 114, 
    "number": 2685
  }, 
  "amends_treaty": null, 
  "chamber": "h", 
  "congress": "114", 
  "description": "At the end of the bill (before the short title), add the following:    SEC.___. None of the funds made available by this Act may be used to procure any Army Aircrew Combat Uniforms.", 
  "introduced_at": "2015-06-11", 
  "number": 491, 
  "purpose": "An amendment to prohibit use of funds to procure any Army Aircrew Combat Uniforms.", 
  "sponsor": {
    "bioguide_id": "G000565", 
    "district": "4", 
    "name": "Gosar, Paul A.", 
    "state": "AZ", 
    "thomas_id": "01992", 
    "title": "Rep", 
    "type": "person"
  }, 
  "status": "fail", 
  "status_at": "2015-06-11T14:22:27-04:00", 
  "updated_at": "2016-08-01T13:27:47Z"
}