{
  "actions": [
    {
      "acted_at": "2015-06-09T22:49:03-04:00", 
      "action_code": "H32111", 
      "how": "roll", 
      "references": [], 
      "result": "pass", 
      "roll": 321, 
      "text": "On agreeing to the Hultgren amendment (A064) Agreed to by recorded vote: 240 - 186 (Roll no. 321).", 
      "type": "vote", 
      "vote_type": "vote", 
      "where": "h"
    }, 
    {
      "acted_at": "2015-06-09T20:21:22-04:00", 
      "action_code": "H3A100", 
      "references": [
        {
          "reference": "CR H3977-3978, H3991-3992", 
          "type": "consideration"
        }, 
        {
          "reference": "CR H3977", 
          "type": "text"
        }
      ], 
      "text": "Amendment (A064) offered by Mr. Hultgren.", 
      "type": "action"
    }, 
    {
      "acted_at": "2015-06-09", 
      "action_code": "", 
      "references": [], 
      "text": "", 
      "type": "action"
    }, 
    {
      "acted_at": "2015-06-09", 
      "action_code": "71000", 
      "references": [], 
      "text": "House amendment offered", 
      "type": "action"
    }, 
    {
      "acted_at": "2015-06-09T20:21:22-04:00", 
      "action_code": "71500", 
      "references": [
        {
          "reference": "CR H3977-3978, H3991-3992", 
          "type": "consideration"
        }, 
        {
          "reference": "CR H3977", 
          "type": "text"
        }
      ], 
      "text": "House amendment offered/reported by : Amendment (A064) offered by Mr. Hultgren.", 
      "type": "action"
    }, 
    {
      "acted_at": "2015-06-09T22:49:03-04:00", 
      "action_code": "72000", 
      "references": [], 
      "text": "House amendment agreed to: On agreeing to the Hultgren amendment (A064) Agreed to by recorded vote: 240 - 186 (Roll no. 321).", 
      "type": "action"
    }, 
    {
      "acted_at": "2015-06-09T22:49:03-04:00", 
      "action_code": "75000", 
      "references": [], 
      "text": "Roll call votes on amendments in House", 
      "type": "action"
    }, 
    {
      "acted_at": "2015-06-09T22:49:03-04:00", 
      "action_code": "76000", 
      "references": [], 
      "text": "Amendment agreed to Committee of the Whole", 
      "type": "action"
    }
  ], 
  "amendment_id": "hamdt424-114", 
  "amendment_type": "hamdt", 
  "amends_amendment": null, 
  "amends_bill": {
    "bill_id": "hr2577-114", 
    "bill_type": "hr", 
    "congress": 114, 
    "number": 2577
  }, 
  "amends_treaty": null, 
  "chamber": "h", 
  "congress": "114", 
  "description": "At the end of the bill (before the short title), insert the following:    SEC.___. None of the funds made available by this Act may be used by the Federal Aviation Administration for the bio-data assessment in the hiring of the Air Traffic Control Specialists.", 
  "introduced_at": "2015-06-09", 
  "number": 424, 
  "purpose": "An amendment to prohibit the use of funds by the FAA for the bio-data assessment in hiring of Air Traffic Control Specialists.", 
  "sponsor": {
    "bioguide_id": "H001059", 
    "district": "14", 
    "name": "Hultgren, Randy", 
    "state": "IL", 
    "thomas_id": "02015", 
    "title": "Rep", 
    "type": "person"
  }, 
  "status": "pass", 
  "status_at": "2015-06-09T22:49:03-04:00", 
  "updated_at": "2016-08-26T08:52:18Z"
}