{
  "actions": [
    {
      "acted_at": "2015-06-10T18:35:06-04:00", 
      "action_code": "H32140", 
      "references": [
        {
          "reference": "CR H4072", 
          "type": "consideration"
        }
      ], 
      "text": "By unanimous consent, the Latta amendment was withdrawn.", 
      "type": "action"
    }, 
    {
      "acted_at": "2015-06-10T18:30:41-04:00", 
      "action_code": "H3A100", 
      "references": [
        {
          "reference": "CR H4072", 
          "type": "consideration"
        }, 
        {
          "reference": "CR H4072", 
          "type": "text"
        }
      ], 
      "text": "Amendment (A020) offered by Mr. Latta.", 
      "type": "action"
    }, 
    {
      "acted_at": "2015-06-10", 
      "action_code": "", 
      "references": [], 
      "text": "", 
      "type": "action"
    }, 
    {
      "acted_at": "2015-06-10", 
      "action_code": "71000", 
      "references": [], 
      "text": "House amendment offered", 
      "type": "action"
    }, 
    {
      "acted_at": "2015-06-10T18:30:41-04:00", 
      "action_code": "71500", 
      "references": [
        {
          "reference": "CR H4072", 
          "type": "consideration"
        }, 
        {
          "reference": "CR H4072", 
          "type": "text"
        }
      ], 
      "text": "House amendment offered/reported by : Amendment (A020) offered by Mr. Latta.", 
      "type": "action"
    }
  ], 
  "amendment_id": "hamdt460-114", 
  "amendment_type": "hamdt", 
  "amends_amendment": null, 
  "amends_bill": {
    "bill_id": "hr2685-114", 
    "bill_type": "hr", 
    "congress": 114, 
    "number": 2685
  }, 
  "amends_treaty": null, 
  "chamber": "h", 
  "congress": "114", 
  "description": null, 
  "introduced_at": "2015-06-10", 
  "number": 460, 
  "purpose": "An amendment to increase funding for Other Procurement, Air Force, by $35 million and to reduce funding for Research, Development, Test and Evaluation, Defense-Wide, facilities and equipment by $49 million.", 
  "sponsor": {
    "bioguide_id": "L000566", 
    "district": "5", 
    "name": "Latta, Robert E.", 
    "state": "OH", 
    "thomas_id": "01885", 
    "title": "Rep", 
    "type": "person"
  }, 
  "status": "offered", 
  "status_at": "2015-06-10", 
  "updated_at": "2016-08-01T13:27:47Z"
}