{
  "actions": [
    {
      "acted_at": "2015-04-29T16:29:14-04:00", 
      "action_code": "H32111", 
      "how": "by voice vote", 
      "references": [], 
      "result": "pass", 
      "text": "On agreeing to the Titus amendment (A006) Agreed to by voice vote.", 
      "type": "vote", 
      "vote_type": "vote", 
      "where": "h"
    }, 
    {
      "acted_at": "2015-04-29T16:24:47-04:00", 
      "action_code": "H3A100", 
      "references": [
        {
          "reference": "CR H2592", 
          "type": "consideration"
        }, 
        {
          "reference": "CR H2592", 
          "type": "text"
        }
      ], 
      "text": "Amendment (A006) offered by Ms. Titus.", 
      "type": "action"
    }, 
    {
      "acted_at": "2015-04-29", 
      "action_code": "", 
      "references": [], 
      "text": "", 
      "type": "action"
    }, 
    {
      "acted_at": "2015-04-29", 
      "action_code": "71000", 
      "references": [], 
      "text": "House amendment offered", 
      "type": "action"
    }, 
    {
      "acted_at": "2015-04-29T16:24:47-04:00", 
      "action_code": "71500", 
      "references": [
        {
          "reference": "CR H2592", 
          "type": "consideration"
        }, 
        {
          "reference": "CR H2592", 
          "type": "text"
        }
      ], 
      "text": "House amendment offered/reported by : Amendment (A006) offered by Ms. Titus.", 
      "type": "action"
    }, 
    {
      "acted_at": "2015-04-29T16:29:14-04:00", 
      "action_code": "72000", 
      "references": [], 
      "text": "House amendment agreed to: On agreeing to the Titus amendment (A006) Agreed to by voice vote.", 
      "type": "action"
    }, 
    {
      "acted_at": "2015-04-29T16:29:14-04:00", 
      "action_code": "76000", 
      "references": [], 
      "text": "Amendment agreed to Committee of the Whole", 
      "type": "action"
    }
  ], 
  "amendment_id": "hamdt113-114", 
  "amendment_type": "hamdt", 
  "amends_amendment": null, 
  "amends_bill": {
    "bill_id": "hr2029-114", 
    "bill_type": "hr", 
    "congress": 114, 
    "number": 2029
  }, 
  "amends_treaty": null, 
  "chamber": "h", 
  "congress": "114", 
  "description": "Amendment encourages the VA to fill two unfunded data collection and analysis positions in the Center for Women Veterans.", 
  "introduced_at": "2015-04-29", 
  "number": 113, 
  "purpose": "An amendment to reduce then increase funds for the womens health center within the VHA by $500,000.", 
  "sponsor": {
    "bioguide_id": "T000468", 
    "district": "1", 
    "name": "Titus, Dina", 
    "state": "NV", 
    "thomas_id": "01940", 
    "title": "Rep", 
    "type": "person"
  }, 
  "status": "pass", 
  "status_at": "2015-04-29T16:29:14-04:00", 
  "updated_at": "2016-08-01T13:27:21Z"
}