{
  "actions": [
    {
      "acted_at": "2015-06-03T02:03:53-04:00", 
      "action_code": "H32111", 
      "how": "by voice vote", 
      "references": [], 
      "result": "pass", 
      "text": "On agreeing to the Scott, Austin amendment (A071) Agreed to by voice vote.", 
      "type": "vote", 
      "vote_type": "vote", 
      "where": "h"
    }, 
    {
      "acted_at": "2015-06-03T01:59:09-04:00", 
      "action_code": "H3A100", 
      "references": [
        {
          "reference": "CR H3754-3755", 
          "type": "consideration"
        }, 
        {
          "reference": "CR H3754", 
          "type": "text"
        }
      ], 
      "text": "Amendment (A071) offered by Mr. Scott, Austin.", 
      "type": "action"
    }, 
    {
      "acted_at": "2015-06-03", 
      "action_code": "", 
      "references": [], 
      "text": "", 
      "type": "action"
    }, 
    {
      "acted_at": "2015-06-03", 
      "action_code": "71000", 
      "references": [], 
      "text": "House amendment offered", 
      "type": "action"
    }, 
    {
      "acted_at": "2015-06-03T01:59:09-04:00", 
      "action_code": "71500", 
      "references": [
        {
          "reference": "CR H3754-3755", 
          "type": "consideration"
        }, 
        {
          "reference": "CR H3754", 
          "type": "text"
        }
      ], 
      "text": "House amendment offered/reported by : Amendment (A071) offered by Mr. Scott, Austin.", 
      "type": "action"
    }, 
    {
      "acted_at": "2015-06-03T02:03:53-04:00", 
      "action_code": "72000", 
      "references": [], 
      "text": "House amendment agreed to: On agreeing to the Scott, Austin amendment (A071) Agreed to by voice vote.", 
      "type": "action"
    }, 
    {
      "acted_at": "2015-06-03T02:03:53-04:00", 
      "action_code": "76000", 
      "references": [], 
      "text": "Amendment agreed to Committee of the Whole", 
      "type": "action"
    }
  ], 
  "amendment_id": "hamdt339-114", 
  "amendment_type": "hamdt", 
  "amends_amendment": null, 
  "amends_bill": {
    "bill_id": "hr2578-114", 
    "bill_type": "hr", 
    "congress": 114, 
    "number": 2578
  }, 
  "amends_treaty": null, 
  "chamber": "h", 
  "congress": "114", 
  "description": "Amendment prohibits the use of funds by NOAA to enforce 1) amendment 40 to the Fishery Management Plan for the Reef Fish Resources of the Gulf of Mexico published in the Federal Register on April 22, 2015; or 2) Red Snapper Management Measures published in the Federal Register. Amendment also provides that recreational fisherman should receive at least 20 percent of the number of days as commercial fisherman receive to fish for red snapper in the Gulf of Mexico.", 
  "introduced_at": "2015-06-03", 
  "number": 339, 
  "purpose": "An amendment to prohibit the use of funds by the NOAA to enforce: 1) Amendment 40 to the Fishery Management Plan for the Reef Fish Resources of the Gulf of Mexico published in the Federal Register on April 22, 2015 or 2) Red Snapper in federal waters of the Gulf of Mexico lasting longer than 5 times the number of days recreational fishers are allowed to catch and retain at least two such fish each day in such federal waters.", 
  "sponsor": {
    "bioguide_id": "S001189", 
    "district": "8", 
    "name": "Scott, Austin", 
    "state": "GA", 
    "thomas_id": "02009", 
    "title": "Rep", 
    "type": "person"
  }, 
  "status": "pass", 
  "status_at": "2015-06-03T02:03:53-04:00", 
  "updated_at": "2016-08-01T13:27:41Z"
}