{
  "actions": [
    {
      "acted_at": "2015-06-10T18:18:43-04:00", 
      "action_code": "H32140", 
      "references": [
        {
          "reference": "CR H4069", 
          "type": "consideration"
        }
      ], 
      "text": "By unanimous consent, the Lamborn amendment was withdrawn.", 
      "type": "action"
    }, 
    {
      "acted_at": "2015-06-10T18:15:52-04:00", 
      "action_code": "H3A100", 
      "references": [
        {
          "reference": "CR H4068-4069", 
          "type": "consideration"
        }, 
        {
          "reference": "CR H4068", 
          "type": "text"
        }
      ], 
      "text": "Amendment (A018) offered by Mr. Lamborn.", 
      "type": "action"
    }, 
    {
      "acted_at": "2015-06-10", 
      "action_code": "", 
      "references": [], 
      "text": "", 
      "type": "action"
    }, 
    {
      "acted_at": "2015-06-10", 
      "action_code": "71000", 
      "references": [], 
      "text": "House amendment offered", 
      "type": "action"
    }, 
    {
      "acted_at": "2015-06-10T18:15:52-04:00", 
      "action_code": "71500", 
      "references": [
        {
          "reference": "CR H4068-4069", 
          "type": "consideration"
        }, 
        {
          "reference": "CR H4068", 
          "type": "text"
        }
      ], 
      "text": "House amendment offered/reported by : Amendment (A018) offered by Mr. Lamborn.", 
      "type": "action"
    }
  ], 
  "amendment_id": "hamdt458-114", 
  "amendment_type": "hamdt", 
  "amends_amendment": null, 
  "amends_bill": {
    "bill_id": "hr2685-114", 
    "bill_type": "hr", 
    "congress": 114, 
    "number": 2685
  }, 
  "amends_treaty": null, 
  "chamber": "h", 
  "congress": "114", 
  "description": null, 
  "introduced_at": "2015-06-10", 
  "number": 458, 
  "purpose": "An amendment to reduce funding for Environmental Restoration, Navy, by $10,290,000 and increase funding for Research, Development, Test and Evaluation, Defense-Wide by a similar amount.", 
  "sponsor": {
    "bioguide_id": "L000564", 
    "district": "5", 
    "name": "Lamborn, Doug", 
    "state": "CO", 
    "thomas_id": "01834", 
    "title": "Rep", 
    "type": "person"
  }, 
  "status": "offered", 
  "status_at": "2015-06-10", 
  "updated_at": "2016-08-01T13:27:47Z"
}