{
  "actions": [
    {
      "acted_at": "2015-05-12T17:20:20-04:00", 
      "action_code": "H32111", 
      "how": "by voice vote", 
      "references": [], 
      "result": "pass", 
      "text": "On agreeing to the Kildee amendment (A002) Agreed to by voice vote.", 
      "type": "vote", 
      "vote_type": "vote", 
      "where": "h"
    }, 
    {
      "acted_at": "2015-05-12T17:13:02-04:00", 
      "action_code": "H3A100", 
      "references": [
        {
          "reference": "CR H2839", 
          "type": "consideration"
        }, 
        {
          "reference": "CR H2839", 
          "type": "text"
        }
      ], 
      "text": "Amendment (A002) offered by Mr. Kildee.", 
      "type": "action"
    }, 
    {
      "acted_at": "2015-05-12", 
      "action_code": "", 
      "references": [], 
      "text": "", 
      "type": "action"
    }, 
    {
      "acted_at": "2015-05-12", 
      "action_code": "71000", 
      "references": [], 
      "text": "House amendment offered", 
      "type": "action"
    }, 
    {
      "acted_at": "2015-05-12T17:13:02-04:00", 
      "action_code": "71500", 
      "references": [
        {
          "reference": "CR H2839", 
          "type": "consideration"
        }, 
        {
          "reference": "CR H2839", 
          "type": "text"
        }
      ], 
      "text": "House amendment offered/reported by : Amendment (A002) offered by Mr. Kildee.", 
      "type": "action"
    }, 
    {
      "acted_at": "2015-05-12T17:20:20-04:00", 
      "action_code": "72000", 
      "references": [], 
      "text": "House amendment agreed to: On agreeing to the Kildee amendment (A002) Agreed to by voice vote.", 
      "type": "action"
    }, 
    {
      "acted_at": "2015-05-12T17:20:20-04:00", 
      "action_code": "76000", 
      "references": [], 
      "text": "Amendment agreed to Committee of the Whole", 
      "type": "action"
    }
  ], 
  "amendment_id": "hamdt213-114", 
  "amendment_type": "hamdt", 
  "amends_amendment": null, 
  "amends_bill": {
    "bill_id": "hr1732-114", 
    "bill_type": "hr", 
    "congress": 114, 
    "number": 1732
  }, 
  "amends_treaty": null, 
  "chamber": "h", 
  "congress": "114", 
  "description": "Amendment gives a state two years to become compliant with the new waters definition of the U.S. rule in order to protect a state from automatically losing its state permitting programs through the Clean Water Act because of the new rule.", 
  "introduced_at": "2015-05-12", 
  "number": 213, 
  "purpose": "An amendment numbered 2 printed in Part B of House Report 114-231 to give a state two years to become compliant with the new waters of the U.S. rule in order to protect a state from automatically losing their state permitting programs through the Clean Water Act because of the new rule.", 
  "sponsor": {
    "bioguide_id": "K000380", 
    "district": "5", 
    "name": "Kildee, Daniel T.", 
    "state": "MI", 
    "thomas_id": "02134", 
    "title": "Rep", 
    "type": "person"
  }, 
  "status": "pass", 
  "status_at": "2015-05-12T17:20:20-04:00", 
  "updated_at": "2016-08-01T13:27:05Z"
}