{
  "actions": [
    {
      "acted_at": "2015-06-02T22:37:41-04:00", 
      "action_code": "H32111", 
      "how": "by voice vote", 
      "references": [], 
      "result": "pass", 
      "text": "On agreeing to the Poe (TX) amendment (A048) Agreed to by voice vote.", 
      "type": "vote", 
      "vote_type": "vote", 
      "where": "h"
    }, 
    {
      "acted_at": "2015-06-02T22:27:15-04:00", 
      "action_code": "H3A100", 
      "references": [
        {
          "reference": "CR H3730-3732", 
          "type": "consideration"
        }, 
        {
          "reference": "CR H3730", 
          "type": "text"
        }
      ], 
      "text": "Amendment (A048) offered by Mr. Poe (TX).", 
      "type": "action"
    }, 
    {
      "acted_at": "2015-06-02", 
      "action_code": "", 
      "references": [], 
      "text": "", 
      "type": "action"
    }, 
    {
      "acted_at": "2015-06-02", 
      "action_code": "71000", 
      "references": [], 
      "text": "House amendment offered", 
      "type": "action"
    }, 
    {
      "acted_at": "2015-06-02T22:27:15-04:00", 
      "action_code": "71500", 
      "references": [
        {
          "reference": "CR H3730-3732", 
          "type": "consideration"
        }, 
        {
          "reference": "CR H3730", 
          "type": "text"
        }
      ], 
      "text": "House amendment offered/reported by : Amendment (A048) offered by Mr. Poe (TX).", 
      "type": "action"
    }, 
    {
      "acted_at": "2015-06-02T22:37:41-04:00", 
      "action_code": "72000", 
      "references": [], 
      "text": "House amendment agreed to: On agreeing to the Poe (TX) amendment (A048) Agreed to by voice vote.", 
      "type": "action"
    }, 
    {
      "acted_at": "2015-06-02T22:37:41-04:00", 
      "action_code": "76000", 
      "references": [], 
      "text": "Amendment agreed to Committee of the Whole", 
      "type": "action"
    }
  ], 
  "amendment_id": "hamdt316-114", 
  "amendment_type": "hamdt", 
  "amends_amendment": null, 
  "amends_bill": {
    "bill_id": "hr2578-114", 
    "bill_type": "hr", 
    "congress": 114, 
    "number": 2578
  }, 
  "amends_treaty": null, 
  "chamber": "h", 
  "congress": "114", 
  "description": "At the end of the bill (before the short title), insert the following:    SEC.___. None of the funds made available in this Act may be used to enforce section 221 of title 13, United States Code, with respect to the survey, conducted by the Secretary of Commerce, commonly referred to as the \"American Community Survey\".", 
  "introduced_at": "2015-06-02", 
  "number": 316, 
  "purpose": "An amendment to prohibit the use of funds to enforce section 221 of title 13, United States Code, with respect to the survey, conducted by the Secretary of Commerce, commonly referred to as the \"American Community Survey\".", 
  "sponsor": {
    "bioguide_id": "P000592", 
    "district": "2", 
    "name": "Poe, Ted", 
    "state": "TX", 
    "thomas_id": "01802", 
    "title": "Rep", 
    "type": "person"
  }, 
  "status": "pass", 
  "status_at": "2015-06-02T22:37:41-04:00", 
  "updated_at": "2016-08-01T13:27:41Z"
}