{
  "actions": [
    {
      "acted_at": "2015-01-06T14:32:38-05:00", 
      "action_code": "H34111", 
      "how": "by voice vote", 
      "references": [], 
      "result": "fail", 
      "text": "On agreeing to the Becerra amendment (A001) Failed by voice vote.", 
      "type": "vote", 
      "vote_type": "vote", 
      "where": "h"
    }, 
    {
      "acted_at": "2015-01-06T14:32:35-05:00", 
      "action_code": "H3A100", 
      "references": [
        {
          "reference": "CR H6", 
          "type": "consideration"
        }, 
        {
          "reference": "CR H6", 
          "type": "text"
        }
      ], 
      "text": "Amendment (A001) offered by Mr. Becerra.", 
      "type": "action"
    }, 
    {
      "acted_at": "2015-01-06", 
      "action_code": "", 
      "references": [], 
      "text": "", 
      "type": "action"
    }, 
    {
      "acted_at": "2015-01-06", 
      "action_code": "71000", 
      "references": [], 
      "text": "House amendment offered", 
      "type": "action"
    }, 
    {
      "acted_at": "2015-01-06T14:32:35-05:00", 
      "action_code": "71500", 
      "references": [
        {
          "reference": "CR H6", 
          "type": "consideration"
        }, 
        {
          "reference": "CR H6", 
          "type": "text"
        }
      ], 
      "text": "House amendment offered/reported by : Amendment (A001) offered by Mr. Becerra.", 
      "type": "action"
    }, 
    {
      "acted_at": "2015-01-06T14:32:38-05:00", 
      "action_code": "73000", 
      "references": [], 
      "text": "House amendment not agreed to: On agreeing to the Becerra amendment (A001) Failed by voice vote.", 
      "type": "action"
    }, 
    {
      "acted_at": "2015-01-06T14:32:38-05:00", 
      "action_code": "80000", 
      "references": [], 
      "text": "Amendment failed by House: On agreeing to the Becerra amendment (A001) Failed by voice vote.", 
      "type": "action"
    }
  ], 
  "amendment_id": "hamdt1-114", 
  "amendment_type": "hamdt", 
  "amends_amendment": null, 
  "amends_bill": {
    "bill_id": "hres1-114", 
    "bill_type": "hres", 
    "congress": 114, 
    "number": 1
  }, 
  "amends_treaty": null, 
  "chamber": "h", 
  "congress": "114", 
  "description": "Amendment sought to nominate Democrat candidates for Officers of the House.", 
  "introduced_at": "2015-01-06", 
  "number": 1, 
  "purpose": null, 
  "sponsor": {
    "bioguide_id": "B000287", 
    "district": "34", 
    "name": "Becerra, Xavier", 
    "state": "CA", 
    "thomas_id": "00070", 
    "title": "Rep", 
    "type": "person"
  }, 
  "status": "fail", 
  "status_at": "2015-01-06T14:32:38-05:00", 
  "updated_at": "2016-08-01T13:25:29Z"
}