{
  "actions": [
    {
      "acted_at": "2015-02-26T19:47:57-05:00", 
      "action_code": "H32111", 
      "how": "by voice vote", 
      "references": [], 
      "result": "pass", 
      "text": "On agreeing to the Delaney amendment (A015) Agreed to by voice vote.", 
      "type": "vote", 
      "vote_type": "vote", 
      "where": "h"
    }, 
    {
      "acted_at": "2015-02-26T19:36:55-05:00", 
      "action_code": "H3A100", 
      "references": [
        {
          "reference": "CR H1270-1271", 
          "type": "consideration"
        }, 
        {
          "reference": "CR H1270", 
          "type": "text"
        }
      ], 
      "text": "Amendment (A015) offered by Mr. Delaney.", 
      "type": "action"
    }, 
    {
      "acted_at": "2015-02-26", 
      "action_code": "", 
      "references": [], 
      "text": "", 
      "type": "action"
    }, 
    {
      "acted_at": "2015-02-26", 
      "action_code": "71000", 
      "references": [], 
      "text": "House amendment offered", 
      "type": "action"
    }, 
    {
      "acted_at": "2015-02-26T19:36:55-05:00", 
      "action_code": "71500", 
      "references": [
        {
          "reference": "CR H1270-1271", 
          "type": "consideration"
        }, 
        {
          "reference": "CR H1270", 
          "type": "text"
        }
      ], 
      "text": "House amendment offered/reported by : Amendment (A015) offered by Mr. Delaney.", 
      "type": "action"
    }, 
    {
      "acted_at": "2015-02-26T19:47:57-05:00", 
      "action_code": "72000", 
      "references": [], 
      "text": "House amendment agreed to: On agreeing to the Delaney amendment (A015) Agreed to by voice vote.", 
      "type": "action"
    }, 
    {
      "acted_at": "2015-02-26T19:47:57-05:00", 
      "action_code": "76000", 
      "references": [], 
      "text": "Amendment agreed to Committee of the Whole", 
      "type": "action"
    }
  ], 
  "amendment_id": "hamdt38-114", 
  "amendment_type": "hamdt", 
  "amends_amendment": null, 
  "amends_bill": {
    "bill_id": "hr5-114", 
    "bill_type": "hr", 
    "congress": 114, 
    "number": 5
  }, 
  "amends_treaty": null, 
  "chamber": "h", 
  "congress": "114", 
  "description": "Amendment makes \"Pay For Success\" initiatives an allowable use of funds for States and Local Educational Agencies to improve outcomes and save money by training and supporting teachers.", 
  "introduced_at": "2015-02-26", 
  "number": 38, 
  "purpose": "An amendment numbered 15 printed in Part B of House Report 114-29 to \"Makes Pay For Success\" initiatives an allowable use of funds for States and Local Educational Agencies to improve outcomes and save money by training and supporting teachers.", 
  "sponsor": {
    "bioguide_id": "D000620", 
    "district": "6", 
    "name": "Delaney, John K.", 
    "state": "MD", 
    "thomas_id": "02133", 
    "title": "Rep", 
    "type": "person"
  }, 
  "status": "pass", 
  "status_at": "2015-02-26T19:47:57-05:00", 
  "updated_at": "2016-08-01T13:26:00Z"
}