{
  "actions": [
    {
      "acted_at": "2015-06-03T22:39:23-04:00", 
      "action_code": "H32111", 
      "how": "by voice vote", 
      "references": [], 
      "result": "fail", 
      "text": "On agreeing to the Grothman amendment (A024) Failed by voice vote.", 
      "type": "vote", 
      "vote_type": "vote", 
      "where": "h"
    }, 
    {
      "acted_at": "2015-06-03T22:33:48-04:00", 
      "action_code": "H3A100", 
      "references": [
        {
          "reference": "CR H3852-3853", 
          "type": "consideration"
        }, 
        {
          "reference": "CR H3852", 
          "type": "text"
        }
      ], 
      "text": "Amendment (A024) offered by Mr. Grothman.", 
      "type": "action"
    }, 
    {
      "acted_at": "2015-06-03", 
      "action_code": "", 
      "references": [], 
      "text": "", 
      "type": "action"
    }, 
    {
      "acted_at": "2015-06-03", 
      "action_code": "71000", 
      "references": [], 
      "text": "House amendment offered", 
      "type": "action"
    }, 
    {
      "acted_at": "2015-06-03T22:33:48-04:00", 
      "action_code": "71500", 
      "references": [
        {
          "reference": "CR H3852-3853", 
          "type": "consideration"
        }, 
        {
          "reference": "CR H3852", 
          "type": "text"
        }
      ], 
      "text": "House amendment offered/reported by : Amendment (A024) offered by Mr. Grothman.", 
      "type": "action"
    }, 
    {
      "acted_at": "2015-06-03T22:39:23-04:00", 
      "action_code": "73000", 
      "references": [], 
      "text": "House amendment not agreed to: On agreeing to the Grothman amendment (A024) Failed by voice vote.", 
      "type": "action"
    }, 
    {
      "acted_at": "2015-06-03T22:39:23-04:00", 
      "action_code": "77000", 
      "references": [], 
      "text": "Amendment failed in Committee of the Whole", 
      "type": "action"
    }
  ], 
  "amendment_id": "hamdt379-114", 
  "amendment_type": "hamdt", 
  "amends_amendment": null, 
  "amends_bill": {
    "bill_id": "hr2577-114", 
    "bill_type": "hr", 
    "congress": 114, 
    "number": 2577
  }, 
  "amends_treaty": null, 
  "chamber": "h", 
  "congress": "114", 
  "description": "Amendment sought to reduce funding for the Capital Investment Grants by $230 million and apply the savings to the spending reduction account.", 
  "introduced_at": "2015-06-03", 
  "number": 379, 
  "purpose": "An amendment to reduce funding for the Capital Investment Grants by $230,000,000 and to apply the savings to the spending reduction account.", 
  "sponsor": {
    "bioguide_id": "G000576", 
    "district": "6", 
    "name": "Grothman, Glenn", 
    "state": "WI", 
    "thomas_id": "02276", 
    "title": "Rep", 
    "type": "person"
  }, 
  "status": "fail", 
  "status_at": "2015-06-03T22:39:23-04:00", 
  "updated_at": "2016-08-26T08:52:19Z"
}