{
  "actions": [
    {
      "acted_at": "2015-06-09T20:07:53-04:00", 
      "action_code": "H32111", 
      "how": "by voice vote", 
      "references": [], 
      "result": "pass", 
      "text": "On agreeing to the Jackson Lee amendment (A061) Agreed to by voice vote.", 
      "type": "vote", 
      "vote_type": "vote", 
      "where": "h"
    }, 
    {
      "acted_at": "2015-06-09T20:04:31-04:00", 
      "action_code": "H3A100", 
      "references": [
        {
          "reference": "CR H3973-3975", 
          "type": "consideration"
        }, 
        {
          "reference": "CR H3973", 
          "type": "text"
        }
      ], 
      "text": "Amendment (A061) offered by Ms. Jackson Lee.", 
      "type": "action"
    }, 
    {
      "acted_at": "2015-06-09", 
      "action_code": "", 
      "references": [], 
      "text": "", 
      "type": "action"
    }, 
    {
      "acted_at": "2015-06-09", 
      "action_code": "71000", 
      "references": [], 
      "text": "House amendment offered", 
      "type": "action"
    }, 
    {
      "acted_at": "2015-06-09T20:04:31-04:00", 
      "action_code": "71500", 
      "references": [
        {
          "reference": "CR H3973-3975", 
          "type": "consideration"
        }, 
        {
          "reference": "CR H3973", 
          "type": "text"
        }
      ], 
      "text": "House amendment offered/reported by : Amendment (A061) offered by Ms. Jackson Lee.", 
      "type": "action"
    }, 
    {
      "acted_at": "2015-06-09T20:07:53-04:00", 
      "action_code": "72000", 
      "references": [], 
      "text": "House amendment agreed to: On agreeing to the Jackson Lee amendment (A061) Agreed to by voice vote.", 
      "type": "action"
    }, 
    {
      "acted_at": "2015-06-09T20:07:53-04:00", 
      "action_code": "76000", 
      "references": [], 
      "text": "Amendment agreed to Committee of the Whole", 
      "type": "action"
    }
  ], 
  "amendment_id": "hamdt421-114", 
  "amendment_type": "hamdt", 
  "amends_amendment": null, 
  "amends_bill": {
    "bill_id": "hr2577-114", 
    "bill_type": "hr", 
    "congress": 114, 
    "number": 2577
  }, 
  "amends_treaty": null, 
  "chamber": "h", 
  "congress": "114", 
  "description": "Amendment provides that the Secretary may make grants to State and local authorities for the purpose of undertaking capital projects.", 
  "introduced_at": "2015-06-09", 
  "number": 421, 
  "purpose": "An amendment numbered 16 printed in the Congressional Record to prohibit the use of funds in contravention of section 5309 of title 49, United States Code.", 
  "sponsor": {
    "bioguide_id": "J000032", 
    "district": "18", 
    "name": "Jackson Lee, Sheila", 
    "state": "TX", 
    "thomas_id": "00588", 
    "title": "Rep", 
    "type": "person"
  }, 
  "status": "pass", 
  "status_at": "2015-06-09T20:07:53-04:00", 
  "updated_at": "2016-08-26T08:52:18Z"
}