{
  "actions": [
    {
      "acted_at": "2015-06-03T22:04:54-04:00", 
      "action_code": "H32111", 
      "how": "by voice vote", 
      "references": [], 
      "result": "pass", 
      "text": "On agreeing to the Titus amendment (A019) Agreed to by voice vote.", 
      "type": "vote", 
      "vote_type": "vote", 
      "where": "h"
    }, 
    {
      "acted_at": "2015-06-03T21:59:24-04:00", 
      "action_code": "H3A100", 
      "references": [
        {
          "reference": "CR H3848", 
          "type": "consideration"
        }, 
        {
          "reference": "CR H3848", 
          "type": "text"
        }
      ], 
      "text": "Amendment (A019) offered by Ms. Titus.", 
      "type": "action"
    }, 
    {
      "acted_at": "2015-06-03", 
      "action_code": "", 
      "references": [], 
      "text": "", 
      "type": "action"
    }, 
    {
      "acted_at": "2015-06-03", 
      "action_code": "71000", 
      "references": [], 
      "text": "House amendment offered", 
      "type": "action"
    }, 
    {
      "acted_at": "2015-06-03T21:59:24-04:00", 
      "action_code": "71500", 
      "references": [
        {
          "reference": "CR H3848", 
          "type": "consideration"
        }, 
        {
          "reference": "CR H3848", 
          "type": "text"
        }
      ], 
      "text": "House amendment offered/reported by : Amendment (A019) offered by Ms. Titus.", 
      "type": "action"
    }, 
    {
      "acted_at": "2015-06-03T22:04:54-04:00", 
      "action_code": "72000", 
      "references": [], 
      "text": "House amendment agreed to: On agreeing to the Titus amendment (A019) Agreed to by voice vote.", 
      "type": "action"
    }, 
    {
      "acted_at": "2015-06-03T22:04:54-04:00", 
      "action_code": "76000", 
      "references": [], 
      "text": "Amendment agreed to Committee of the Whole", 
      "type": "action"
    }
  ], 
  "amendment_id": "hamdt374-114", 
  "amendment_type": "hamdt", 
  "amends_amendment": null, 
  "amends_bill": {
    "bill_id": "hr2577-114", 
    "bill_type": "hr", 
    "congress": 114, 
    "number": 2577
  }, 
  "amends_treaty": null, 
  "chamber": "h", 
  "congress": "114", 
  "description": "Amendment redirects $1 million in funding within the Operating Grants to the National Railroad Passenger Corporation for the purpose of developing passenger rail service in the Las Vegas area.", 
  "introduced_at": "2015-06-03", 
  "number": 374, 
  "purpose": "An amendment to redirect $1 million in funding within the Operating Grants to the National Railroad Passenger Corporation.", 
  "sponsor": {
    "bioguide_id": "T000468", 
    "district": "1", 
    "name": "Titus, Dina", 
    "state": "NV", 
    "thomas_id": "01940", 
    "title": "Rep", 
    "type": "person"
  }, 
  "status": "pass", 
  "status_at": "2015-06-03T22:04:54-04:00", 
  "updated_at": "2016-08-26T08:52:19Z"
}