{
  "actions": [
    {
      "acted_at": "2015-01-13T17:02:13-05:00", 
      "action_code": "H32111", 
      "how": "roll", 
      "references": [], 
      "result": "fail", 
      "roll": 25, 
      "text": "On agreeing to the Jackson Lee amendment (A003) Failed by recorded vote: 176 - 249 (Roll no. 25).", 
      "type": "vote", 
      "vote_type": "vote", 
      "where": "h"
    }, 
    {
      "acted_at": "2015-01-13T16:06:55-05:00", 
      "action_code": "H3A100", 
      "references": [
        {
          "reference": "CR H263-266, H268-269", 
          "type": "consideration"
        }, 
        {
          "reference": "CR H263-264", 
          "type": "text"
        }
      ], 
      "text": "Amendment (A003) offered by Ms. Jackson Lee.", 
      "type": "action"
    }, 
    {
      "acted_at": "2015-01-13", 
      "action_code": "", 
      "references": [], 
      "text": "", 
      "type": "action"
    }, 
    {
      "acted_at": "2015-01-13", 
      "action_code": "71000", 
      "references": [], 
      "text": "House amendment offered", 
      "type": "action"
    }, 
    {
      "acted_at": "2015-01-13T16:06:55-05:00", 
      "action_code": "71500", 
      "references": [
        {
          "reference": "CR H263-266, H268-269", 
          "type": "consideration"
        }, 
        {
          "reference": "CR H263-264", 
          "type": "text"
        }
      ], 
      "text": "House amendment offered/reported by : Amendment (A003) offered by Ms. Jackson Lee.", 
      "type": "action"
    }, 
    {
      "acted_at": "2015-01-13T17:02:13-05:00", 
      "action_code": "73000", 
      "references": [], 
      "text": "House amendment not agreed to: On agreeing to the Jackson Lee amendment (A003) Failed by recorded vote: 176 - 249 (Roll no. 25).", 
      "type": "action"
    }, 
    {
      "acted_at": "2015-01-13T17:02:13-05:00", 
      "action_code": "75000", 
      "references": [], 
      "text": "Roll call votes on amendments in House", 
      "type": "action"
    }, 
    {
      "acted_at": "2015-01-13T17:02:13-05:00", 
      "action_code": "77000", 
      "references": [], 
      "text": "Amendment failed in Committee of the Whole", 
      "type": "action"
    }
  ], 
  "amendment_id": "hamdt4-114", 
  "amendment_type": "hamdt", 
  "amends_amendment": null, 
  "amends_bill": {
    "bill_id": "hr185-114", 
    "bill_type": "hr", 
    "congress": 114, 
    "number": 185
  }, 
  "amends_treaty": null, 
  "chamber": "h", 
  "congress": "114", 
  "description": "Amendment sought to exempt from the bill all rules promulgated by the Department of Homeland Security.", 
  "introduced_at": "2015-01-13", 
  "number": 4, 
  "purpose": null, 
  "sponsor": {
    "bioguide_id": "J000032", 
    "district": "18", 
    "name": "Jackson Lee, Sheila", 
    "state": "TX", 
    "thomas_id": "00588", 
    "title": "Rep", 
    "type": "person"
  }, 
  "status": "fail", 
  "status_at": "2015-01-13T17:02:13-05:00", 
  "updated_at": "2016-08-01T13:26:10Z"
}