{
  "actions": [
    {
      "acted_at": "2015-02-26T20:27:27-05:00", 
      "action_code": "H32111", 
      "how": "by voice vote", 
      "references": [], 
      "result": "pass", 
      "text": "On agreeing to the Kelly (IL) amendment (A022) Agreed to by voice vote.", 
      "type": "vote", 
      "vote_type": "vote", 
      "where": "h"
    }, 
    {
      "acted_at": "2015-02-26T20:23:47-05:00", 
      "action_code": "H3A100", 
      "references": [
        {
          "reference": "CR H1276", 
          "type": "consideration"
        }, 
        {
          "reference": "CR H1276", 
          "type": "text"
        }
      ], 
      "text": "Amendment (A022) offered by Ms. Kelly (IL).", 
      "type": "action"
    }, 
    {
      "acted_at": "2015-02-26", 
      "action_code": "", 
      "references": [], 
      "text": "", 
      "type": "action"
    }, 
    {
      "acted_at": "2015-02-26", 
      "action_code": "71000", 
      "references": [], 
      "text": "House amendment offered", 
      "type": "action"
    }, 
    {
      "acted_at": "2015-02-26T20:23:47-05:00", 
      "action_code": "71500", 
      "references": [
        {
          "reference": "CR H1276", 
          "type": "consideration"
        }, 
        {
          "reference": "CR H1276", 
          "type": "text"
        }
      ], 
      "text": "House amendment offered/reported by : Amendment (A022) offered by Ms. Kelly (IL).", 
      "type": "action"
    }, 
    {
      "acted_at": "2015-02-26T20:27:27-05:00", 
      "action_code": "72000", 
      "references": [], 
      "text": "House amendment agreed to: On agreeing to the Kelly (IL) amendment (A022) Agreed to by voice vote.", 
      "type": "action"
    }, 
    {
      "acted_at": "2015-02-26T20:27:27-05:00", 
      "action_code": "76000", 
      "references": [], 
      "text": "Amendment agreed to Committee of the Whole", 
      "type": "action"
    }
  ], 
  "amendment_id": "hamdt45-114", 
  "amendment_type": "hamdt", 
  "amends_amendment": null, 
  "amends_bill": {
    "bill_id": "hr5-114", 
    "bill_type": "hr", 
    "congress": 114, 
    "number": 5
  }, 
  "amends_treaty": null, 
  "chamber": "h", 
  "congress": "114", 
  "description": "Amendment requires Statewide Family Engagement Centers to conduct training programs in the community to improve adult literacy, including financial literacy.", 
  "introduced_at": "2015-02-26", 
  "number": 45, 
  "purpose": "An amendment No. 22 printed in part B of House Report 114-29 to require Statewide Family Engagement Centers to conduct training programs in the community to improve adult literacy, including financial literacy.", 
  "sponsor": {
    "bioguide_id": "K000385", 
    "district": "2", 
    "name": "Kelly, Robin L.", 
    "state": "IL", 
    "thomas_id": "02190", 
    "title": "Rep", 
    "type": "person"
  }, 
  "status": "pass", 
  "status_at": "2015-02-26T20:27:27-05:00", 
  "updated_at": "2016-08-01T13:26:00Z"
}