{
  "actions": [
    {
      "acted_at": "2015-06-10T23:35:05-04:00", 
      "action_code": "H32111", 
      "how": "by voice vote", 
      "references": [], 
      "result": "pass", 
      "text": "On agreeing to the McSally amendment (A043) Agreed to by voice vote.", 
      "type": "vote", 
      "vote_type": "vote", 
      "where": "h"
    }, 
    {
      "acted_at": "2015-06-10T23:32:30-04:00", 
      "action_code": "H3A100", 
      "references": [
        {
          "reference": "CR H4117-4118", 
          "type": "consideration"
        }, 
        {
          "reference": "CR H4117", 
          "type": "text"
        }
      ], 
      "text": "Amendment (A043) offered by Ms. McSally.", 
      "type": "action"
    }, 
    {
      "acted_at": "2015-06-10", 
      "action_code": "", 
      "references": [], 
      "text": "", 
      "type": "action"
    }, 
    {
      "acted_at": "2015-06-10", 
      "action_code": "71000", 
      "references": [], 
      "text": "House amendment offered", 
      "type": "action"
    }, 
    {
      "acted_at": "2015-06-10T23:32:30-04:00", 
      "action_code": "71500", 
      "references": [
        {
          "reference": "CR H4117-4118", 
          "type": "consideration"
        }, 
        {
          "reference": "CR H4117", 
          "type": "text"
        }
      ], 
      "text": "House amendment offered/reported by : Amendment (A043) offered by Ms. McSally.", 
      "type": "action"
    }, 
    {
      "acted_at": "2015-06-10T23:35:05-04:00", 
      "action_code": "72000", 
      "references": [], 
      "text": "House amendment agreed to: On agreeing to the McSally amendment (A043) Agreed to by voice vote.", 
      "type": "action"
    }, 
    {
      "acted_at": "2015-06-10T23:35:05-04:00", 
      "action_code": "76000", 
      "references": [], 
      "text": "Amendment agreed to Committee of the Whole", 
      "type": "action"
    }
  ], 
  "amendment_id": "hamdt483-114", 
  "amendment_type": "hamdt", 
  "amends_amendment": null, 
  "amends_bill": {
    "bill_id": "hr2685-114", 
    "bill_type": "hr", 
    "congress": 114, 
    "number": 2685
  }, 
  "amends_treaty": null, 
  "chamber": "h", 
  "congress": "114", 
  "description": "At the end of the bill (before the short title), insert the following:    SEC.___. None of the funds made available by this Act may be used to divest, retire, transfer, or place in storage or on backup aircraft inventory status, or prepare to divest, retire, transfer, or place in storage or on backup aircraft inventory status, any EC-130H aircraft.", 
  "introduced_at": "2015-06-10", 
  "number": 483, 
  "purpose": "An amendment to prohibit the use of funds to divest, retire, transfer, or place in storage or on backup aircraft inventory status, or prepare to divest, retire, transfer, or place in storage or on backup aircraft inventory status, any EC-130H aircraft.", 
  "sponsor": {
    "bioguide_id": "M001197", 
    "district": "2", 
    "name": "McSally, Martha", 
    "state": "AZ", 
    "thomas_id": "02225", 
    "title": "Rep", 
    "type": "person"
  }, 
  "status": "pass", 
  "status_at": "2015-06-10T23:35:05-04:00", 
  "updated_at": "2016-08-01T13:27:47Z"
}