{
  "actions": [
    {
      "acted_at": "2015-06-09T16:34:36-04:00", 
      "action_code": "H32111", 
      "how": "by voice vote", 
      "references": [], 
      "result": "pass", 
      "text": "On agreeing to the Plaskett amendment (A004) Agreed to by voice vote.", 
      "type": "vote", 
      "vote_type": "vote", 
      "where": "h"
    }, 
    {
      "acted_at": "2015-06-09T16:32:00-04:00", 
      "action_code": "H3A100", 
      "references": [
        {
          "reference": "CR H3951", 
          "type": "consideration"
        }, 
        {
          "reference": "CR H3951", 
          "type": "text"
        }
      ], 
      "text": "Amendment (A004) offered by Ms. Plaskett.", 
      "type": "action"
    }, 
    {
      "acted_at": "2015-06-09", 
      "action_code": "", 
      "references": [], 
      "text": "", 
      "type": "action"
    }, 
    {
      "acted_at": "2015-06-09", 
      "action_code": "71000", 
      "references": [], 
      "text": "House amendment offered", 
      "type": "action"
    }, 
    {
      "acted_at": "2015-06-09T16:32:00-04:00", 
      "action_code": "71500", 
      "references": [
        {
          "reference": "CR H3951", 
          "type": "consideration"
        }, 
        {
          "reference": "CR H3951", 
          "type": "text"
        }
      ], 
      "text": "House amendment offered/reported by : Amendment (A004) offered by Ms. Plaskett.", 
      "type": "action"
    }, 
    {
      "acted_at": "2015-06-09T16:34:36-04:00", 
      "action_code": "72000", 
      "references": [], 
      "text": "House amendment agreed to: On agreeing to the Plaskett amendment (A004) Agreed to by voice vote.", 
      "type": "action"
    }, 
    {
      "acted_at": "2015-06-09T16:34:36-04:00", 
      "action_code": "76000", 
      "references": [], 
      "text": "Amendment agreed to Committee of the Whole", 
      "type": "action"
    }
  ], 
  "amendment_id": "hamdt417-114", 
  "amendment_type": "hamdt", 
  "amends_amendment": null, 
  "amends_bill": {
    "bill_id": "hr2289-114", 
    "bill_type": "hr", 
    "congress": 114, 
    "number": 2289
  }, 
  "amends_treaty": null, 
  "chamber": "h", 
  "congress": "114", 
  "description": "Amendment to express a sense of Congress that the Commodity Futures Trading Commission should take all appropriate actions to encourage applications for positions in the Office of the Chief Economist from members of minority groups, women, disabled persons, and veterans.", 
  "introduced_at": "2015-06-09", 
  "number": 417, 
  "purpose": "An amendment No. 2 printed in House Report 114-136 to express a sense of Congress that the Commodity Futures Trading Commission should take all appropriate actions to encourage applications for positions in the Office of the Chief Economist from members of minority groups, women, disabled persons, and veterans.", 
  "sponsor": {
    "bioguide_id": "P000610", 
    "district": null, 
    "name": "Plaskett, Stacey E.", 
    "state": "VI", 
    "thomas_id": "02274", 
    "title": "Rep", 
    "type": "person"
  }, 
  "status": "pass", 
  "status_at": "2015-06-09T16:34:36-04:00", 
  "updated_at": "2016-08-01T13:27:30Z"
}