{
  "actions": [
    {
      "acted_at": "2015-06-02T19:28:22-04:00", 
      "action_code": "H32111", 
      "how": "by voice vote", 
      "references": [], 
      "result": "pass", 
      "text": "On agreeing to the Castro (TX) amendment (A029) Agreed to by voice vote.", 
      "type": "vote", 
      "vote_type": "vote", 
      "where": "h"
    }, 
    {
      "acted_at": "2015-06-02T19:22:43-04:00", 
      "action_code": "H3A100", 
      "references": [
        {
          "reference": "CR H3703-3704", 
          "type": "consideration"
        }, 
        {
          "reference": "CR H3703", 
          "type": "text"
        }
      ], 
      "text": "Amendment (A029) offered by Mr. Castro (TX).", 
      "type": "action"
    }, 
    {
      "acted_at": "2015-06-02", 
      "action_code": "", 
      "references": [], 
      "text": "", 
      "type": "action"
    }, 
    {
      "acted_at": "2015-06-02", 
      "action_code": "71000", 
      "references": [], 
      "text": "House amendment offered", 
      "type": "action"
    }, 
    {
      "acted_at": "2015-06-02T19:22:43-04:00", 
      "action_code": "71500", 
      "references": [
        {
          "reference": "CR H3703-3704", 
          "type": "consideration"
        }, 
        {
          "reference": "CR H3703", 
          "type": "text"
        }
      ], 
      "text": "House amendment offered/reported by : Amendment (A029) offered by Mr. Castro (TX).", 
      "type": "action"
    }, 
    {
      "acted_at": "2015-06-02T19:28:22-04:00", 
      "action_code": "72000", 
      "references": [], 
      "text": "House amendment agreed to: On agreeing to the Castro (TX) amendment (A029) Agreed to by voice vote.", 
      "type": "action"
    }, 
    {
      "acted_at": "2015-06-02T19:28:22-04:00", 
      "action_code": "76000", 
      "references": [], 
      "text": "Amendment agreed to Committee of the Whole", 
      "type": "action"
    }
  ], 
  "amendment_id": "hamdt297-114", 
  "amendment_type": "hamdt", 
  "amends_amendment": null, 
  "amends_bill": {
    "bill_id": "hr2578-114", 
    "bill_type": "hr", 
    "congress": 114, 
    "number": 2578
  }, 
  "amends_treaty": null, 
  "chamber": "h", 
  "congress": "114", 
  "description": "Amendment reduces funding for salaries and expenses at DEA by $10 million and increases funding for the Community Trust Initiative Account (for police body-worn cameras) by a similar amount.", 
  "introduced_at": "2015-06-02", 
  "number": 297, 
  "purpose": "An amendment to increase community trust by $10 million and reduce the DEA account by a similar amount.", 
  "sponsor": {
    "bioguide_id": "C001091", 
    "district": "20", 
    "name": "Castro, Joaquin", 
    "state": "TX", 
    "thomas_id": "02163", 
    "title": "Rep", 
    "type": "person"
  }, 
  "status": "pass", 
  "status_at": "2015-06-02T19:28:22-04:00", 
  "updated_at": "2016-08-01T13:27:41Z"
}