{
  "actions": [
    {
      "acted_at": "2015-06-01T17:12:46-04:00", 
      "action_code": "H32111", 
      "how": "by voice vote", 
      "references": [], 
      "result": "pass", 
      "text": "On agreeing to the Young (AK) amendment (A004) Agreed to by voice vote.", 
      "type": "vote", 
      "vote_type": "vote", 
      "where": "h"
    }, 
    {
      "acted_at": "2015-06-01T17:07:33-04:00", 
      "action_code": "H3A100", 
      "references": [
        {
          "reference": "CR H3607-3608", 
          "type": "consideration"
        }, 
        {
          "reference": "CR H3607-3608", 
          "type": "text"
        }
      ], 
      "text": "Amendment (A004) offered by Mr. Young (AK).", 
      "type": "action"
    }, 
    {
      "acted_at": "2015-06-01", 
      "action_code": "", 
      "references": [], 
      "text": "", 
      "type": "action"
    }, 
    {
      "acted_at": "2015-06-01", 
      "action_code": "71000", 
      "references": [], 
      "text": "House amendment offered", 
      "type": "action"
    }, 
    {
      "acted_at": "2015-06-01T17:07:33-04:00", 
      "action_code": "71500", 
      "references": [
        {
          "reference": "CR H3607-3608", 
          "type": "consideration"
        }, 
        {
          "reference": "CR H3607-3608", 
          "type": "text"
        }
      ], 
      "text": "House amendment offered/reported by : Amendment (A004) offered by Mr. Young (AK).", 
      "type": "action"
    }, 
    {
      "acted_at": "2015-06-01T17:12:46-04:00", 
      "action_code": "72000", 
      "references": [], 
      "text": "House amendment agreed to: On agreeing to the Young (AK) amendment (A004) Agreed to by voice vote.", 
      "type": "action"
    }, 
    {
      "acted_at": "2015-06-01T17:12:46-04:00", 
      "action_code": "76000", 
      "references": [], 
      "text": "Amendment agreed to Committee of the Whole", 
      "type": "action"
    }
  ], 
  "amendment_id": "hamdt265-114", 
  "amendment_type": "hamdt", 
  "amends_amendment": null, 
  "amends_bill": {
    "bill_id": "hr1335-114", 
    "bill_type": "hr", 
    "congress": 114, 
    "number": 1335
  }, 
  "amends_treaty": null, 
  "chamber": "h", 
  "congress": "114", 
  "description": "Amendment modifies language in the bill allowing for the use of graduate students in the collection of recreational fishing data; clarifies that guidance prepared by the National Academy of Sciences regarding the economic benefits of commercial and recreational fishing within the mixed-use fisheries is to be given to the south Atlantic and the Gulf of Mexico councils; modifies the provisions in law regarding the council review of limited access programs to include not only the benefits of the program, but also any adverse impacts; finally, the amendment includes language to allow stock assessments to include information from universities, fishermen, fishing communities, and research institutions, in addition to State and Federal fisheries data.", 
  "introduced_at": "2015-06-01", 
  "number": 265, 
  "purpose": "An amendment numbered 5 printed in House Report 114-128 to provide for additional information for stock assessments, the use of students to collect marine recreational fishing data and clarifies information for Council reviews.", 
  "sponsor": {
    "bioguide_id": "Y000033", 
    "district": null, 
    "name": "Young, Don", 
    "state": "AK", 
    "thomas_id": "01256", 
    "title": "Rep", 
    "type": "person"
  }, 
  "status": "pass", 
  "status_at": "2015-06-01T17:12:46-04:00", 
  "updated_at": "2016-08-17T17:01:07Z"
}