{
  "actions": [
    {
      "acted_at": "2015-06-03T01:40:14-04:00", 
      "action_code": "H32111", 
      "how": "by voice vote", 
      "references": [], 
      "result": "pass", 
      "text": "On agreeing to the Perry amendment (A068) Agreed to by voice vote.", 
      "type": "vote", 
      "vote_type": "vote", 
      "where": "h"
    }, 
    {
      "acted_at": "2015-06-03T01:34:36-04:00", 
      "action_code": "H3A100", 
      "references": [
        {
          "reference": "CR H3752", 
          "type": "consideration"
        }, 
        {
          "reference": "CR H3752", 
          "type": "text"
        }
      ], 
      "text": "Amendment (A068) offered by Mr. Perry.", 
      "type": "action"
    }, 
    {
      "acted_at": "2015-06-03", 
      "action_code": "", 
      "references": [], 
      "text": "", 
      "type": "action"
    }, 
    {
      "acted_at": "2015-06-03", 
      "action_code": "71000", 
      "references": [], 
      "text": "House amendment offered", 
      "type": "action"
    }, 
    {
      "acted_at": "2015-06-03T01:34:36-04:00", 
      "action_code": "71500", 
      "references": [
        {
          "reference": "CR H3752", 
          "type": "consideration"
        }, 
        {
          "reference": "CR H3752", 
          "type": "text"
        }
      ], 
      "text": "House amendment offered/reported by : Amendment (A068) offered by Mr. Perry.", 
      "type": "action"
    }, 
    {
      "acted_at": "2015-06-03T01:40:14-04:00", 
      "action_code": "72000", 
      "references": [], 
      "text": "House amendment agreed to: On agreeing to the Perry amendment (A068) Agreed to by voice vote.", 
      "type": "action"
    }, 
    {
      "acted_at": "2015-06-03T01:40:14-04:00", 
      "action_code": "76000", 
      "references": [], 
      "text": "Amendment agreed to Committee of the Whole", 
      "type": "action"
    }
  ], 
  "amendment_id": "hamdt336-114", 
  "amendment_type": "hamdt", 
  "amends_amendment": null, 
  "amends_bill": {
    "bill_id": "hr2578-114", 
    "bill_type": "hr", 
    "congress": 114, 
    "number": 2578
  }, 
  "amends_treaty": null, 
  "chamber": "h", 
  "congress": "114", 
  "description": "At the end of the bill (before the short title), add the following:    SEC.___. None of the funds made available in this Act may be used to implement the United States Global Climate Research Program's National Climate Assessment, the Intergovernmental Panel on Climate Change's Fifth Assessment Report, the United Nation's Agenda 21 sustainable development plan, or the May 2013 Technical Update of the Social Cost of Carbon for Regulatory Impact Analysis under Executive Order 12866.", 
  "introduced_at": "2015-06-03", 
  "number": 336, 
  "purpose": "An amendment to prohibit the use of funds to implement the United States Global Climate Research Program's National Climate Assessment, the Intergovernmental Report, the United Nation's Agenda 21 sustainable development plan, or the May 2013 Technical Update of the Social Cost of Carbon for Regulatory Impact Analysis under Executive Order 12866.", 
  "sponsor": {
    "bioguide_id": "P000605", 
    "district": "4", 
    "name": "Perry, Scott", 
    "state": "PA", 
    "thomas_id": "02157", 
    "title": "Rep", 
    "type": "person"
  }, 
  "status": "pass", 
  "status_at": "2015-06-03T01:40:14-04:00", 
  "updated_at": "2016-08-01T13:27:41Z"
}