{
  "actions": [
    {
      "acted_at": "2015-02-26T16:04:11-05:00", 
      "action_code": "H32111", 
      "how": "by voice vote", 
      "references": [], 
      "result": "pass", 
      "text": "On agreeing to the Goodlatte amendment (A005) Agreed to by voice vote.", 
      "type": "vote", 
      "vote_type": "vote", 
      "where": "h"
    }, 
    {
      "acted_at": "2015-02-26T15:54:56-05:00", 
      "action_code": "H3A100", 
      "references": [
        {
          "reference": "CR H1257-1259", 
          "type": "consideration"
        }, 
        {
          "reference": "CR H1257", 
          "type": "text"
        }
      ], 
      "text": "Amendment (A005) offered by Mr. Goodlatte.", 
      "type": "action"
    }, 
    {
      "acted_at": "2015-02-26", 
      "action_code": "", 
      "references": [], 
      "text": "", 
      "type": "action"
    }, 
    {
      "acted_at": "2015-02-26", 
      "action_code": "71000", 
      "references": [], 
      "text": "House amendment offered", 
      "type": "action"
    }, 
    {
      "acted_at": "2015-02-26T15:54:56-05:00", 
      "action_code": "71500", 
      "references": [
        {
          "reference": "CR H1257-1259", 
          "type": "consideration"
        }, 
        {
          "reference": "CR H1257", 
          "type": "text"
        }
      ], 
      "text": "House amendment offered/reported by : Amendment (A005) offered by Mr. Goodlatte.", 
      "type": "action"
    }, 
    {
      "acted_at": "2015-02-26T16:04:11-05:00", 
      "action_code": "72000", 
      "references": [], 
      "text": "House amendment agreed to: On agreeing to the Goodlatte amendment (A005) Agreed to by voice vote.", 
      "type": "action"
    }, 
    {
      "acted_at": "2015-02-26T16:04:11-05:00", 
      "action_code": "76000", 
      "references": [], 
      "text": "Amendment agreed to Committee of the Whole", 
      "type": "action"
    }
  ], 
  "amendment_id": "hamdt28-114", 
  "amendment_type": "hamdt", 
  "amends_amendment": null, 
  "amends_bill": {
    "bill_id": "hr5-114", 
    "bill_type": "hr", 
    "congress": 114, 
    "number": 5
  }, 
  "amends_treaty": null, 
  "chamber": "h", 
  "congress": "114", 
  "description": "Amendment provides flexibility to localities by providing States with the authority to allow local educational agencies to administer their own, locally designed academic assessment systems, in place of the State-designed academic systems. Amendment also provides that the same requirements as laid out by this Act for State-designed academic assessments would also apply to any locally designed academic assessment.", 
  "introduced_at": "2015-02-26", 
  "number": 28, 
  "purpose": null, 
  "sponsor": {
    "bioguide_id": "G000289", 
    "district": "6", 
    "name": "Goodlatte, Bob", 
    "state": "VA", 
    "thomas_id": "00446", 
    "title": "Rep", 
    "type": "person"
  }, 
  "status": "pass", 
  "status_at": "2015-02-26T16:04:11-05:00", 
  "updated_at": "2016-08-01T13:26:00Z"
}