{
  "actions": [
    {
      "acted_at": "2015-06-04T09:29:01-04:00", 
      "action_code": "H32111", 
      "how": "by voice vote", 
      "references": [], 
      "result": "pass", 
      "text": "On agreeing to the Norton amendment (A043) Agreed to by voice vote.", 
      "type": "vote", 
      "vote_type": "vote", 
      "where": "h"
    }, 
    {
      "acted_at": "2015-06-04T09:22:41-04:00", 
      "action_code": "H3A100", 
      "references": [
        {
          "reference": "CR H3883-3884", 
          "type": "consideration"
        }, 
        {
          "reference": "CR H3883", 
          "type": "text"
        }
      ], 
      "text": "Amendment (A043) offered by Ms. Norton.", 
      "type": "action"
    }, 
    {
      "acted_at": "2015-06-04", 
      "action_code": "", 
      "references": [], 
      "text": "", 
      "type": "action"
    }, 
    {
      "acted_at": "2015-06-04", 
      "action_code": "71000", 
      "references": [], 
      "text": "House amendment offered", 
      "type": "action"
    }, 
    {
      "acted_at": "2015-06-04T09:22:41-04:00", 
      "action_code": "71500", 
      "references": [
        {
          "reference": "CR H3883-3884", 
          "type": "consideration"
        }, 
        {
          "reference": "CR H3883", 
          "type": "text"
        }
      ], 
      "text": "House amendment offered/reported by : Amendment (A043) offered by Ms. Norton.", 
      "type": "action"
    }, 
    {
      "acted_at": "2015-06-04T09:29:01-04:00", 
      "action_code": "72000", 
      "references": [], 
      "text": "House amendment agreed to: On agreeing to the Norton amendment (A043) Agreed to by voice vote.", 
      "type": "action"
    }, 
    {
      "acted_at": "2015-06-04T09:29:01-04:00", 
      "action_code": "76000", 
      "references": [], 
      "text": "Amendment agreed to Committee of the Whole", 
      "type": "action"
    }
  ], 
  "amendment_id": "hamdt398-114", 
  "amendment_type": "hamdt", 
  "amends_amendment": null, 
  "amends_bill": {
    "bill_id": "hr2577-114", 
    "bill_type": "hr", 
    "congress": 114, 
    "number": 2577
  }, 
  "amends_treaty": null, 
  "chamber": "h", 
  "congress": "114", 
  "description": "Amendment prohibits use of funds to stop, investigate, detain, or arrest people on highways based on their physical appearance in violation of the Fifth and 14th Amendments of the United States Constitution and title VI of the Civil Rights Act of 1964.", 
  "introduced_at": "2015-06-04", 
  "number": 398, 
  "purpose": "An amendment to prohibit the use of funds to be used in contravention of the 5th or 14th Amendment to the Constitution or title VI of the Civil Rights Act of 1964.", 
  "sponsor": {
    "bioguide_id": "N000147", 
    "district": null, 
    "name": "Norton, Eleanor Holmes", 
    "state": "DC", 
    "thomas_id": "00868", 
    "title": "Rep", 
    "type": "person"
  }, 
  "status": "pass", 
  "status_at": "2015-06-04T09:29:01-04:00", 
  "updated_at": "2016-08-26T08:52:18Z"
}