{
  "actions": [
    {
      "acted_at": "2015-06-09T16:09:55-04:00", 
      "action_code": "H32111", 
      "how": "by voice vote", 
      "references": [], 
      "result": "pass", 
      "text": "On agreeing to the Conaway amendment (A001) Agreed to by voice vote.", 
      "type": "vote", 
      "vote_type": "vote", 
      "where": "h"
    }, 
    {
      "acted_at": "2015-06-09T16:09:06-04:00", 
      "action_code": "H3A100", 
      "references": [
        {
          "reference": "CR H3948-3949", 
          "type": "consideration"
        }, 
        {
          "reference": "CR H3948", 
          "type": "text"
        }
      ], 
      "text": "Amendment (A001) offered by Mr. Conaway.", 
      "type": "action"
    }, 
    {
      "acted_at": "2015-06-09", 
      "action_code": "", 
      "references": [], 
      "text": "", 
      "type": "action"
    }, 
    {
      "acted_at": "2015-06-09", 
      "action_code": "71000", 
      "references": [], 
      "text": "House amendment offered", 
      "type": "action"
    }, 
    {
      "acted_at": "2015-06-09T16:09:06-04:00", 
      "action_code": "71500", 
      "references": [
        {
          "reference": "CR H3948-3949", 
          "type": "consideration"
        }, 
        {
          "reference": "CR H3948", 
          "type": "text"
        }
      ], 
      "text": "House amendment offered/reported by : Amendment (A001) offered by Mr. Conaway.", 
      "type": "action"
    }, 
    {
      "acted_at": "2015-06-09T16:09:55-04:00", 
      "action_code": "72000", 
      "references": [], 
      "text": "House amendment agreed to: On agreeing to the Conaway amendment (A001) Agreed to by voice vote.", 
      "type": "action"
    }, 
    {
      "acted_at": "2015-06-09T16:09:55-04:00", 
      "action_code": "76000", 
      "references": [], 
      "text": "Amendment agreed to Committee of the Whole", 
      "type": "action"
    }
  ], 
  "amendment_id": "hamdt414-114", 
  "amendment_type": "hamdt", 
  "amends_amendment": null, 
  "amends_bill": {
    "bill_id": "hr2289-114", 
    "bill_type": "hr", 
    "congress": 114, 
    "number": 2289
  }, 
  "amends_treaty": null, 
  "chamber": "h", 
  "congress": "114", 
  "description": "Manager's amendment makes technical and clarifying changes to the bill.", 
  "introduced_at": "2015-06-09", 
  "number": 414, 
  "purpose": "An amendment No. 1 printed in House Report 114-136 to make technical and clarifying changes to the bill.", 
  "sponsor": {
    "bioguide_id": "C001062", 
    "district": "11", 
    "name": "Conaway, K. Michael", 
    "state": "TX", 
    "thomas_id": "01805", 
    "title": "Rep", 
    "type": "person"
  }, 
  "status": "pass", 
  "status_at": "2015-06-09T16:09:55-04:00", 
  "updated_at": "2016-08-01T13:27:30Z"
}