{
  "actions": [
    {
      "acted_at": "2015-01-14T11:34:44-05:00", 
      "action_code": "H32111", 
      "how": "roll", 
      "references": [], 
      "result": "pass", 
      "roll": 32, 
      "text": "On agreeing to the Salmon amendment (A004) Agreed to by recorded vote: 253 - 171 (Roll no. 32).", 
      "type": "vote", 
      "vote_type": "vote", 
      "where": "h"
    }, 
    {
      "acted_at": "2015-01-14T10:15:56-05:00", 
      "action_code": "H3A100", 
      "references": [
        {
          "reference": "CR H384-386, H390-391", 
          "type": "consideration"
        }, 
        {
          "reference": "CR H384", 
          "type": "text"
        }
      ], 
      "text": "Amendment (A004) offered by Mr. Salmon.", 
      "type": "action"
    }, 
    {
      "acted_at": "2015-01-14", 
      "action_code": "", 
      "references": [], 
      "text": "", 
      "type": "action"
    }, 
    {
      "acted_at": "2015-01-14", 
      "action_code": "71000", 
      "references": [], 
      "text": "House amendment offered", 
      "type": "action"
    }, 
    {
      "acted_at": "2015-01-14T10:15:56-05:00", 
      "action_code": "71500", 
      "references": [
        {
          "reference": "CR H384-386, H390-391", 
          "type": "consideration"
        }, 
        {
          "reference": "CR H384", 
          "type": "text"
        }
      ], 
      "text": "House amendment offered/reported by : Amendment (A004) offered by Mr. Salmon.", 
      "type": "action"
    }, 
    {
      "acted_at": "2015-01-14T11:34:44-05:00", 
      "action_code": "72000", 
      "references": [], 
      "text": "House amendment agreed to: On agreeing to the Salmon amendment (A004) Agreed to by recorded vote: 253 - 171 (Roll no. 32).", 
      "type": "action"
    }, 
    {
      "acted_at": "2015-01-14T11:34:44-05:00", 
      "action_code": "75000", 
      "references": [], 
      "text": "Roll call votes on amendments in House", 
      "type": "action"
    }, 
    {
      "acted_at": "2015-01-14T11:34:44-05:00", 
      "action_code": "76000", 
      "references": [], 
      "text": "Amendment agreed to Committee of the Whole", 
      "type": "action"
    }
  ], 
  "amendment_id": "hamdt9-114", 
  "amendment_type": "hamdt", 
  "amends_amendment": null, 
  "amends_bill": {
    "bill_id": "hr240-114", 
    "bill_type": "hr", 
    "congress": 114, 
    "number": 240
  }, 
  "amends_treaty": null, 
  "chamber": "h", 
  "congress": "114", 
  "description": "Amendment expresses the sense of Congress that the Executive Branch should not pursue policies that disadvantage the hiring of U.S. citizens and those lawfully present in the United States by making it economically advantageous to hire workers who came to the country illegally.", 
  "introduced_at": "2015-01-14", 
  "number": 9, 
  "purpose": "An amendment numbered 4 printed in Part B of House Report 114-2 to express a sense of Congress that the Executive Branch should not pursue policies that disadvantage the hiring of U.S. citizens and those lawfully present in the United States by making it economically advantageous to hire workers who came to the country illegally.", 
  "sponsor": {
    "bioguide_id": "S000018", 
    "district": "5", 
    "name": "Salmon, Matt", 
    "state": "AZ", 
    "thomas_id": "01009", 
    "title": "Rep", 
    "type": "person"
  }, 
  "status": "pass", 
  "status_at": "2015-01-14T11:34:44-05:00", 
  "updated_at": "2016-08-01T13:26:12Z"
}