{
  "actions": [
    {
      "acted_at": "2015-02-26T20:54:18-05:00", 
      "action_code": "H32111", 
      "how": "by voice vote", 
      "references": [], 
      "result": "fail", 
      "text": "On agreeing to the Wilson (FL) amendment (A026) Failed by voice vote.", 
      "type": "vote", 
      "vote_type": "vote", 
      "where": "h"
    }, 
    {
      "acted_at": "2015-02-26T20:48:59-05:00", 
      "action_code": "H3A100", 
      "references": [
        {
          "reference": "CR H1280-1281", 
          "type": "consideration"
        }, 
        {
          "reference": "CR H1280", 
          "type": "text"
        }
      ], 
      "text": "Amendment (A026) offered by Ms. Wilson (FL).", 
      "type": "action"
    }, 
    {
      "acted_at": "2015-02-26", 
      "action_code": "", 
      "references": [], 
      "text": "", 
      "type": "action"
    }, 
    {
      "acted_at": "2015-02-26", 
      "action_code": "71000", 
      "references": [], 
      "text": "House amendment offered", 
      "type": "action"
    }, 
    {
      "acted_at": "2015-02-26T20:48:59-05:00", 
      "action_code": "71500", 
      "references": [
        {
          "reference": "CR H1280-1281", 
          "type": "consideration"
        }, 
        {
          "reference": "CR H1280", 
          "type": "text"
        }
      ], 
      "text": "House amendment offered/reported by : Amendment (A026) offered by Ms. Wilson (FL).", 
      "type": "action"
    }, 
    {
      "acted_at": "2015-02-26T20:54:18-05:00", 
      "action_code": "73000", 
      "references": [], 
      "text": "House amendment not agreed to: On agreeing to the Wilson (FL) amendment (A026) Failed by voice vote.", 
      "type": "action"
    }, 
    {
      "acted_at": "2015-02-26T20:54:18-05:00", 
      "action_code": "77000", 
      "references": [], 
      "text": "Amendment failed in Committee of the Whole", 
      "type": "action"
    }
  ], 
  "amendment_id": "hamdt49-114", 
  "amendment_type": "hamdt", 
  "amends_amendment": null, 
  "amends_bill": {
    "bill_id": "hr5-114", 
    "bill_type": "hr", 
    "congress": 114, 
    "number": 5
  }, 
  "amends_treaty": null, 
  "chamber": "h", 
  "congress": "114", 
  "description": "Amendment sought to provide for Intensive Care Reading Labs and for specialization of school staffing for the purposes of basic skills in language arts, mathematics, and science in grades 1-3 as allowable uses in block grant funding.", 
  "introduced_at": "2015-02-26", 
  "number": 49, 
  "purpose": "An amendment No. 26 printed in part B of House Report 114-29 to provide for Intensive Care Reading Labs and for specialization of school staffing for the purposes of basic skills in language arts, mathematics, and science in grades 1-3 as allowable uses in block grant funding.", 
  "sponsor": {
    "bioguide_id": "W000808", 
    "district": "24", 
    "name": "Wilson, Frederica S.", 
    "state": "FL", 
    "thomas_id": "02004", 
    "title": "Rep", 
    "type": "person"
  }, 
  "status": "fail", 
  "status_at": "2015-02-26T20:54:18-05:00", 
  "updated_at": "2016-08-01T13:26:00Z"
}