{
  "actions": [
    {
      "acted_at": "2015-05-14T20:57:53-04:00", 
      "action_code": "H32111", 
      "how": "by voice vote", 
      "references": [], 
      "result": "pass", 
      "text": "On agreeing to the Jackson Lee amendment (A017) Agreed to by voice vote.", 
      "type": "vote", 
      "vote_type": "vote", 
      "where": "h"
    }, 
    {
      "acted_at": "2015-05-14T20:51:27-04:00", 
      "action_code": "H3A100", 
      "references": [
        {
          "reference": "CR H3194-3195", 
          "type": "consideration"
        }, 
        {
          "reference": "CR H3194", 
          "type": "text"
        }
      ], 
      "text": "Amendment (A017) offered by Ms. Jackson Lee.", 
      "type": "action"
    }, 
    {
      "acted_at": "2015-05-14", 
      "action_code": "", 
      "references": [], 
      "text": "", 
      "type": "action"
    }, 
    {
      "acted_at": "2015-05-14", 
      "action_code": "71000", 
      "references": [], 
      "text": "House amendment offered", 
      "type": "action"
    }, 
    {
      "acted_at": "2015-05-14T20:51:27-04:00", 
      "action_code": "71500", 
      "references": [
        {
          "reference": "CR H3194-3195", 
          "type": "consideration"
        }, 
        {
          "reference": "CR H3194", 
          "type": "text"
        }
      ], 
      "text": "House amendment offered/reported by : Amendment (A017) offered by Ms. Jackson Lee.", 
      "type": "action"
    }, 
    {
      "acted_at": "2015-05-14T20:57:53-04:00", 
      "action_code": "72000", 
      "references": [], 
      "text": "House amendment agreed to: On agreeing to the Jackson Lee amendment (A017) Agreed to by voice vote.", 
      "type": "action"
    }, 
    {
      "acted_at": "2015-05-14T20:57:53-04:00", 
      "action_code": "76000", 
      "references": [], 
      "text": "Amendment agreed to Committee of the Whole", 
      "type": "action"
    }
  ], 
  "amendment_id": "hamdt232-114", 
  "amendment_type": "hamdt", 
  "amends_amendment": null, 
  "amends_bill": {
    "bill_id": "hr1735-114", 
    "bill_type": "hr", 
    "congress": 114, 
    "number": 1735
  }, 
  "amends_treaty": null, 
  "chamber": "h", 
  "congress": "114", 
  "description": "Amendment requires outreach for small business concerns owned and controlled by women and minorities before conversion of certain functions to contractor performance.", 
  "introduced_at": "2015-05-14", 
  "number": 232, 
  "purpose": "An amendment No. 52 printed in House Report 114-112 to require outreach for small business concerns owned and controlled by women and minorities before conversion of certain functions to contractor performance.", 
  "sponsor": {
    "bioguide_id": "J000032", 
    "district": "18", 
    "name": "Jackson Lee, Sheila", 
    "state": "TX", 
    "thomas_id": "00588", 
    "title": "Rep", 
    "type": "person"
  }, 
  "status": "pass", 
  "status_at": "2015-05-14T20:57:53-04:00", 
  "updated_at": "2016-06-15T13:41:50Z"
}