{
  "actions": [
    {
      "acted_at": "2015-06-09T22:43:09-04:00", 
      "action_code": "H32111", 
      "how": "roll", 
      "references": [], 
      "result": "pass", 
      "roll": 320, 
      "text": "On agreeing to the Brooks (AL) amendment (A062) Agreed to by recorded vote: 246 - 180 (Roll no. 320).", 
      "type": "vote", 
      "vote_type": "vote", 
      "where": "h"
    }, 
    {
      "acted_at": "2015-06-09T20:08:10-04:00", 
      "action_code": "H3A100", 
      "references": [
        {
          "reference": "CR H3975-3976, H3991", 
          "type": "consideration"
        }, 
        {
          "reference": "CR H3975", 
          "type": "text"
        }
      ], 
      "text": "Amendment (A062) offered by Mr. Brooks (AL).", 
      "type": "action"
    }, 
    {
      "acted_at": "2015-06-09", 
      "action_code": "", 
      "references": [], 
      "text": "", 
      "type": "action"
    }, 
    {
      "acted_at": "2015-06-09", 
      "action_code": "71000", 
      "references": [], 
      "text": "House amendment offered", 
      "type": "action"
    }, 
    {
      "acted_at": "2015-06-09T20:08:10-04:00", 
      "action_code": "71500", 
      "references": [
        {
          "reference": "CR H3975-3976, H3991", 
          "type": "consideration"
        }, 
        {
          "reference": "CR H3975", 
          "type": "text"
        }
      ], 
      "text": "House amendment offered/reported by : Amendment (A062) offered by Mr. Brooks (AL).", 
      "type": "action"
    }, 
    {
      "acted_at": "2015-06-09T22:43:09-04:00", 
      "action_code": "72000", 
      "references": [], 
      "text": "House amendment agreed to: On agreeing to the Brooks (AL) amendment (A062) Agreed to by recorded vote: 246 - 180 (Roll no. 320).", 
      "type": "action"
    }, 
    {
      "acted_at": "2015-06-09T22:43:09-04:00", 
      "action_code": "75000", 
      "references": [], 
      "text": "Roll call votes on amendments in House", 
      "type": "action"
    }, 
    {
      "acted_at": "2015-06-09T22:43:09-04:00", 
      "action_code": "76000", 
      "references": [], 
      "text": "Amendment agreed to Committee of the Whole", 
      "type": "action"
    }
  ], 
  "amendment_id": "hamdt422-114", 
  "amendment_type": "hamdt", 
  "amends_amendment": null, 
  "amends_bill": {
    "bill_id": "hr2577-114", 
    "bill_type": "hr", 
    "congress": 114, 
    "number": 2577
  }, 
  "amends_treaty": null, 
  "chamber": "h", 
  "congress": "114", 
  "description": "Amendment prohibits use of funds to subsidize housing assistance for illegal aliens.", 
  "introduced_at": "2015-06-09", 
  "number": 422, 
  "purpose": "An amendment to prohibit the use of funds to provide financial assistance in contravention of section 214(d) of the Housing and Community Development Act of 1980.", 
  "sponsor": {
    "bioguide_id": "B001274", 
    "district": "5", 
    "name": "Brooks, Mo", 
    "state": "AL", 
    "thomas_id": "01987", 
    "title": "Rep", 
    "type": "person"
  }, 
  "status": "pass", 
  "status_at": "2015-06-09T22:43:09-04:00", 
  "updated_at": "2016-08-26T08:52:18Z"
}