{
  "actions": [
    {
      "acted_at": "2015-02-26T17:02:10-05:00", 
      "action_code": "H32111", 
      "how": "by voice vote", 
      "references": [], 
      "result": "pass", 
      "text": "On agreeing to the McKinley amendment (A014) Agreed to by voice vote.", 
      "type": "vote", 
      "vote_type": "vote", 
      "where": "h"
    }, 
    {
      "acted_at": "2015-02-26T16:59:07-05:00", 
      "action_code": "H3A100", 
      "references": [
        {
          "reference": "CR H1265-1266", 
          "type": "consideration"
        }, 
        {
          "reference": "CR H1265", 
          "type": "text"
        }
      ], 
      "text": "Amendment (A014) offered by Mr. McKinley.", 
      "type": "action"
    }, 
    {
      "acted_at": "2015-02-26", 
      "action_code": "", 
      "references": [], 
      "text": "", 
      "type": "action"
    }, 
    {
      "acted_at": "2015-02-26", 
      "action_code": "71000", 
      "references": [], 
      "text": "House amendment offered", 
      "type": "action"
    }, 
    {
      "acted_at": "2015-02-26T16:59:07-05:00", 
      "action_code": "71500", 
      "references": [
        {
          "reference": "CR H1265-1266", 
          "type": "consideration"
        }, 
        {
          "reference": "CR H1265", 
          "type": "text"
        }
      ], 
      "text": "House amendment offered/reported by : Amendment (A014) offered by Mr. McKinley.", 
      "type": "action"
    }, 
    {
      "acted_at": "2015-02-26T17:02:10-05:00", 
      "action_code": "72000", 
      "references": [], 
      "text": "House amendment agreed to: On agreeing to the McKinley amendment (A014) Agreed to by voice vote.", 
      "type": "action"
    }, 
    {
      "acted_at": "2015-02-26T17:02:10-05:00", 
      "action_code": "76000", 
      "references": [], 
      "text": "Amendment agreed to Committee of the Whole", 
      "type": "action"
    }
  ], 
  "amendment_id": "hamdt37-114", 
  "amendment_type": "hamdt", 
  "amends_amendment": null, 
  "amends_bill": {
    "bill_id": "hr5-114", 
    "bill_type": "hr", 
    "congress": 114, 
    "number": 5
  }, 
  "amends_treaty": null, 
  "chamber": "h", 
  "congress": "114", 
  "description": "Amendment requires States to identify \"workforce critical subjects\", for their schools and requires States to provide an explanation of the subjects they identify as \"workforce critical\".", 
  "introduced_at": "2015-02-26", 
  "number": 37, 
  "purpose": "An amendment numbered 14 printed in Part B of House Report 114-29 to establish a state-led definition of \"workforce critical subjects\", and requires states to provide an explanation of the subjects they identify as \"workforce critical\".", 
  "sponsor": {
    "bioguide_id": "M001180", 
    "district": "1", 
    "name": "McKinley, David B.", 
    "state": "WV", 
    "thomas_id": "02074", 
    "title": "Rep", 
    "type": "person"
  }, 
  "status": "pass", 
  "status_at": "2015-02-26T17:02:10-05:00", 
  "updated_at": "2016-08-01T13:26:00Z"
}