{
  "actions": [
    {
      "acted_at": "2015-04-29T21:45:48-04:00", 
      "action_code": "H32140", 
      "references": [
        {
          "reference": "CR H2638", 
          "type": "consideration"
        }
      ], 
      "text": "By unanimous consent, the Rice (SC) amendment was withdrawn.", 
      "type": "action"
    }, 
    {
      "acted_at": "2015-04-29T21:40:38-04:00", 
      "action_code": "H3A100", 
      "references": [
        {
          "reference": "CR H2637-2638", 
          "type": "consideration"
        }, 
        {
          "reference": "CR H2637", 
          "type": "text"
        }
      ], 
      "text": "Amendment (A007) offered by Mr. Rice (SC).", 
      "type": "action"
    }, 
    {
      "acted_at": "2015-04-29", 
      "action_code": "", 
      "references": [], 
      "text": "", 
      "type": "action"
    }, 
    {
      "acted_at": "2015-04-29", 
      "action_code": "71000", 
      "references": [], 
      "text": "House amendment offered", 
      "type": "action"
    }, 
    {
      "acted_at": "2015-04-29T21:40:38-04:00", 
      "action_code": "71500", 
      "references": [
        {
          "reference": "CR H2637-2638", 
          "type": "consideration"
        }, 
        {
          "reference": "CR H2637", 
          "type": "text"
        }
      ], 
      "text": "House amendment offered/reported by : Amendment (A007) offered by Mr. Rice (SC).", 
      "type": "action"
    }
  ], 
  "amendment_id": "hamdt157-114", 
  "amendment_type": "hamdt", 
  "amends_amendment": null, 
  "amends_bill": {
    "bill_id": "hr2028-114", 
    "bill_type": "hr", 
    "congress": 114, 
    "number": 2028
  }, 
  "amends_treaty": null, 
  "chamber": "h", 
  "congress": "114", 
  "description": null, 
  "introduced_at": "2015-04-29", 
  "number": 157, 
  "purpose": "An amendment to decrease Regulatory funding by $4,500,000 and increase funding for Operations and Maintenance by a similar amount.", 
  "sponsor": {
    "bioguide_id": "R000597", 
    "district": "7", 
    "name": "Rice, Tom", 
    "state": "SC", 
    "thomas_id": "02160", 
    "title": "Rep", 
    "type": "person"
  }, 
  "status": "offered", 
  "status_at": "2015-04-29", 
  "updated_at": "2016-08-01T13:27:19Z"
}