{
  "actions": [
    {
      "acted_at": "2015-06-11", 
      "action_code": "", 
      "references": [], 
      "text": "", 
      "type": "action"
    }, 
    {
      "acted_at": "2015-06-10T23:11:03-04:00", 
      "action_code": "H32111", 
      "how": "by voice vote", 
      "references": [], 
      "result": "pass", 
      "text": "On agreeing to the Walberg amendment (A040) Agreed to by voice vote.", 
      "type": "vote", 
      "vote_type": "vote", 
      "where": "h"
    }, 
    {
      "acted_at": "2015-06-10T23:05:42-04:00", 
      "action_code": "H3A100", 
      "references": [
        {
          "reference": "CR H4114-4115", 
          "type": "consideration"
        }, 
        {
          "reference": "CR H4114-4115", 
          "type": "text"
        }
      ], 
      "text": "Amendment (A040) offered by Mr. Walberg.", 
      "type": "action"
    }, 
    {
      "acted_at": "2015-06-11", 
      "action_code": "71000", 
      "references": [], 
      "text": "House amendment offered", 
      "type": "action"
    }, 
    {
      "acted_at": "2015-06-10T23:05:42-04:00", 
      "action_code": "71500", 
      "references": [
        {
          "reference": "CR H4114-4115", 
          "type": "consideration"
        }, 
        {
          "reference": "CR H4114-4115", 
          "type": "text"
        }
      ], 
      "text": "House amendment offered/reported by : Amendment (A040) offered by Mr. Walberg.", 
      "type": "action"
    }, 
    {
      "acted_at": "2015-06-10T23:11:03-04:00", 
      "action_code": "72000", 
      "references": [], 
      "text": "House amendment agreed to: On agreeing to the Walberg amendment (A040) Agreed to by voice vote.", 
      "type": "action"
    }, 
    {
      "acted_at": "2015-06-10T23:11:03-04:00", 
      "action_code": "76000", 
      "references": [], 
      "text": "Amendment agreed to Committee of the Whole", 
      "type": "action"
    }
  ], 
  "amendment_id": "hamdt480-114", 
  "amendment_type": "hamdt", 
  "amends_amendment": null, 
  "amends_bill": {
    "bill_id": "hr2685-114", 
    "bill_type": "hr", 
    "congress": 114, 
    "number": 2685
  }, 
  "amends_treaty": null, 
  "chamber": "h", 
  "congress": "114", 
  "description": "Amendment prohibits use of funds to promulgate a proposed policy change by the Department of Labor's Office of Federal Contract Compliance Programs that would treat healthcare providers as Federal contractors.", 
  "introduced_at": "2015-06-11", 
  "number": 480, 
  "purpose": "An amendment to prohibit the use of funds to promulgate Directive 293, issued December 16, 2010, by the Office of Federal Contract Compliance Programs.", 
  "sponsor": {
    "bioguide_id": "W000798", 
    "district": "7", 
    "name": "Walberg, Tim", 
    "state": "MI", 
    "thomas_id": "01855", 
    "title": "Rep", 
    "type": "person"
  }, 
  "status": "pass", 
  "status_at": "2015-06-10T23:11:03-04:00", 
  "updated_at": "2016-08-01T13:27:47Z"
}