{
  "actions": [
    {
      "acted_at": "2015-06-10T22:43:50-04:00", 
      "action_code": "H32111", 
      "how": "roll", 
      "references": [], 
      "result": "fail", 
      "roll": 343, 
      "text": "On agreeing to the Clawson (FL) amendment (A036) Failed by recorded vote: 107 - 323 (Roll no. 343).", 
      "type": "vote", 
      "vote_type": "vote", 
      "where": "h"
    }, 
    {
      "acted_at": "2015-06-10T21:12:18-04:00", 
      "action_code": "H3A100", 
      "references": [
        {
          "reference": "CR H4100-4101, H4112", 
          "type": "consideration"
        }, 
        {
          "reference": "CR H4100", 
          "type": "text"
        }
      ], 
      "text": "Amendment (A036) offered by Mr. Clawson (FL).", 
      "type": "action"
    }, 
    {
      "acted_at": "2015-06-10", 
      "action_code": "", 
      "references": [], 
      "text": "", 
      "type": "action"
    }, 
    {
      "acted_at": "2015-06-10", 
      "action_code": "71000", 
      "references": [], 
      "text": "House amendment offered", 
      "type": "action"
    }, 
    {
      "acted_at": "2015-06-10T21:12:18-04:00", 
      "action_code": "71500", 
      "references": [
        {
          "reference": "CR H4100-4101, H4112", 
          "type": "consideration"
        }, 
        {
          "reference": "CR H4100", 
          "type": "text"
        }
      ], 
      "text": "House amendment offered/reported by : Amendment (A036) offered by Mr. Clawson (FL).", 
      "type": "action"
    }, 
    {
      "acted_at": "2015-06-10T22:43:50-04:00", 
      "action_code": "73000", 
      "references": [], 
      "text": "House amendment not agreed to: On agreeing to the Clawson (FL) amendment (A036) Failed by recorded vote: 107 - 323 (Roll no. 343).", 
      "type": "action"
    }, 
    {
      "acted_at": "2015-06-10T22:43:50-04:00", 
      "action_code": "75000", 
      "references": [], 
      "text": "Roll call votes on amendments in House", 
      "type": "action"
    }, 
    {
      "acted_at": "2015-06-10T22:43:50-04:00", 
      "action_code": "77000", 
      "references": [], 
      "text": "Amendment failed in Committee of the Whole", 
      "type": "action"
    }
  ], 
  "amendment_id": "hamdt476-114", 
  "amendment_type": "hamdt", 
  "amends_amendment": null, 
  "amends_bill": {
    "bill_id": "hr2685-114", 
    "bill_type": "hr", 
    "congress": 114, 
    "number": 2685
  }, 
  "amends_treaty": null, 
  "chamber": "h", 
  "congress": "114", 
  "description": "Amendment sought to eliminate funding for the Syria Train and Equip program and apply the savings of $600 million to the spending reduction account.", 
  "introduced_at": "2015-06-10", 
  "number": 476, 
  "purpose": "An amendment to reduce to $0 the Syria Train and Equip Fund, and apply the savings to the spending reduction account.", 
  "sponsor": {
    "bioguide_id": "C001102", 
    "district": "19", 
    "name": "Clawson, Curt", 
    "state": "FL", 
    "thomas_id": "02200", 
    "title": "Rep", 
    "type": "person"
  }, 
  "status": "fail", 
  "status_at": "2015-06-10T22:43:50-04:00", 
  "updated_at": "2016-08-01T13:27:47Z"
}