{
  "actions": [
    {
      "acted_at": "2015-05-20T16:30:54-04:00", 
      "action_code": "H32111", 
      "how": "by voice vote", 
      "references": [], 
      "result": "pass", 
      "text": "On agreeing to the Jackson Lee amendment (A003) Agreed to by voice vote.", 
      "type": "vote", 
      "vote_type": "vote", 
      "where": "h"
    }, 
    {
      "acted_at": "2015-05-20T16:26:11-04:00", 
      "action_code": "H3A100", 
      "references": [
        {
          "reference": "CR H3447-3449", 
          "type": "consideration"
        }, 
        {
          "reference": "CR H3447-3448", 
          "type": "text"
        }
      ], 
      "text": "Amendment (A003) offered by Ms. Jackson Lee.", 
      "type": "action"
    }, 
    {
      "acted_at": "2015-05-20", 
      "action_code": "", 
      "references": [], 
      "text": "", 
      "type": "action"
    }, 
    {
      "acted_at": "2015-05-20", 
      "action_code": "71000", 
      "references": [], 
      "text": "House amendment offered", 
      "type": "action"
    }, 
    {
      "acted_at": "2015-05-20T16:26:11-04:00", 
      "action_code": "71500", 
      "references": [
        {
          "reference": "CR H3447-3449", 
          "type": "consideration"
        }, 
        {
          "reference": "CR H3447-3448", 
          "type": "text"
        }
      ], 
      "text": "House amendment offered/reported by : Amendment (A003) offered by Ms. Jackson Lee.", 
      "type": "action"
    }, 
    {
      "acted_at": "2015-05-20T16:30:54-04:00", 
      "action_code": "72000", 
      "references": [], 
      "text": "House amendment agreed to: On agreeing to the Jackson Lee amendment (A003) Agreed to by voice vote.", 
      "type": "action"
    }, 
    {
      "acted_at": "2015-05-20T16:30:54-04:00", 
      "action_code": "76000", 
      "references": [], 
      "text": "Amendment agreed to Committee of the Whole", 
      "type": "action"
    }
  ], 
  "amendment_id": "hamdt245-114", 
  "amendment_type": "hamdt", 
  "amends_amendment": null, 
  "amends_bill": {
    "bill_id": "hr1806-114", 
    "bill_type": "hr", 
    "congress": 114, 
    "number": 1806
  }, 
  "amends_treaty": null, 
  "chamber": "h", 
  "congress": "114", 
  "description": "Amendment creates state and regional workshops to train K-12 teachers in science and technology project-based learning to provide instruction in initiating robotics and other STEM competition team development programs. Amendment also leverages the collaboration among higher education, businesses, and local private as well as public education agencies to support STEM efforts at schools located in areas with 1 percent or more above the national unemployment rate.", 
  "introduced_at": "2015-05-20", 
  "number": 245, 
  "purpose": "An amendment No. 3 printed in part A of House Report 114-120 to create state and regional workshops to train K-12 teachers in science and technology project-based learning to provide instruction in initiating robotics and other STEM competition team development programs; and leverage the collaboration among higher education, businesses, and local private as well as public education agencies to support STEM efforts at schools located in areas with 1 percent or more above the national unemployment rate.", 
  "sponsor": {
    "bioguide_id": "J000032", 
    "district": "18", 
    "name": "Jackson Lee, Sheila", 
    "state": "TX", 
    "thomas_id": "00588", 
    "title": "Rep", 
    "type": "person"
  }, 
  "status": "pass", 
  "status_at": "2015-05-20T16:30:54-04:00", 
  "updated_at": "2016-08-01T13:27:11Z"
}