"Candidate","Date","Title","SpeechUrl","FileName"
"Donald J. Trump","June 16, 2015","Remarks Announcing Candidacy for President in New York City","http://www.presidency.ucsb.edu/ws/index.php?pid=110306","Donald-J-Trump-June-16-2015-1.txt"
"Donald J. Trump","March 21, 2016","Remarks at the AIPAC Policy Conference in Washington, DC","http://www.presidency.ucsb.edu/ws/index.php?pid=116597","Donald-J-Trump-March-21-2016-2.txt"
"Donald J. Trump","April 27, 2016","Remarks on Foreign Policy at the National Press Club in Washington, DC","http://www.presidency.ucsb.edu/ws/index.php?pid=117813","Donald-J-Trump-April-27-2016-3.txt"
"Donald J. Trump","June 13, 2016","Remarks at Saint Anselm College in Manchester, New Hampshire","http://www.presidency.ucsb.edu/ws/index.php?pid=117775","Donald-J-Trump-June-13-2016-4.txt"
"Donald J. Trump","June 22, 2016","Remarks at Trump SoHo in New York City","http://www.presidency.ucsb.edu/ws/index.php?pid=117790","Donald-J-Trump-June-22-2016-5.txt"
"Donald J. Trump","July 11, 2016","Remarks in Virginia Beach, Virginia","http://www.presidency.ucsb.edu/ws/index.php?pid=117815","Donald-J-Trump-July-11-2016-6.txt"
"Donald J. Trump","July 16, 2016","Remarks Introducing Governor Mike Pence as the 2016 Republican Vice Presidential Nominee in New York City","http://www.presidency.ucsb.edu/ws/index.php?pid=117791","Donald-J-Trump-July-16-2016-7.txt"
"Donald J. Trump","July 21, 2016","Address Accepting the Presidential Nomination at the Republican National Convention in Cleveland, Ohio","http://www.presidency.ucsb.edu/ws/index.php?pid=117935","Donald-J-Trump-July-21-2016-8.txt"
"Donald J. Trump","July 27, 2016","News Conference in Doral, Florida","http://www.presidency.ucsb.edu/ws/index.php?pid=118047","Donald-J-Trump-July-27-2016-9.txt"
"Donald J. Trump","August 5, 2016","Remarks at the KI Convention Center in Green Bay, Wisconsin","http://www.presidency.ucsb.edu/ws/index.php?pid=123199","Donald-J-Trump-August-5-2016-10.txt"
"Donald J. Trump","August 8, 2016","Remarks to the Detroit Economic Club","http://www.presidency.ucsb.edu/ws/index.php?pid=119744","Donald-J-Trump-August-8-2016-11.txt"
"Donald J. Trump","August 9, 2016","Remarks at a Rally at the University of North Carolina in Wilmington","http://www.presidency.ucsb.edu/ws/index.php?pid=122534","Donald-J-Trump-August-9-2016-12.txt"
"Donald J. Trump","August 12, 2016","Remarks at Erie Insurance Arena in Erie, Pennsylvania","http://www.presidency.ucsb.edu/ws/index.php?pid=123515","Donald-J-Trump-August-12-2016-13.txt"
"Donald J. Trump","August 15, 2016","Remarks at Youngstown State University in Youngstown, Ohio","http://www.presidency.ucsb.edu/ws/index.php?pid=119503","Donald-J-Trump-August-15-2016-14.txt"
"Donald J. Trump","August 16, 2016","Remarks at the Washington County Fair Park in West Bend, Wisconsin","http://www.presidency.ucsb.edu/ws/index.php?pid=119165","Donald-J-Trump-August-16-2016-15.txt"
"Donald J. Trump","August 18, 2016","Remarks at the Charlotte Convention Center in Charlotte, North Carolina","http://www.presidency.ucsb.edu/ws/index.php?pid=119175","Donald-J-Trump-August-18-2016-16.txt"
"Donald J. Trump","August 19, 2016","Remarks at the Summit Sports and Ice Complex in Dimondale, Michigan","http://www.presidency.ucsb.edu/ws/index.php?pid=123197","Donald-J-Trump-August-19-2016-17.txt"
"Donald J. Trump","August 23, 2016","Remarks at Luedecke Arena in Austin, Texas","http://www.presidency.ucsb.edu/ws/index.php?pid=119176","Donald-J-Trump-August-23-2016-18.txt"
"Donald J. Trump","August 24, 2016","Remarks at the Mississippi Coliseum in Jackson, Mississippi","http://www.presidency.ucsb.edu/ws/index.php?pid=123198","Donald-J-Trump-August-24-2016-19.txt"
"Donald J. Trump","August 30, 2016","Remarks at the XFinity Arena in Everett, Washington","http://www.presidency.ucsb.edu/ws/index.php?pid=119806","Donald-J-Trump-August-30-2016-20.txt"
"Donald J. Trump","August 31, 2016","Remarks on Immigration at the Phoenix Convention Center in Phoenix, Arizona","http://www.presidency.ucsb.edu/ws/index.php?pid=119805","Donald-J-Trump-August-31-2016-21.txt"
"Donald J. Trump","September 1, 2016","Remarks to the American Legion in Cincinnati, Ohio","http://www.presidency.ucsb.edu/ws/index.php?pid=119196","Donald-J-Trump-September-1-2016-22.txt"
"Donald J. Trump","September 1, 2016","Remarks at the Roberts Centre in Wilmington, Ohio","http://www.presidency.ucsb.edu/ws/index.php?pid=119198","Donald-J-Trump-September-1-2016-23.txt"
"Donald J. Trump","September 3, 2016","Remarks at Great Faith International Ministries in Detroit, Michigan","http://www.presidency.ucsb.edu/ws/index.php?pid=119199","Donald-J-Trump-September-3-2016-24.txt"
"Donald J. Trump","September 6, 2016","Remarks at a Rally at the Greenville Convention Center in Greenville, North Carolina","http://www.presidency.ucsb.edu/ws/index.php?pid=119197","Donald-J-Trump-September-6-2016-25.txt"
"Donald J. Trump","September 7, 2016","Remarks at the Union League of Philadelphia in Philadelphia, Pennsylvania","http://www.presidency.ucsb.edu/ws/index.php?pid=119177","Donald-J-Trump-September-7-2016-26.txt"
"Donald J. Trump","September 8, 2016","Remarks at the Cleveland Arts and Social Sciences Academy in Cleveland, Ohio","http://www.presidency.ucsb.edu/ws/index.php?pid=119195","Donald-J-Trump-September-8-2016-27.txt"
"Donald J. Trump","September 9, 2016","Remarks to the 11th Annual Values Voter Summit in Washington, DC Omni Shoreham Hotel, Washington, D.C.","http://www.presidency.ucsb.edu/ws/index.php?pid=119194","Donald-J-Trump-September-9-2016-28.txt"
"Donald J. Trump","September 9, 2016","Remarks at a Rally at the Pensacola Bay Center in Pensacola, Florida","http://www.presidency.ucsb.edu/ws/index.php?pid=119204","Donald-J-Trump-September-9-2016-29.txt"
"Donald J. Trump","September 12, 2016","Remarks at the US Cellular Center in Asheville, North Carolina","http://www.presidency.ucsb.edu/ws/index.php?pid=119178","Donald-J-Trump-September-12-2016-30.txt"
"Donald J. Trump","September 12, 2016","Address to the National Guard Association of the United States 138th General Conference & Exhibition at the Baltimore Convention Center in Baltimore, Maryland","http://www.presidency.ucsb.edu/ws/index.php?pid=119205","Donald-J-Trump-September-12-2016-31.txt"
"Donald J. Trump","September 13, 2016","Remarks at Aston Community Center in Aston, Pennsylvania","http://www.presidency.ucsb.edu/ws/index.php?pid=119193","Donald-J-Trump-September-13-2016-32.txt"
"Donald J. Trump","September 13, 2016","Remarks at Seven Flags Event Center in Des Moines, Iowa","http://www.presidency.ucsb.edu/ws/index.php?pid=119206","Donald-J-Trump-September-13-2016-33.txt"
"Donald J. Trump","September 14, 2016","Remarks at a Rally at Canton Memorial Civic Center in Canton, Ohio","http://www.presidency.ucsb.edu/ws/index.php?pid=119190","Donald-J-Trump-September-14-2016-34.txt"
"Donald J. Trump","September 15, 2016","Remarks to the Economic Club of New York at the Waldorf Astoria in New York City","http://www.presidency.ucsb.edu/ws/index.php?pid=119209","Donald-J-Trump-September-15-2016-35.txt"
"Donald J. Trump","September 16, 2016","Remarks at a Rally at the James L. Knight Center in Miami, Florida","http://www.presidency.ucsb.edu/ws/index.php?pid=119208","Donald-J-Trump-September-16-2016-36.txt"
"Donald J. Trump","September 17, 2016","Remarks at the Remembrance Project Luncheon at the Omni Houston Hotel at Westside in Houston, Texas","http://www.presidency.ucsb.edu/ws/index.php?pid=119207","Donald-J-Trump-September-17-2016-37.txt"
"Donald J. Trump","September 20, 2016","Remarks at High Point University in High Point, North Carolina","http://www.presidency.ucsb.edu/ws/index.php?pid=119192","Donald-J-Trump-September-20-2016-38.txt"
"Donald J. Trump","September 22, 2016","Remarks at a Rally at Sun Center Studios in Chester Township, Pennsylvania","http://www.presidency.ucsb.edu/ws/index.php?pid=119189","Donald-J-Trump-September-22-2016-39.txt"
"Donald J. Trump","September 22, 2016","Remarks at the Shale Insight TM Conferencee at the David L. Lawrence Convention Center in Pittsburgh, Pennsylvania","http://www.presidency.ucsb.edu/ws/index.php?pid=119191","Donald-J-Trump-September-22-2016-40.txt"
"Donald J. Trump","September 24, 2016","Remarks at a Rally at Berglund Center in Roanoke, Virginia","http://www.presidency.ucsb.edu/ws/index.php?pid=119203","Donald-J-Trump-September-24-2016-41.txt"
"Donald J. Trump","September 28, 2016","Remarks at a Rally at the Mid-America Center in Council Bluffs, Iowa","http://www.presidency.ucsb.edu/ws/index.php?pid=119200","Donald-J-Trump-September-28-2016-42.txt"
"Donald J. Trump","September 28, 2016","Remarks at a Rally at Waukesha County Expo Center in Waukesha, Wisconsin","http://www.presidency.ucsb.edu/ws/index.php?pid=119201","Donald-J-Trump-September-28-2016-43.txt"
"Donald J. Trump","September 29, 2016","Remarks at a Rally at the New Hampshire Sportsplex in Bedford, New Hampshire","http://www.presidency.ucsb.edu/ws/index.php?pid=119202","Donald-J-Trump-September-29-2016-44.txt"
"Donald J. Trump","September 30, 2016","Remarks at the Suburban Collection Showplace in Novi, Michigan","http://www.presidency.ucsb.edu/ws/index.php?pid=119179","Donald-J-Trump-September-30-2016-45.txt"
"Donald J. Trump","October 3, 2016","Remarks at the Pueblo Convention Center in Pueblo, Colorado","http://www.presidency.ucsb.edu/ws/index.php?pid=119166","Donald-J-Trump-October-3-2016-46.txt"
"Donald J. Trump","October 3, 2016","Remarks at the Budweiser Events Center in Loveland, Colorado","http://www.presidency.ucsb.edu/ws/index.php?pid=119167","Donald-J-Trump-October-3-2016-47.txt"
"Donald J. Trump","October 4, 2016","Remarks at Prescott Valley Event Center in Prescott Valley, Arizona","http://www.presidency.ucsb.edu/ws/index.php?pid=119168","Donald-J-Trump-October-4-2016-48.txt"
"Donald J. Trump","October 5, 2016","Remarks at Henderson Pavilion in Henderson, Nevada","http://www.presidency.ucsb.edu/ws/index.php?pid=119169","Donald-J-Trump-October-5-2016-49.txt"
"Donald J. Trump","October 5, 2016","Remarks at the Reno-Sparks Convention Center in Reno, Nevada","http://www.presidency.ucsb.edu/ws/index.php?pid=119170","Donald-J-Trump-October-5-2016-50.txt"
"Donald J. Trump","October 11, 2016","Excerpts of Remarks at Aaron Bessant Park in Panama City, Florida","http://www.presidency.ucsb.edu/ws/index.php?pid=119171","Donald-J-Trump-October-11-2016-51.txt"
"Donald J. Trump","October 12, 2016","Remarks at the Southeastern Livestock Pavilion in Ocala, Florida","http://www.presidency.ucsb.edu/ws/index.php?pid=123517","Donald-J-Trump-October-12-2016-52.txt"
"Donald J. Trump","October 13, 2016","Remarks at the Renaissance Hotel in Columbus, Ohio","http://www.presidency.ucsb.edu/ws/index.php?pid=119173","Donald-J-Trump-October-13-2016-53.txt"
"Donald J. Trump","October 13, 2016","Remarks at the South Florida Fair Expo Center in West Palm Beach, Florida","http://www.presidency.ucsb.edu/ws/index.php?pid=119180","Donald-J-Trump-October-13-2016-54.txt"
"Donald J. Trump","October 15, 2016","Remarks at the Cross Insurance Center in Bangor, Maine","http://www.presidency.ucsb.edu/ws/index.php?pid=119172","Donald-J-Trump-October-15-2016-55.txt"
"Donald J. Trump","October 15, 2016","Remarks at Toyota of Portsmouth in Portsmouth, New Hampshire","http://www.presidency.ucsb.edu/ws/index.php?pid=119174","Donald-J-Trump-October-15-2016-56.txt"
"Donald J. Trump","October 17, 2016","Remarks at the KI Convention Center in Green Bay, Wisconsin","http://www.presidency.ucsb.edu/ws/index.php?pid=119183","Donald-J-Trump-October-17-2016-57.txt"
"Donald J. Trump","October 18, 2016","Remarks at the Norris-Penrose Event Center in Colorado Springs, Colorado","http://www.presidency.ucsb.edu/ws/index.php?pid=123516","Donald-J-Trump-October-18-2016-58.txt"
"Donald J. Trump","October 20, 2016","Remarks at the Delaware County Fairgrounds in Delaware, Ohio","http://www.presidency.ucsb.edu/ws/index.php?pid=119184","Donald-J-Trump-October-20-2016-59.txt"
"Donald J. Trump","October 21, 2016","Remarks at the WNC Agricultural Center's Davis Event Center in Fletcher, North Carolina","http://www.presidency.ucsb.edu/ws/index.php?pid=119185","Donald-J-Trump-October-21-2016-60.txt"
"Donald J. Trump","October 21, 2016","Remarks at the Newtown Athletic Club Sports Training Center in Newtown, Pennsylvania","http://www.presidency.ucsb.edu/ws/index.php?pid=119186","Donald-J-Trump-October-21-2016-61.txt"
"Donald J. Trump","October 22, 2016","Remarks on Proposals for the First 100 Days in Office at the Eisenhower Complex in Gettysburg, Pennsylvania","http://www.presidency.ucsb.edu/ws/index.php?pid=119875","Donald-J-Trump-October-22-2016-62.txt"
"Donald J. Trump","October 23, 2016","Remarks at the Collier County Fairgrounds in Naples, Florida","http://www.presidency.ucsb.edu/ws/index.php?pid=119187","Donald-J-Trump-October-23-2016-63.txt"
"Donald J. Trump","October 26, 2016","Remarks at McGlohon Theatre at Spirit Square in Charlotte, North Carolina","http://www.presidency.ucsb.edu/ws/index.php?pid=119188","Donald-J-Trump-October-26-2016-64.txt"
"Donald J. Trump","October 27, 2016","Remarks at the Champions Center Expo in Springfield, Ohio","http://www.presidency.ucsb.edu/ws/index.php?pid=123518","Donald-J-Trump-October-27-2016-65.txt"
"Donald J. Trump","October 28, 2016","Remarks at Radisson Armory in Manchester, New Hampshire","http://www.presidency.ucsb.edu/ws/index.php?pid=123519","Donald-J-Trump-October-28-2016-66.txt"
"Donald J. Trump","October 29, 2016","Remarks at the Jeffco Fairgrounds Event Center in Golden, Colorado","http://www.presidency.ucsb.edu/ws/index.php?pid=119181","Donald-J-Trump-October-29-2016-67.txt"
"Donald J. Trump","October 29, 2016","Remarks at the Phoenix Convention Center in Phoenix, Arizona","http://www.presidency.ucsb.edu/ws/index.php?pid=119182","Donald-J-Trump-October-29-2016-68.txt"
"Donald J. Trump","October 31, 2016","Remarks at Macomb Community College South Campus in Warren, Michigan","http://www.presidency.ucsb.edu/ws/index.php?pid=122537","Donald-J-Trump-October-31-2016-69.txt"
"Donald J. Trump","November 1, 2016","Remarks on Obamacare in Valley Forge, Pennsylvania","http://www.presidency.ucsb.edu/ws/index.php?pid=122535","Donald-J-Trump-November-1-2016-70.txt"
"Donald J. Trump","November 2, 2016","Remarks at the Central Florida Fairgrounds in Orlando, Florida","http://www.presidency.ucsb.edu/ws/index.php?pid=123513","Donald-J-Trump-November-2-2016-71.txt"
"Donald J. Trump","November 2, 2016","Remarks at the Bayfront Park Amphitheater in Miami, Florida","http://www.presidency.ucsb.edu/ws/index.php?pid=123514","Donald-J-Trump-November-2-2016-72.txt"
"Donald J. Trump","November 7, 2016","Remarks at J.S Dorton Arena in Raleigh, North Carolina","http://www.presidency.ucsb.edu/ws/index.php?pid=122536","Donald-J-Trump-November-7-2016-73.txt"
"Donald J. Trump","November 9, 2016","Remarks in New York City Accepting Election as the 45th President of the United States","http://www.presidency.ucsb.edu/ws/index.php?pid=119495","Donald-J-Trump-November-9-2016-74.txt"
