{
  "actions": [
    {
      "acted_at": "2015-02-04T15:49:54-05:00", 
      "action_code": "H32111", 
      "how": "roll", 
      "references": [], 
      "result": "fail", 
      "roll": 62, 
      "text": "On agreeing to the Connolly amendment (A004) Failed by recorded vote: 173 - 249 (Roll no. 62).", 
      "type": "vote", 
      "vote_type": "vote", 
      "where": "h"
    }, 
    {
      "acted_at": "2015-02-04T15:06:15-05:00", 
      "action_code": "H3A100", 
      "references": [
        {
          "reference": "CR H783-784, H785", 
          "type": "consideration"
        }, 
        {
          "reference": "CR H783", 
          "type": "text"
        }
      ], 
      "text": "Amendment (A004) offered by Mr. Connolly.", 
      "type": "action"
    }, 
    {
      "acted_at": "2015-02-04", 
      "action_code": "", 
      "references": [], 
      "text": "", 
      "type": "action"
    }, 
    {
      "acted_at": "2015-02-04", 
      "action_code": "71000", 
      "references": [], 
      "text": "House amendment offered", 
      "type": "action"
    }, 
    {
      "acted_at": "2015-02-04T15:06:15-05:00", 
      "action_code": "71500", 
      "references": [
        {
          "reference": "CR H783-784, H785", 
          "type": "consideration"
        }, 
        {
          "reference": "CR H783", 
          "type": "text"
        }
      ], 
      "text": "House amendment offered/reported by : Amendment (A004) offered by Mr. Connolly.", 
      "type": "action"
    }, 
    {
      "acted_at": "2015-02-04T15:49:54-05:00", 
      "action_code": "73000", 
      "references": [], 
      "text": "House amendment not agreed to: On agreeing to the Connolly amendment (A004) Failed by recorded vote: 173 - 249 (Roll no. 62).", 
      "type": "action"
    }, 
    {
      "acted_at": "2015-02-04T15:49:54-05:00", 
      "action_code": "75000", 
      "references": [], 
      "text": "Roll call votes on amendments in House", 
      "type": "action"
    }, 
    {
      "acted_at": "2015-02-04T15:49:54-05:00", 
      "action_code": "77000", 
      "references": [], 
      "text": "Amendment failed in Committee of the Whole", 
      "type": "action"
    }
  ], 
  "amendment_id": "hamdt15-114", 
  "amendment_type": "hamdt", 
  "amends_amendment": null, 
  "amends_bill": {
    "bill_id": "hr50-114", 
    "bill_type": "hr", 
    "congress": 114, 
    "number": 50
  }, 
  "amends_treaty": null, 
  "chamber": "h", 
  "congress": "114", 
  "description": "Amendment sought to provide that in the event that the average annual rate of real gross domestic product (GDP) growth remains below 5 percent over the first four calendar quarters occurring after the date of enactment of H.R. 50, then the statutory changes made by the bill would be repealed.", 
  "introduced_at": "2015-02-04", 
  "number": 15, 
  "purpose": null, 
  "sponsor": {
    "bioguide_id": "C001078", 
    "district": "11", 
    "name": "Connolly, Gerald E.", 
    "state": "VA", 
    "thomas_id": "01959", 
    "title": "Rep", 
    "type": "person"
  }, 
  "status": "fail", 
  "status_at": "2015-02-04T15:49:54-05:00", 
  "updated_at": "2016-08-01T13:26:05Z"
}