{
  "actions": [
    {
      "acted_at": "2015-05-15T10:20:49-04:00", 
      "action_code": "H32111", 
      "how": "roll", 
      "references": [
        {
          "reference": "CR H3230", 
          "type": "consideration"
        }
      ], 
      "result": "pass", 
      "roll": 233, 
      "text": "On agreeing to the Rohrabacher amendment (A010) Agreed to by recorded vote: 413 - 1, 2 Present (Roll no. 233).", 
      "type": "vote", 
      "vote_type": "vote", 
      "where": "h"
    }, 
    {
      "acted_at": "2015-05-14T19:29:37-04:00", 
      "action_code": "H3A100", 
      "references": [
        {
          "reference": "CR H3181-3182", 
          "type": "consideration"
        }, 
        {
          "reference": "CR H3181", 
          "type": "text"
        }
      ], 
      "text": "Amendment (A010) offered by Mr. Rohrabacher.", 
      "type": "action"
    }, 
    {
      "acted_at": "2015-05-14", 
      "action_code": "", 
      "references": [], 
      "text": "", 
      "type": "action"
    }, 
    {
      "acted_at": "2015-05-14", 
      "action_code": "71000", 
      "references": [], 
      "text": "House amendment offered", 
      "type": "action"
    }, 
    {
      "acted_at": "2015-05-14T19:29:37-04:00", 
      "action_code": "71500", 
      "references": [
        {
          "reference": "CR H3181-3182", 
          "type": "consideration"
        }, 
        {
          "reference": "CR H3181", 
          "type": "text"
        }
      ], 
      "text": "House amendment offered/reported by : Amendment (A010) offered by Mr. Rohrabacher.", 
      "type": "action"
    }, 
    {
      "acted_at": "2015-05-15T10:20:49-04:00", 
      "action_code": "75000", 
      "references": [], 
      "text": "Roll call votes on amendments in House", 
      "type": "action"
    }, 
    {
      "acted_at": "2015-05-15T10:20:49-04:00", 
      "action_code": "76000", 
      "references": [], 
      "text": "Amendment agreed to Committee of the Whole", 
      "type": "action"
    }, 
    {
      "acted_at": "2015-05-15T10:20:49-04:00", 
      "action_code": "72000", 
      "references": [
        {
          "reference": "CR H3230", 
          "type": "consideration"
        }
      ], 
      "text": "House amendment agreed to: On agreeing to the Rohrabacher amendment (A010) Agreed to by recorded vote: 413 - 1, 2 Present (Roll no. 233).", 
      "type": "action"
    }
  ], 
  "amendment_id": "hamdt225-114", 
  "amendment_type": "hamdt", 
  "amends_amendment": null, 
  "amends_bill": {
    "bill_id": "hr1735-114", 
    "bill_type": "hr", 
    "congress": 114, 
    "number": 1735
  }, 
  "amends_treaty": null, 
  "chamber": "h", 
  "congress": "114", 
  "description": "Amendment acknowledges Dr. Afridi's instrumental role in identifying the hiding place of Osama bin Laden and further states that it is the Sense of Congress that Dr. Shakil Afridi is an international hero and that the Government of Pakistan should release him immediately from prison.", 
  "introduced_at": "2015-05-14", 
  "number": 225, 
  "purpose": "An amendment No. 23 printed in House Report 114-112 to acknowledge Dr. Afridi's instrumental role in identifying the hiding place of Osama bin Laden and to further state that it is the Sense of Congress that Dr. Shakil Afridi is an international hero and that the Government of Pakistan should release him immediately from prison.", 
  "sponsor": {
    "bioguide_id": "R000409", 
    "district": "48", 
    "name": "Rohrabacher, Dana", 
    "state": "CA", 
    "thomas_id": "00979", 
    "title": "Rep", 
    "type": "person"
  }, 
  "status": "pass", 
  "status_at": "2015-05-15T10:20:49-04:00", 
  "updated_at": "2016-06-15T13:41:50Z"
}