{
  "actions": [
    {
      "acted_at": "2015-04-29T16:24:21-04:00", 
      "action_code": "H32111", 
      "how": "by voice vote", 
      "references": [], 
      "result": "pass", 
      "text": "On agreeing to the Gosar amendment (A005) Agreed to by voice vote.", 
      "type": "vote", 
      "vote_type": "vote", 
      "where": "h"
    }, 
    {
      "acted_at": "2015-04-29T16:22:17-04:00", 
      "action_code": "H3A100", 
      "references": [
        {
          "reference": "CR H2592", 
          "type": "consideration"
        }, 
        {
          "reference": "CR H2592", 
          "type": "text"
        }
      ], 
      "text": "Amendment (A005) offered by Mr. Gosar.", 
      "type": "action"
    }, 
    {
      "acted_at": "2015-04-29", 
      "action_code": "", 
      "references": [], 
      "text": "", 
      "type": "action"
    }, 
    {
      "acted_at": "2015-04-29", 
      "action_code": "71000", 
      "references": [], 
      "text": "House amendment offered", 
      "type": "action"
    }, 
    {
      "acted_at": "2015-04-29T16:22:17-04:00", 
      "action_code": "71500", 
      "references": [
        {
          "reference": "CR H2592", 
          "type": "consideration"
        }, 
        {
          "reference": "CR H2592", 
          "type": "text"
        }
      ], 
      "text": "House amendment offered/reported by : Amendment (A005) offered by Mr. Gosar.", 
      "type": "action"
    }, 
    {
      "acted_at": "2015-04-29T16:24:21-04:00", 
      "action_code": "72000", 
      "references": [], 
      "text": "House amendment agreed to: On agreeing to the Gosar amendment (A005) Agreed to by voice vote.", 
      "type": "action"
    }, 
    {
      "acted_at": "2015-04-29T16:24:21-04:00", 
      "action_code": "76000", 
      "references": [], 
      "text": "Amendment agreed to Committee of the Whole", 
      "type": "action"
    }
  ], 
  "amendment_id": "hamdt112-114", 
  "amendment_type": "hamdt", 
  "amends_amendment": null, 
  "amends_bill": {
    "bill_id": "hr2029-114", 
    "bill_type": "hr", 
    "congress": 114, 
    "number": 2029
  }, 
  "amends_treaty": null, 
  "chamber": "h", 
  "congress": "114", 
  "description": "Amendment first reduces then increases funding by $8 million in order to reprogram money within the Veterans Benefits Administration from the Office of General Counsel toward the hiring and training of personnel for reduction of the VA claims backlog.", 
  "introduced_at": "2015-04-29", 
  "number": 112, 
  "purpose": "An amendment to reduce then increase funds for the Departmental Administration General Administration in the Department of Veterans Affairs by $8,000,000.", 
  "sponsor": {
    "bioguide_id": "G000565", 
    "district": "4", 
    "name": "Gosar, Paul A.", 
    "state": "AZ", 
    "thomas_id": "01992", 
    "title": "Rep", 
    "type": "person"
  }, 
  "status": "pass", 
  "status_at": "2015-04-29T16:24:21-04:00", 
  "updated_at": "2016-08-01T13:27:21Z"
}