{
  "actions": [
    {
      "acted_at": "2015-05-21T11:35:56-04:00", 
      "action_code": "H32111", 
      "how": "by voice vote", 
      "references": [], 
      "result": "pass", 
      "text": "On agreeing to the Rohrabacher amendment (A003) Agreed to by voice vote.", 
      "type": "vote", 
      "vote_type": "vote", 
      "where": "h"
    }, 
    {
      "acted_at": "2015-05-21T11:31:39-04:00", 
      "action_code": "H3A100", 
      "references": [
        {
          "reference": "CR H3525-3526", 
          "type": "consideration"
        }, 
        {
          "reference": "CR H3526", 
          "type": "text"
        }
      ], 
      "text": "Amendment (A003) offered by Mr. Rohrabacher.", 
      "type": "action"
    }, 
    {
      "acted_at": "2015-05-21", 
      "action_code": "", 
      "references": [], 
      "text": "", 
      "type": "action"
    }, 
    {
      "acted_at": "2015-05-21", 
      "action_code": "71000", 
      "references": [], 
      "text": "House amendment offered", 
      "type": "action"
    }, 
    {
      "acted_at": "2015-05-21T11:31:39-04:00", 
      "action_code": "71500", 
      "references": [
        {
          "reference": "CR H3525-3526", 
          "type": "consideration"
        }, 
        {
          "reference": "CR H3526", 
          "type": "text"
        }
      ], 
      "text": "House amendment offered/reported by : Amendment (A003) offered by Mr. Rohrabacher.", 
      "type": "action"
    }, 
    {
      "acted_at": "2015-05-21T11:35:56-04:00", 
      "action_code": "72000", 
      "references": [], 
      "text": "House amendment agreed to: On agreeing to the Rohrabacher amendment (A003) Agreed to by voice vote.", 
      "type": "action"
    }, 
    {
      "acted_at": "2015-05-21T11:35:56-04:00", 
      "action_code": "76000", 
      "references": [], 
      "text": "Amendment agreed to Committee of the Whole", 
      "type": "action"
    }
  ], 
  "amendment_id": "hamdt257-114", 
  "amendment_type": "hamdt", 
  "amends_amendment": null, 
  "amends_bill": {
    "bill_id": "hr2262-114", 
    "bill_type": "hr", 
    "congress": 114, 
    "number": 2262
  }, 
  "amends_treaty": null, 
  "chamber": "h", 
  "congress": "114", 
  "description": "Amendment creates an independent study regarding indemnification for spaceflight participants including options, unintended consequences, and potential costs.", 
  "introduced_at": "2015-05-21", 
  "number": 257, 
  "purpose": "An amenmdment numbered 3 printed in Part A of House Report 114-127 to create an independent study regarding indemnification for spaceflight participants including options, unintended consequences, and potential costs.", 
  "sponsor": {
    "bioguide_id": "R000409", 
    "district": "48", 
    "name": "Rohrabacher, Dana", 
    "state": "CA", 
    "thomas_id": "00979", 
    "title": "Rep", 
    "type": "person"
  }, 
  "status": "pass", 
  "status_at": "2015-05-21T11:35:56-04:00", 
  "updated_at": "2016-08-01T13:27:29Z"
}