{
  "actions": [
    {
      "acted_at": "2015-02-26T21:09:23-05:00", 
      "action_code": "H32111", 
      "how": "by voice vote", 
      "references": [], 
      "result": "pass", 
      "text": "On agreeing to the Davis (CA) amendment (A029) Agreed to by voice vote.", 
      "type": "vote", 
      "vote_type": "vote", 
      "where": "h"
    }, 
    {
      "acted_at": "2015-02-26T21:05:25-05:00", 
      "action_code": "H3A100", 
      "references": [
        {
          "reference": "CR H1283", 
          "type": "consideration"
        }, 
        {
          "reference": "CR H1283", 
          "type": "text"
        }
      ], 
      "text": "Amendment (A029) offered by Mrs. Davis (CA).", 
      "type": "action"
    }, 
    {
      "acted_at": "2015-02-26", 
      "action_code": "", 
      "references": [], 
      "text": "", 
      "type": "action"
    }, 
    {
      "acted_at": "2015-02-26", 
      "action_code": "71000", 
      "references": [], 
      "text": "House amendment offered", 
      "type": "action"
    }, 
    {
      "acted_at": "2015-02-26T21:05:25-05:00", 
      "action_code": "71500", 
      "references": [
        {
          "reference": "CR H1283", 
          "type": "consideration"
        }, 
        {
          "reference": "CR H1283", 
          "type": "text"
        }
      ], 
      "text": "House amendment offered/reported by : Amendment (A029) offered by Mrs. Davis (CA).", 
      "type": "action"
    }, 
    {
      "acted_at": "2015-02-26T21:09:23-05:00", 
      "action_code": "72000", 
      "references": [], 
      "text": "House amendment agreed to: On agreeing to the Davis (CA) amendment (A029) Agreed to by voice vote.", 
      "type": "action"
    }, 
    {
      "acted_at": "2015-02-26T21:09:23-05:00", 
      "action_code": "76000", 
      "references": [], 
      "text": "Amendment agreed to Committee of the Whole", 
      "type": "action"
    }
  ], 
  "amendment_id": "hamdt52-114", 
  "amendment_type": "hamdt", 
  "amends_amendment": null, 
  "amends_bill": {
    "bill_id": "hr5-114", 
    "bill_type": "hr", 
    "congress": 114, 
    "number": 5
  }, 
  "amends_treaty": null, 
  "chamber": "h", 
  "congress": "114", 
  "description": "Amendment clarifies the definition of \"school leader\" so that it explicitly refers to a school principal as opposed to an off-site administrator.", 
  "introduced_at": "2015-02-26", 
  "number": 52, 
  "purpose": "An amendment No. 29 printed in part B of House Report 114-29 to clarify the definition of \"school leader\" such that it explicitly refers to a school principal as opposed to an off-site administrator.", 
  "sponsor": {
    "bioguide_id": "D000598", 
    "district": "53", 
    "name": "Davis, Susan A.", 
    "state": "CA", 
    "thomas_id": "01641", 
    "title": "Rep", 
    "type": "person"
  }, 
  "status": "pass", 
  "status_at": "2015-02-26T21:09:23-05:00", 
  "updated_at": "2016-08-01T13:26:00Z"
}