{
  "actions": [
    {
      "acted_at": "2015-03-25T16:42:49-04:00", 
      "action_code": "H32111", 
      "how": "roll", 
      "references": [], 
      "result": "fail", 
      "roll": 138, 
      "text": "On agreeing to the Stutzman amendment (A003) Failed by recorded vote: 132 - 294 (Roll no. 138).", 
      "type": "vote", 
      "vote_type": "vote", 
      "where": "h"
    }, 
    {
      "acted_at": "2015-03-25T14:44:17-04:00", 
      "action_code": "H3A100", 
      "references": [
        {
          "reference": "CR H1946-1963, H1981-1982", 
          "type": "consideration"
        }, 
        {
          "reference": "CR H1946-1959", 
          "type": "text"
        }
      ], 
      "text": "Amendment (A003) in the nature of a substitute offered by Mr. Stutzman.", 
      "type": "action"
    }, 
    {
      "acted_at": "2015-03-25", 
      "action_code": "", 
      "references": [], 
      "text": "", 
      "type": "action"
    }, 
    {
      "acted_at": "2015-03-25", 
      "action_code": "71000", 
      "references": [], 
      "text": "House amendment offered", 
      "type": "action"
    }, 
    {
      "acted_at": "2015-03-25T14:44:17-04:00", 
      "action_code": "71500", 
      "references": [
        {
          "reference": "CR H1946-1963, H1981-1982", 
          "type": "consideration"
        }, 
        {
          "reference": "CR H1946-1959", 
          "type": "text"
        }
      ], 
      "text": "House amendment offered/reported by : Amendment (A003) in the nature of a substitute offered by Mr. Stutzman.", 
      "type": "action"
    }, 
    {
      "acted_at": "2015-03-25T16:42:49-04:00", 
      "action_code": "73000", 
      "references": [], 
      "text": "House amendment not agreed to: On agreeing to the Stutzman amendment (A003) Failed by recorded vote: 132 - 294 (Roll no. 138).", 
      "type": "action"
    }, 
    {
      "acted_at": "2015-03-25T16:42:49-04:00", 
      "action_code": "75000", 
      "references": [], 
      "text": "Roll call votes on amendments in House", 
      "type": "action"
    }, 
    {
      "acted_at": "2015-03-25T16:42:49-04:00", 
      "action_code": "77000", 
      "references": [], 
      "text": "Amendment failed in Committee of the Whole", 
      "type": "action"
    }
  ], 
  "amendment_id": "hamdt83-114", 
  "amendment_type": "hamdt", 
  "amends_amendment": null, 
  "amends_bill": {
    "bill_id": "hconres27-114", 
    "bill_type": "hconres", 
    "congress": 114, 
    "number": 27
  }, 
  "amends_treaty": null, 
  "chamber": "h", 
  "congress": "114", 
  "description": "Amendment in the nature of a substitute printed in House Report 114-49 and numbered 3 was offered as the Republican Study Committee substitute.", 
  "introduced_at": "2015-03-25", 
  "number": 83, 
  "purpose": "An amendment in the nature of a substitute No. 3 printed in House Report 114-49 representing the Republican Study Committee to provide for a balanced budget in six years, encourage pro-growth tax reform and to provide for a national defense.", 
  "sponsor": {
    "bioguide_id": "S001188", 
    "district": "3", 
    "name": "Stutzman, Marlin A.", 
    "state": "IN", 
    "thomas_id": "01981", 
    "title": "Rep", 
    "type": "person"
  }, 
  "status": "fail", 
  "status_at": "2015-03-25T16:42:49-04:00", 
  "updated_at": "2016-08-01T13:25:25Z"
}