{
  "actions": [
    {
      "acted_at": "2015-06-04T10:43:53-04:00", 
      "action_code": "H32111", 
      "how": "by voice vote", 
      "references": [], 
      "result": "pass", 
      "text": "On agreeing to the Gallego amendment (A051) Agreed to by voice vote.", 
      "type": "vote", 
      "vote_type": "vote", 
      "where": "h"
    }, 
    {
      "acted_at": "2015-06-04T10:37:07-04:00", 
      "action_code": "H3A100", 
      "references": [
        {
          "reference": "CR H3891-3892", 
          "type": "consideration"
        }, 
        {
          "reference": "H3891", 
          "type": "text"
        }
      ], 
      "text": "Amendment (A051) offered by Mr. Gallego.", 
      "type": "action"
    }, 
    {
      "acted_at": "2015-06-04", 
      "action_code": "", 
      "references": [], 
      "text": "", 
      "type": "action"
    }, 
    {
      "acted_at": "2015-06-04", 
      "action_code": "71000", 
      "references": [], 
      "text": "House amendment offered", 
      "type": "action"
    }, 
    {
      "acted_at": "2015-06-04T10:37:07-04:00", 
      "action_code": "71500", 
      "references": [
        {
          "reference": "CR H3891-3892", 
          "type": "consideration"
        }, 
        {
          "reference": "H3891", 
          "type": "text"
        }
      ], 
      "text": "House amendment offered/reported by : Amendment (A051) offered by Mr. Gallego.", 
      "type": "action"
    }, 
    {
      "acted_at": "2015-06-04T10:43:53-04:00", 
      "action_code": "72000", 
      "references": [], 
      "text": "House amendment agreed to: On agreeing to the Gallego amendment (A051) Agreed to by voice vote.", 
      "type": "action"
    }, 
    {
      "acted_at": "2015-06-04T10:43:53-04:00", 
      "action_code": "76000", 
      "references": [], 
      "text": "Amendment agreed to Committee of the Whole", 
      "type": "action"
    }
  ], 
  "amendment_id": "hamdt406-114", 
  "amendment_type": "hamdt", 
  "amends_amendment": null, 
  "amends_bill": {
    "bill_id": "hr2577-114", 
    "bill_type": "hr", 
    "congress": 114, 
    "number": 2577
  }, 
  "amends_treaty": null, 
  "chamber": "h", 
  "congress": "114", 
  "description": "At the end of the bill, before the short title, insert the following:    SEC.___. None of these funds made available by this Act may be used by the Federal Aviation Administration (FAA) to redesign the Phoenix Metroplex regional airspace.", 
  "introduced_at": "2015-06-04", 
  "number": 406, 
  "purpose": "An amendment to prohibit the use of funds by the Federal Aviation Administration (FAA) to redesign the Phoenix Metroplex regional airspace.", 
  "sponsor": {
    "bioguide_id": "G000574", 
    "district": "7", 
    "name": "Gallego, Ruben", 
    "state": "AZ", 
    "thomas_id": "02226", 
    "title": "Rep", 
    "type": "person"
  }, 
  "status": "pass", 
  "status_at": "2015-06-04T10:43:53-04:00", 
  "updated_at": "2016-08-26T08:52:18Z"
}