{
  "actions": [
    {
      "acted_at": "2015-03-17T15:39:54-04:00", 
      "action_code": "H32111", 
      "how": "roll", 
      "references": [], 
      "result": "pass", 
      "roll": 119, 
      "text": "On agreeing to the McKinley amendment (A002) Agreed to by recorded vote: 242 - 175 (Roll no. 119).", 
      "type": "vote", 
      "vote_type": "vote", 
      "where": "h"
    }, 
    {
      "acted_at": "2015-03-17T14:45:40-04:00", 
      "action_code": "H3A100", 
      "references": [
        {
          "reference": "CR H1687-1688, H1691", 
          "type": "consideration"
        }, 
        {
          "reference": "CR H1687", 
          "type": "text"
        }
      ], 
      "text": "Amendment (A002) offered by Mr. McKinley.", 
      "type": "action"
    }, 
    {
      "acted_at": "2015-03-17", 
      "action_code": "", 
      "references": [], 
      "text": "", 
      "type": "action"
    }, 
    {
      "acted_at": "2015-03-17", 
      "action_code": "71000", 
      "references": [], 
      "text": "House amendment offered", 
      "type": "action"
    }, 
    {
      "acted_at": "2015-03-17T14:45:40-04:00", 
      "action_code": "71500", 
      "references": [
        {
          "reference": "CR H1687-1688, H1691", 
          "type": "consideration"
        }, 
        {
          "reference": "CR H1687", 
          "type": "text"
        }
      ], 
      "text": "House amendment offered/reported by : Amendment (A002) offered by Mr. McKinley.", 
      "type": "action"
    }, 
    {
      "acted_at": "2015-03-17T15:39:54-04:00", 
      "action_code": "72000", 
      "references": [], 
      "text": "House amendment agreed to: On agreeing to the McKinley amendment (A002) Agreed to by recorded vote: 242 - 175 (Roll no. 119).", 
      "type": "action"
    }, 
    {
      "acted_at": "2015-03-17T15:39:54-04:00", 
      "action_code": "75000", 
      "references": [], 
      "text": "Roll call votes on amendments in House", 
      "type": "action"
    }, 
    {
      "acted_at": "2015-03-17T15:39:54-04:00", 
      "action_code": "76000", 
      "references": [], 
      "text": "Amendment agreed to Committee of the Whole", 
      "type": "action"
    }
  ], 
  "amendment_id": "hamdt75-114", 
  "amendment_type": "hamdt", 
  "amends_amendment": null, 
  "amends_bill": {
    "bill_id": "hr1029-114", 
    "bill_type": "hr", 
    "congress": 114, 
    "number": 1029
  }, 
  "amends_treaty": null, 
  "chamber": "h", 
  "congress": "114", 
  "description": "Amendment prohibits individuals from sitting on the Board if they are currently receiving EPA contracts or grants and would conditionally prohibit them from being allowed to apply for any EPA contracts or grants.", 
  "introduced_at": "2015-03-17", 
  "number": 75, 
  "purpose": "An amendment No. 2 printed in Part A of House Report 114-37 to prohibit an individual from sitting on the Board if they are currently receiving EPA contracts or grants and would then prohibit them from being allowed to apply for, 3 years after serving as a Board member, for any EPA contracts or grants.", 
  "sponsor": {
    "bioguide_id": "M001180", 
    "district": "1", 
    "name": "McKinley, David B.", 
    "state": "WV", 
    "thomas_id": "02074", 
    "title": "Rep", 
    "type": "person"
  }, 
  "status": "pass", 
  "status_at": "2015-03-17T15:39:54-04:00", 
  "updated_at": "2016-08-01T13:26:39Z"
}