{
  "actions": [
    {
      "acted_at": "2015-02-26T20:57:12-05:00", 
      "action_code": "H32140", 
      "references": [
        {
          "reference": "CR H1281", 
          "type": "consideration"
        }
      ], 
      "text": "By unanimous consent, the Courtney amendment was withdrawn.", 
      "type": "action"
    }, 
    {
      "acted_at": "2015-02-26T20:55:30-05:00", 
      "action_code": "H3A100", 
      "references": [
        {
          "reference": "CR H1281", 
          "type": "consideration"
        }, 
        {
          "reference": "CR H1281", 
          "type": "text"
        }
      ], 
      "text": "Amendment (A027) offered by Mr. Courtney.", 
      "type": "action"
    }, 
    {
      "acted_at": "2015-02-26", 
      "action_code": "", 
      "references": [], 
      "text": "", 
      "type": "action"
    }, 
    {
      "acted_at": "2015-02-26", 
      "action_code": "71000", 
      "references": [], 
      "text": "House amendment offered", 
      "type": "action"
    }, 
    {
      "acted_at": "2015-02-26T20:55:30-05:00", 
      "action_code": "71500", 
      "references": [
        {
          "reference": "CR H1281", 
          "type": "consideration"
        }, 
        {
          "reference": "CR H1281", 
          "type": "text"
        }
      ], 
      "text": "House amendment offered/reported by : Amendment (A027) offered by Mr. Courtney.", 
      "type": "action"
    }
  ], 
  "amendment_id": "hamdt50-114", 
  "amendment_type": "hamdt", 
  "amends_amendment": null, 
  "amends_bill": {
    "bill_id": "hr5-114", 
    "bill_type": "hr", 
    "congress": 114, 
    "number": 5
  }, 
  "amends_treaty": null, 
  "chamber": "h", 
  "congress": "114", 
  "description": null, 
  "introduced_at": "2015-02-26", 
  "number": 50, 
  "purpose": "An amendment No. 27 printed in part B of House Report 114-25 to amend 20 U.S.C. 7703 to increase weight of non-connected children residing in public-private venture (PPV) housing located on military property for the purposes of Impact Aid basic support payment calculations.", 
  "sponsor": {
    "bioguide_id": "C001069", 
    "district": "2", 
    "name": "Courtney, Joe", 
    "state": "CT", 
    "thomas_id": "01836", 
    "title": "Rep", 
    "type": "person"
  }, 
  "status": "offered", 
  "status_at": "2015-02-26", 
  "updated_at": "2016-08-01T13:26:00Z"
}