{
  "actions": [
    {
      "acted_at": "2015-06-03T23:23:33-04:00", 
      "action_code": "H32130", 
      "references": [], 
      "text": "Mr. Diaz-Balart raised a point of order against the Norton amendment (A030). Mr. Diaz-Balart stated that the amendment seeks to cause a net increase in budget authority in violation of the provisions of H. Res. 5. The Chair sustained the point of order.", 
      "type": "action"
    }, 
    {
      "acted_at": "2015-06-03T23:20:01-04:00", 
      "action_code": "H3A100", 
      "references": [
        {
          "reference": "CR H3860-3861", 
          "type": "consideration"
        }, 
        {
          "reference": "CR H3860", 
          "type": "text"
        }
      ], 
      "text": "Amendment (A030) offered by Ms. Norton.", 
      "type": "action"
    }, 
    {
      "acted_at": "2015-06-03", 
      "action_code": "", 
      "references": [], 
      "text": "", 
      "type": "action"
    }, 
    {
      "acted_at": "2015-06-03", 
      "action_code": "71000", 
      "references": [], 
      "text": "House amendment offered", 
      "type": "action"
    }, 
    {
      "acted_at": "2015-06-03T23:20:01-04:00", 
      "action_code": "71500", 
      "references": [
        {
          "reference": "CR H3860-3861", 
          "type": "consideration"
        }, 
        {
          "reference": "CR H3860", 
          "type": "text"
        }
      ], 
      "text": "House amendment offered/reported by : Amendment (A030) offered by Ms. Norton.", 
      "type": "action"
    }
  ], 
  "amendment_id": "hamdt385-114", 
  "amendment_type": "hamdt", 
  "amends_amendment": null, 
  "amends_bill": {
    "bill_id": "hr2577-114", 
    "bill_type": "hr", 
    "congress": 114, 
    "number": 2577
  }, 
  "amends_treaty": null, 
  "chamber": "h", 
  "congress": "114", 
  "description": null, 
  "introduced_at": "2015-06-03", 
  "number": 385, 
  "purpose": "An amendment to increase the funding for the Public and Indian Housing Programs Tenant-Based Rental Assistance by $512,000,000.", 
  "sponsor": {
    "bioguide_id": "N000147", 
    "district": null, 
    "name": "Norton, Eleanor Holmes", 
    "state": "DC", 
    "thomas_id": "00868", 
    "title": "Rep", 
    "type": "person"
  }, 
  "status": "offered", 
  "status_at": "2015-06-03", 
  "updated_at": "2016-08-26T08:52:19Z"
}