{
  "actions": [
    {
      "acted_at": "2015-06-02T20:19:09-04:00", 
      "action_code": "H32111", 
      "how": "by voice vote", 
      "references": [], 
      "result": "pass", 
      "text": "On agreeing to the Connolly amendment (A036) Agreed to by voice vote.", 
      "type": "vote", 
      "vote_type": "vote", 
      "where": "h"
    }, 
    {
      "acted_at": "2015-06-02T20:14:48-04:00", 
      "action_code": "H3A100", 
      "references": [
        {
          "reference": "CR H3709-3710", 
          "type": "consideration"
        }, 
        {
          "reference": "CR H3709", 
          "type": "text"
        }
      ], 
      "text": "Amendment (A036) offered by Mr. Connolly.", 
      "type": "action"
    }, 
    {
      "acted_at": "2015-06-02", 
      "action_code": "", 
      "references": [], 
      "text": "", 
      "type": "action"
    }, 
    {
      "acted_at": "2015-06-02", 
      "action_code": "71000", 
      "references": [], 
      "text": "House amendment offered", 
      "type": "action"
    }, 
    {
      "acted_at": "2015-06-02T20:14:48-04:00", 
      "action_code": "71500", 
      "references": [
        {
          "reference": "CR H3709-3710", 
          "type": "consideration"
        }, 
        {
          "reference": "CR H3709", 
          "type": "text"
        }
      ], 
      "text": "House amendment offered/reported by : Amendment (A036) offered by Mr. Connolly.", 
      "type": "action"
    }, 
    {
      "acted_at": "2015-06-02T20:19:09-04:00", 
      "action_code": "72000", 
      "references": [], 
      "text": "House amendment agreed to: On agreeing to the Connolly amendment (A036) Agreed to by voice vote.", 
      "type": "action"
    }, 
    {
      "acted_at": "2015-06-02T20:19:09-04:00", 
      "action_code": "76000", 
      "references": [], 
      "text": "Amendment agreed to Committee of the Whole", 
      "type": "action"
    }
  ], 
  "amendment_id": "hamdt304-114", 
  "amendment_type": "hamdt", 
  "amends_amendment": null, 
  "amends_bill": {
    "bill_id": "hr2578-114", 
    "bill_type": "hr", 
    "congress": 114, 
    "number": 2578
  }, 
  "amends_treaty": null, 
  "chamber": "h", 
  "congress": "114", 
  "description": "Amendment increases funding for Veterans Treatment Courts by $1 million.", 
  "introduced_at": "2015-06-02", 
  "number": 304, 
  "purpose": "An amendment to reduce funding for salaries and expenses of the Federal Prison System by $1 million and increase funding for veterans treatment courts by a similar amount.", 
  "sponsor": {
    "bioguide_id": "C001078", 
    "district": "11", 
    "name": "Connolly, Gerald E.", 
    "state": "VA", 
    "thomas_id": "01959", 
    "title": "Rep", 
    "type": "person"
  }, 
  "status": "pass", 
  "status_at": "2015-06-02T20:19:09-04:00", 
  "updated_at": "2016-08-01T13:27:41Z"
}