{
  "actions": [
    {
      "acted_at": "2015-04-29T22:18:49-04:00", 
      "action_code": "H32111", 
      "how": "by voice vote", 
      "references": [], 
      "result": "fail", 
      "text": "On agreeing to the Beyer amendment (A011) Failed by voice vote.", 
      "type": "vote", 
      "vote_type": "vote", 
      "where": "h"
    }, 
    {
      "acted_at": "2015-04-29T22:12:33-04:00", 
      "action_code": "H3A100", 
      "references": [
        {
          "reference": "CR H2641-2642", 
          "type": "consideration"
        }, 
        {
          "reference": "CR H2641", 
          "type": "text"
        }
      ], 
      "text": "Amendment (A011) offered by Mr. Beyer.", 
      "type": "action"
    }, 
    {
      "acted_at": "2015-04-29", 
      "action_code": "", 
      "references": [], 
      "text": "", 
      "type": "action"
    }, 
    {
      "acted_at": "2015-04-29", 
      "action_code": "71000", 
      "references": [], 
      "text": "House amendment offered", 
      "type": "action"
    }, 
    {
      "acted_at": "2015-04-29T22:12:33-04:00", 
      "action_code": "71500", 
      "references": [
        {
          "reference": "CR H2641-2642", 
          "type": "consideration"
        }, 
        {
          "reference": "CR H2641", 
          "type": "text"
        }
      ], 
      "text": "House amendment offered/reported by : Amendment (A011) offered by Mr. Beyer.", 
      "type": "action"
    }, 
    {
      "acted_at": "2015-04-29T22:18:49-04:00", 
      "action_code": "73000", 
      "references": [], 
      "text": "House amendment not agreed to: On agreeing to the Beyer amendment (A011) Failed by voice vote.", 
      "type": "action"
    }, 
    {
      "acted_at": "2015-04-29T22:18:49-04:00", 
      "action_code": "77000", 
      "references": [], 
      "text": "Amendment failed in Committee of the Whole", 
      "type": "action"
    }
  ], 
  "amendment_id": "hamdt161-114", 
  "amendment_type": "hamdt", 
  "amends_amendment": null, 
  "amends_bill": {
    "bill_id": "hr2028-114", 
    "bill_type": "hr", 
    "congress": 114, 
    "number": 2028
  }, 
  "amends_treaty": null, 
  "chamber": "h", 
  "congress": "114", 
  "description": "Amendment sought to strike section 105 from the bill which prohibits use of funds by the Corps of Engineers to develop, adopt, implement, administer, or enforce any change to the regulations and guidance pertaining to the definition of waters under the Federal Water Pollution Control Act.", 
  "introduced_at": "2015-04-29", 
  "number": 161, 
  "purpose": "An amendment to strike section 105 from the bill. Section 105 prohibits use of funds in the bill by the Corps of Engineers to develop, adopt, implement, administer, or enforce any change to the regulations and guidance pertaining to the definition of waters under the Federal Water Pollution Control Act.", 
  "sponsor": {
    "bioguide_id": "B001292", 
    "district": "8", 
    "name": "Beyer, Donald S., Jr.", 
    "state": "VA", 
    "thomas_id": "02272", 
    "title": "Rep", 
    "type": "person"
  }, 
  "status": "fail", 
  "status_at": "2015-04-29T22:18:49-04:00", 
  "updated_at": "2016-08-01T13:27:19Z"
}