{
  "actions": [
    {
      "acted_at": "2015-04-30T18:40:08-04:00", 
      "action_code": "H32111", 
      "how": "roll", 
      "references": [
        {
          "reference": "CR H2705-2706", 
          "type": "consideration"
        }
      ], 
      "result": "fail", 
      "roll": 188, 
      "text": "On agreeing to the Blumenauer amendment (A023) Failed by recorded vote: 210 - 213 (Roll no. 188).", 
      "type": "vote", 
      "vote_type": "vote", 
      "where": "h"
    }, 
    {
      "acted_at": "2015-04-29T18:08:51-04:00", 
      "action_code": "H3A100", 
      "references": [
        {
          "reference": "CR H2607-2609", 
          "type": "consideration"
        }, 
        {
          "reference": "CR H2607", 
          "type": "text"
        }
      ], 
      "text": "Amendment (A023) offered by Mr. Blumenauer.", 
      "type": "action"
    }, 
    {
      "acted_at": "2015-04-29", 
      "action_code": "", 
      "references": [], 
      "text": "", 
      "type": "action"
    }, 
    {
      "acted_at": "2015-04-29", 
      "action_code": "71000", 
      "references": [], 
      "text": "House amendment offered", 
      "type": "action"
    }, 
    {
      "acted_at": "2015-04-29T18:08:51-04:00", 
      "action_code": "71500", 
      "references": [
        {
          "reference": "CR H2607-2609", 
          "type": "consideration"
        }, 
        {
          "reference": "CR H2607", 
          "type": "text"
        }
      ], 
      "text": "House amendment offered/reported by : Amendment (A023) offered by Mr. Blumenauer.", 
      "type": "action"
    }, 
    {
      "acted_at": "2015-04-30T18:40:08-04:00", 
      "action_code": "73000", 
      "references": [
        {
          "reference": "CR H2705-2706", 
          "type": "consideration"
        }
      ], 
      "text": "House amendment not agreed to: On agreeing to the Blumenauer amendment (A023) Failed by recorded vote: 210 - 213 (Roll no. 188).", 
      "type": "action"
    }, 
    {
      "acted_at": "2015-04-30T18:40:08-04:00", 
      "action_code": "75000", 
      "references": [], 
      "text": "Roll call votes on amendments in House", 
      "type": "action"
    }, 
    {
      "acted_at": "2015-04-30T18:40:08-04:00", 
      "action_code": "77000", 
      "references": [], 
      "text": "Amendment failed in Committee of the Whole", 
      "type": "action"
    }
  ], 
  "amendment_id": "hamdt130-114", 
  "amendment_type": "hamdt", 
  "amends_amendment": null, 
  "amends_bill": {
    "bill_id": "hr2029-114", 
    "bill_type": "hr", 
    "congress": 114, 
    "number": 2029
  }, 
  "amends_treaty": null, 
  "chamber": "h", 
  "congress": "114", 
  "description": "SEC.___. None of the funds made available by this Act may be used to implement, administer, or enforce Veterans Health Administration directive 2011-004 (or directive of the same substance) with respect to the prohibition on \"VA providers from completing forms seeking recommendations or opinions regarding a Veteran's participation in a State marijuana program\".", 
  "introduced_at": "2015-04-29", 
  "number": 130, 
  "purpose": "An amendment to prohibit the use of funds to implement, administer, or enforce Veterans Health Administration directive 2011-004 with respect to the prohibition on \"VA providers for completing forms seeking recommendations or opinions regarding a Veteran's participation in a State marijuana program\".", 
  "sponsor": {
    "bioguide_id": "B000574", 
    "district": "3", 
    "name": "Blumenauer, Earl", 
    "state": "OR", 
    "thomas_id": "00099", 
    "title": "Rep", 
    "type": "person"
  }, 
  "status": "fail", 
  "status_at": "2015-04-30T18:40:08-04:00", 
  "updated_at": "2016-08-01T13:27:20Z"
}