{
  "actions": [
    {
      "acted_at": "2015-06-09T19:35:18-04:00", 
      "action_code": "H32111", 
      "how": "roll", 
      "references": [
        {
          "reference": "CR H3969-3970", 
          "type": "consideration"
        }
      ], 
      "result": "fail", 
      "roll": 316, 
      "text": "On agreeing to the Schiff amendment (A055) Failed by recorded vote: 157 - 266 (Roll no. 316).", 
      "type": "vote", 
      "vote_type": "vote", 
      "where": "h"
    }, 
    {
      "acted_at": "2015-06-04T11:00:53-04:00", 
      "action_code": "H3A100", 
      "references": [
        {
          "reference": "CR H3894-3895", 
          "type": "consideration"
        }, 
        {
          "reference": "CR H3894", 
          "type": "text"
        }
      ], 
      "text": "Amendment (A055) offered by Mr. Schiff.", 
      "type": "action"
    }, 
    {
      "acted_at": "2015-06-04", 
      "action_code": "", 
      "references": [], 
      "text": "", 
      "type": "action"
    }, 
    {
      "acted_at": "2015-06-04", 
      "action_code": "71000", 
      "references": [], 
      "text": "House amendment offered", 
      "type": "action"
    }, 
    {
      "acted_at": "2015-06-04T11:00:53-04:00", 
      "action_code": "71500", 
      "references": [
        {
          "reference": "CR H3894-3895", 
          "type": "consideration"
        }, 
        {
          "reference": "CR H3894", 
          "type": "text"
        }
      ], 
      "text": "House amendment offered/reported by : Amendment (A055) offered by Mr. Schiff.", 
      "type": "action"
    }, 
    {
      "acted_at": "2015-06-09T19:35:18-04:00", 
      "action_code": "73000", 
      "references": [
        {
          "reference": "CR H3969-3970", 
          "type": "consideration"
        }
      ], 
      "text": "House amendment not agreed to: On agreeing to the Schiff amendment (A055) Failed by recorded vote: 157 - 266 (Roll no. 316).", 
      "type": "action"
    }, 
    {
      "acted_at": "2015-06-09T19:35:18-04:00", 
      "action_code": "75000", 
      "references": [], 
      "text": "Roll call votes on amendments in House", 
      "type": "action"
    }, 
    {
      "acted_at": "2015-06-09T19:35:18-04:00", 
      "action_code": "77000", 
      "references": [], 
      "text": "Amendment failed in Committee of the Whole", 
      "type": "action"
    }
  ], 
  "amendment_id": "hamdt410-114", 
  "amendment_type": "hamdt", 
  "amends_amendment": null, 
  "amends_bill": {
    "bill_id": "hr2577-114", 
    "bill_type": "hr", 
    "congress": 114, 
    "number": 2577
  }, 
  "amends_treaty": null, 
  "chamber": "h", 
  "congress": "114", 
  "description": "Amendment sought to prohibit the use of funds to enforce section 47524 of title 49, with regard to noise or access restriction of the Bob Hope Airport in Burbank, CA.", 
  "introduced_at": "2015-06-04", 
  "number": 410, 
  "purpose": "An amendment to prohibit the use of funds to enforce section 47524 of title 49, with regard to noise or access restriction of the Bob Hope Airport in Burbank, CA.", 
  "sponsor": {
    "bioguide_id": "S001150", 
    "district": "28", 
    "name": "Schiff, Adam B.", 
    "state": "CA", 
    "thomas_id": "01635", 
    "title": "Rep", 
    "type": "person"
  }, 
  "status": "fail", 
  "status_at": "2015-06-09T19:35:18-04:00", 
  "updated_at": "2016-08-26T08:52:19Z"
}