{
  "actions": [
    {
      "acted_at": "2015-03-04T13:25:33-05:00", 
      "action_code": "H32111", 
      "how": "by voice vote", 
      "references": [], 
      "result": "pass", 
      "text": "On agreeing to the McNerney amendment (A001) Agreed to by voice vote.", 
      "type": "vote", 
      "vote_type": "vote", 
      "where": "h"
    }, 
    {
      "acted_at": "2015-03-04T13:21:10-05:00", 
      "action_code": "H3A100", 
      "references": [
        {
          "reference": "CR H1593", 
          "type": "consideration"
        }, 
        {
          "reference": "CR H1593", 
          "type": "text"
        }
      ], 
      "text": "Amendment (A001) offered by Mr. McNerney.", 
      "type": "action"
    }, 
    {
      "acted_at": "2015-03-04", 
      "action_code": "", 
      "references": [], 
      "text": "", 
      "type": "action"
    }, 
    {
      "acted_at": "2015-03-04", 
      "action_code": "71000", 
      "references": [], 
      "text": "House amendment offered", 
      "type": "action"
    }, 
    {
      "acted_at": "2015-03-04T13:21:10-05:00", 
      "action_code": "71500", 
      "references": [
        {
          "reference": "CR H1593", 
          "type": "consideration"
        }, 
        {
          "reference": "CR H1593", 
          "type": "text"
        }
      ], 
      "text": "House amendment offered/reported by : Amendment (A001) offered by Mr. McNerney.", 
      "type": "action"
    }, 
    {
      "acted_at": "2015-03-04T13:25:33-05:00", 
      "action_code": "72000", 
      "references": [], 
      "text": "House amendment agreed to: On agreeing to the McNerney amendment (A001) Agreed to by voice vote.", 
      "type": "action"
    }, 
    {
      "acted_at": "2015-03-04T13:25:33-05:00", 
      "action_code": "76000", 
      "references": [], 
      "text": "Amendment agreed to Committee of the Whole", 
      "type": "action"
    }
  ], 
  "amendment_id": "hamdt67-114", 
  "amendment_type": "hamdt", 
  "amends_amendment": null, 
  "amends_bill": {
    "bill_id": "hr749-114", 
    "bill_type": "hr", 
    "congress": 114, 
    "number": 749
  }, 
  "amends_treaty": null, 
  "chamber": "h", 
  "congress": "114", 
  "description": "Amendment ensures that socially and economically disadvantaged businesses requests for proposals are considered for station development opportunities under the bill.", 
  "introduced_at": "2015-03-04", 
  "number": 67, 
  "purpose": null, 
  "sponsor": {
    "bioguide_id": "M001166", 
    "district": "9", 
    "name": "McNerney, Jerry", 
    "state": "CA", 
    "thomas_id": "01832", 
    "title": "Rep", 
    "type": "person"
  }, 
  "status": "pass", 
  "status_at": "2015-03-04T13:25:33-05:00", 
  "updated_at": "2016-08-01T13:26:31Z"
}