{
  "actions": [
    {
      "acted_at": "2015-06-02T18:47:47-04:00", 
      "action_code": "H32111", 
      "how": "roll", 
      "references": [], 
      "result": "fail", 
      "roll": 271, 
      "text": "On agreeing to the Esty amendment (A009) Failed by recorded vote: 213 - 214 (Roll no. 271).", 
      "type": "vote", 
      "vote_type": "vote", 
      "where": "h"
    }, 
    {
      "acted_at": "2015-06-02T16:20:10-04:00", 
      "action_code": "H3A100", 
      "references": [
        {
          "reference": "CR H3683-3684, H3698", 
          "type": "consideration"
        }, 
        {
          "reference": "CR H3683", 
          "type": "text"
        }
      ], 
      "text": "Amendment (A009) offered by Ms. Esty.", 
      "type": "action"
    }, 
    {
      "acted_at": "2015-06-02", 
      "action_code": "", 
      "references": [], 
      "text": "", 
      "type": "action"
    }, 
    {
      "acted_at": "2015-06-02", 
      "action_code": "71000", 
      "references": [], 
      "text": "House amendment offered", 
      "type": "action"
    }, 
    {
      "acted_at": "2015-06-02T16:20:10-04:00", 
      "action_code": "71500", 
      "references": [
        {
          "reference": "CR H3683-3684, H3698", 
          "type": "consideration"
        }, 
        {
          "reference": "CR H3683", 
          "type": "text"
        }
      ], 
      "text": "House amendment offered/reported by : Amendment (A009) offered by Ms. Esty.", 
      "type": "action"
    }, 
    {
      "acted_at": "2015-06-02T18:47:47-04:00", 
      "action_code": "73000", 
      "references": [], 
      "text": "House amendment not agreed to: On agreeing to the Esty amendment (A009) Failed by recorded vote: 213 - 214 (Roll no. 271).", 
      "type": "action"
    }, 
    {
      "acted_at": "2015-06-02T18:47:47-04:00", 
      "action_code": "75000", 
      "references": [], 
      "text": "Roll call votes on amendments in House", 
      "type": "action"
    }, 
    {
      "acted_at": "2015-06-02T18:47:47-04:00", 
      "action_code": "77000", 
      "references": [], 
      "text": "Amendment failed in Committee of the Whole", 
      "type": "action"
    }
  ], 
  "amendment_id": "hamdt277-114", 
  "amendment_type": "hamdt", 
  "amends_amendment": null, 
  "amends_bill": {
    "bill_id": "hr2578-114", 
    "bill_type": "hr", 
    "congress": 114, 
    "number": 2578
  }, 
  "amends_treaty": null, 
  "chamber": "h", 
  "congress": "114", 
  "description": "Amendment sought to increase funding for industrial technologies by $11 million and reduce funding for the Federal prison system by $31 million.", 
  "introduced_at": "2015-06-02", 
  "number": 277, 
  "purpose": "An amendment to increase funding for Industrial Technology Services by $11 million and reduce funding for Buildings and Facilities of the Federal Prison System by $31 million.", 
  "sponsor": {
    "bioguide_id": "E000293", 
    "district": "5", 
    "name": "Esty, Elizabeth H.", 
    "state": "CT", 
    "thomas_id": "02114", 
    "title": "Rep", 
    "type": "person"
  }, 
  "status": "fail", 
  "status_at": "2015-06-02T18:47:47-04:00", 
  "updated_at": "2016-08-01T13:27:41Z"
}