{
  "actions": [
    {
      "acted_at": "2015-06-09T23:06:04-04:00", 
      "action_code": "H32111", 
      "how": "roll", 
      "references": [], 
      "result": "pass", 
      "roll": 326, 
      "text": "On agreeing to the Peters amendment (A075) Agreed to by recorded vote: 241 - 184, 1 Present (Roll no. 326).", 
      "type": "vote", 
      "vote_type": "vote", 
      "where": "h"
    }, 
    {
      "acted_at": "2015-06-09T21:34:02-04:00", 
      "action_code": "H3A100", 
      "references": [
        {
          "reference": "CR H3985-3986, H3995", 
          "type": "consideration"
        }, 
        {
          "reference": "CR H3985", 
          "type": "text"
        }
      ], 
      "text": "Amendment (A075) offered by Mr. Peters.", 
      "type": "action"
    }, 
    {
      "acted_at": "2015-06-09", 
      "action_code": "", 
      "references": [], 
      "text": "", 
      "type": "action"
    }, 
    {
      "acted_at": "2015-06-09", 
      "action_code": "71000", 
      "references": [], 
      "text": "House amendment offered", 
      "type": "action"
    }, 
    {
      "acted_at": "2015-06-09T21:34:02-04:00", 
      "action_code": "71500", 
      "references": [
        {
          "reference": "CR H3985-3986, H3995", 
          "type": "consideration"
        }, 
        {
          "reference": "CR H3985", 
          "type": "text"
        }
      ], 
      "text": "House amendment offered/reported by : Amendment (A075) offered by Mr. Peters.", 
      "type": "action"
    }, 
    {
      "acted_at": "2015-06-09T23:06:04-04:00", 
      "action_code": "72000", 
      "references": [], 
      "text": "House amendment agreed to: On agreeing to the Peters amendment (A075) Agreed to by recorded vote: 241 - 184, 1 Present (Roll no. 326).", 
      "type": "action"
    }, 
    {
      "acted_at": "2015-06-09T23:06:04-04:00", 
      "action_code": "75000", 
      "references": [], 
      "text": "Roll call votes on amendments in House", 
      "type": "action"
    }, 
    {
      "acted_at": "2015-06-09T23:06:04-04:00", 
      "action_code": "76000", 
      "references": [], 
      "text": "Amendment agreed to Committee of the Whole", 
      "type": "action"
    }
  ], 
  "amendment_id": "hamdt435-114", 
  "amendment_type": "hamdt", 
  "amends_amendment": null, 
  "amends_bill": {
    "bill_id": "hr2577-114", 
    "bill_type": "hr", 
    "congress": 114, 
    "number": 2577
  }, 
  "amends_treaty": null, 
  "chamber": "h", 
  "congress": "114", 
  "description": "Amendment prohibits use of funds by Federal contractors to discriminate on the basis of sexual orientation or gender identity.", 
  "introduced_at": "2015-06-09", 
  "number": 435, 
  "purpose": "An amendment to prohibit the use of funds in contravention of Executive Order 11246 (relating to Equal Employment Opportunity).", 
  "sponsor": {
    "bioguide_id": "P000608", 
    "district": "52", 
    "name": "Peters, Scott H.", 
    "state": "CA", 
    "thomas_id": "02113", 
    "title": "Rep", 
    "type": "person"
  }, 
  "status": "pass", 
  "status_at": "2015-06-09T23:06:04-04:00", 
  "updated_at": "2016-08-26T08:52:19Z"
}