{
  "actions": [
    {
      "acted_at": "2015-06-10T20:39:18-04:00", 
      "action_code": "H32111", 
      "how": "by voice vote", 
      "references": [], 
      "result": "pass", 
      "text": "On agreeing to the McCollum amendment (A032) Agreed to by voice vote.", 
      "type": "vote", 
      "vote_type": "vote", 
      "where": "h"
    }, 
    {
      "acted_at": "2015-06-10T20:33:28-04:00", 
      "action_code": "H3A100", 
      "references": [
        {
          "reference": "CR H4094-4095", 
          "type": "consideration"
        }, 
        {
          "reference": "CR H4094", 
          "type": "text"
        }
      ], 
      "text": "Amendment (A032) offered by Ms. McCollum.", 
      "type": "action"
    }, 
    {
      "acted_at": "2015-06-10", 
      "action_code": "", 
      "references": [], 
      "text": "", 
      "type": "action"
    }, 
    {
      "acted_at": "2015-06-10", 
      "action_code": "71000", 
      "references": [], 
      "text": "House amendment offered", 
      "type": "action"
    }, 
    {
      "acted_at": "2015-06-10T20:33:28-04:00", 
      "action_code": "71500", 
      "references": [
        {
          "reference": "CR H4094-4095", 
          "type": "consideration"
        }, 
        {
          "reference": "CR H4094", 
          "type": "text"
        }
      ], 
      "text": "House amendment offered/reported by : Amendment (A032) offered by Ms. McCollum.", 
      "type": "action"
    }, 
    {
      "acted_at": "2015-06-10T20:39:18-04:00", 
      "action_code": "72000", 
      "references": [], 
      "text": "House amendment agreed to: On agreeing to the McCollum amendment (A032) Agreed to by voice vote.", 
      "type": "action"
    }, 
    {
      "acted_at": "2015-06-10T20:39:18-04:00", 
      "action_code": "76000", 
      "references": [], 
      "text": "Amendment agreed to Committee of the Whole", 
      "type": "action"
    }
  ], 
  "amendment_id": "hamdt472-114", 
  "amendment_type": "hamdt", 
  "amends_amendment": null, 
  "amends_bill": {
    "bill_id": "hr2685-114", 
    "bill_type": "hr", 
    "congress": 114, 
    "number": 2685
  }, 
  "amends_treaty": null, 
  "chamber": "h", 
  "congress": "114", 
  "description": "Amendment first reduces and then increases funding for Army Operation and Maintenance by $80 million in order to provide funds for hard body armor under the Soldier Protection System Vital Torso Protection program.", 
  "introduced_at": "2015-06-10", 
  "number": 472, 
  "purpose": "An amendment to reduce funds for Army Operation and Maintenance account by $80,000,000, then increase the same by $80,000,000.", 
  "sponsor": {
    "bioguide_id": "M001143", 
    "district": "4", 
    "name": "McCollum, Betty", 
    "state": "MN", 
    "thomas_id": "01653", 
    "title": "Rep", 
    "type": "person"
  }, 
  "status": "pass", 
  "status_at": "2015-06-10T20:39:18-04:00", 
  "updated_at": "2016-08-01T13:27:47Z"
}