{
  "actions": [
    {
      "acted_at": "2015-06-02T17:08:33-04:00", 
      "action_code": "H32140", 
      "references": [
        {
          "reference": "CR H3689", 
          "type": "consideration"
        }
      ], 
      "text": "By unanimous consent, the Keating amendment was withdrawn.", 
      "type": "action"
    }, 
    {
      "acted_at": "2015-06-02T17:04:21-04:00", 
      "action_code": "H3A100", 
      "references": [
        {
          "reference": "CR H3688-3689", 
          "type": "consideration"
        }, 
        {
          "reference": "CR H3688", 
          "type": "text"
        }
      ], 
      "text": "Amendment (A015) offered by Mr. Keating.", 
      "type": "action"
    }, 
    {
      "acted_at": "2015-06-02", 
      "action_code": "", 
      "references": [], 
      "text": "", 
      "type": "action"
    }, 
    {
      "acted_at": "2015-06-02", 
      "action_code": "71000", 
      "references": [], 
      "text": "House amendment offered", 
      "type": "action"
    }, 
    {
      "acted_at": "2015-06-02T17:04:21-04:00", 
      "action_code": "71500", 
      "references": [
        {
          "reference": "CR H3688-3689", 
          "type": "consideration"
        }, 
        {
          "reference": "CR H3688", 
          "type": "text"
        }
      ], 
      "text": "House amendment offered/reported by : Amendment (A015) offered by Mr. Keating.", 
      "type": "action"
    }
  ], 
  "amendment_id": "hamdt283-114", 
  "amendment_type": "hamdt", 
  "amends_amendment": null, 
  "amends_bill": {
    "bill_id": "hr2578-114", 
    "bill_type": "hr", 
    "congress": 114, 
    "number": 2578
  }, 
  "amends_treaty": null, 
  "chamber": "h", 
  "congress": "114", 
  "description": null, 
  "introduced_at": "2015-06-02", 
  "number": 283, 
  "purpose": "An amendment to reduce and then increase funding for NOAA Operations, Research, and Facilities by $1,750,000 million.", 
  "sponsor": {
    "bioguide_id": "K000375", 
    "district": "9", 
    "name": "Keating, William R.", 
    "state": "MA", 
    "thomas_id": "02025", 
    "title": "Rep", 
    "type": "person"
  }, 
  "status": "offered", 
  "status_at": "2015-06-02", 
  "updated_at": "2016-08-01T13:27:41Z"
}