{
  "actions": [
    {
      "acted_at": "2015-06-11T00:36:18-04:00", 
      "action_code": "H32111", 
      "how": "by voice vote", 
      "references": [], 
      "result": "pass", 
      "text": "On agreeing to the Gosar amendment (A056) Agreed to by voice vote.", 
      "type": "vote", 
      "vote_type": "vote", 
      "where": "h"
    }, 
    {
      "acted_at": "2015-06-11T00:36:13-04:00", 
      "action_code": "H3A100", 
      "references": [
        {
          "reference": "CR 06/10/2015 H4125", 
          "type": "consideration"
        }, 
        {
          "reference": "CR 06/10/2015 H4125", 
          "type": "text"
        }
      ], 
      "text": "Amendment (A056) offered by Mr. Gosar.", 
      "type": "action"
    }, 
    {
      "acted_at": "2015-06-11", 
      "action_code": "", 
      "references": [], 
      "text": "", 
      "type": "action"
    }, 
    {
      "acted_at": "2015-06-11", 
      "action_code": "71000", 
      "references": [], 
      "text": "House amendment offered", 
      "type": "action"
    }, 
    {
      "acted_at": "2015-06-11T00:36:13-04:00", 
      "action_code": "71500", 
      "references": [
        {
          "reference": "CR 06/10/2015 H4125", 
          "type": "consideration"
        }, 
        {
          "reference": "CR 06/10/2015 H4125", 
          "type": "text"
        }
      ], 
      "text": "House amendment offered/reported by : Amendment (A056) offered by Mr. Gosar.", 
      "type": "action"
    }, 
    {
      "acted_at": "2015-06-11T00:36:18-04:00", 
      "action_code": "72000", 
      "references": [], 
      "text": "House amendment agreed to: On agreeing to the Gosar amendment (A056) Agreed to by voice vote.", 
      "type": "action"
    }, 
    {
      "acted_at": "2015-06-11T00:36:18-04:00", 
      "action_code": "76000", 
      "references": [], 
      "text": "Amendment agreed to Committee of the Whole", 
      "type": "action"
    }
  ], 
  "amendment_id": "hamdt496-114", 
  "amendment_type": "hamdt", 
  "amends_amendment": null, 
  "amends_bill": {
    "bill_id": "hr2685-114", 
    "bill_type": "hr", 
    "congress": 114, 
    "number": 2685
  }, 
  "amends_treaty": null, 
  "chamber": "h", 
  "congress": "114", 
  "description": "At the end of the bill (before the short title), insert the following newsection:    SEC.___. None of the funds made available by this Act may be used for Government Travel Charge Card expenses by military or civilian personnel of the Department of Defense for gaming, or for entertainment that includes topless or nude entertainers or participants, as prohibited by Department of Defense FMR, Volume 9, Chapter 3 and Department of Defense Instruction 1015.10 (enclosure 3, 14a and 14b).", 
  "introduced_at": "2015-06-11", 
  "number": 496, 
  "purpose": "An amendment to prohibit use of funds for Government Travel Charge Card expenses by military or civilian personnel of DOD for gaming, or entertainment that includes topless or nude entertainers or participants.", 
  "sponsor": {
    "bioguide_id": "G000565", 
    "district": "4", 
    "name": "Gosar, Paul A.", 
    "state": "AZ", 
    "thomas_id": "01992", 
    "title": "Rep", 
    "type": "person"
  }, 
  "status": "pass", 
  "status_at": "2015-06-11T00:36:18-04:00", 
  "updated_at": "2016-08-01T13:27:47Z"
}