{
  "actions": [
    {
      "acted_at": "2015-06-02T22:26:31-04:00", 
      "action_code": "H32140", 
      "references": [
        {
          "reference": "CR H3730", 
          "type": "consideration"
        }
      ], 
      "text": "By unanimous consent, the Lee amendment was withdrawn.", 
      "type": "action"
    }, 
    {
      "acted_at": "2015-06-02T22:20:22-04:00", 
      "action_code": "H3A100", 
      "references": [
        {
          "reference": "CR H3729-3730", 
          "type": "consideration"
        }, 
        {
          "reference": "CR H3729-3730", 
          "type": "text"
        }
      ], 
      "text": "Amendment (A047) offered by Ms. Lee.", 
      "type": "action"
    }, 
    {
      "acted_at": "2015-06-02", 
      "action_code": "", 
      "references": [], 
      "text": "", 
      "type": "action"
    }, 
    {
      "acted_at": "2015-06-02", 
      "action_code": "71000", 
      "references": [], 
      "text": "House amendment offered", 
      "type": "action"
    }, 
    {
      "acted_at": "2015-06-02T22:20:22-04:00", 
      "action_code": "71500", 
      "references": [
        {
          "reference": "CR H3729-3730", 
          "type": "consideration"
        }, 
        {
          "reference": "CR H3729-3730", 
          "type": "text"
        }
      ], 
      "text": "House amendment offered/reported by : Amendment (A047) offered by Ms. Lee.", 
      "type": "action"
    }
  ], 
  "amendment_id": "hamdt315-114", 
  "amendment_type": "hamdt", 
  "amends_amendment": null, 
  "amends_bill": {
    "bill_id": "hr2578-114", 
    "bill_type": "hr", 
    "congress": 114, 
    "number": 2578
  }, 
  "amends_treaty": null, 
  "chamber": "h", 
  "congress": "114", 
  "description": null, 
  "introduced_at": "2015-06-02", 
  "number": 315, 
  "purpose": "An amendment to provide for States to require all individuals enrolled in an academy of a law enforcement agency of the State and all law enforcement officers of the State fulfill a training session on sensitivity each fiscal year, including training on ethnic and racial bias, cultural diversity, and police interaction with the disabled, mentally ill, and new immigrants.", 
  "sponsor": {
    "bioguide_id": "L000551", 
    "district": "13", 
    "name": "Lee, Barbara", 
    "state": "CA", 
    "thomas_id": "01501", 
    "title": "Rep", 
    "type": "person"
  }, 
  "status": "offered", 
  "status_at": "2015-06-02", 
  "updated_at": "2016-08-01T13:27:41Z"
}